transect,date,width_m,note
0,5/6/2017,42.16828250086856,
0,6/5/2017,,no intersection
0,8/2/2017,35.680854423711814,
0,9/27/2017,,no intersection
0,10/14/2017,25.949712307949785,
0,11/27/2017,,no intersection
0,12/23/2017,,no intersection
0,1/6/2018,29.19342634655507,
0,2/10/2018,32.43714038516036,
0,3/27/2018,45.41199653942001,
0,4/2/2018,45.41199653942001,
0,6/10/2018,51.89942461595341,
0,7/15/2018,55.14313865450486,
0,8/31/2018,64.87428077026689,
0,9/13/2018,60.161395331000975,
0,10/15/2018,61.63056673171543,
0,11/16/2018,45.55728673468788,
0,12/13/2018,26.536296238520467,
0,1/1/2019,34.42493446727461,
0,2/22/2019,29.19342634655507,
0,4/30/2019,29.19342634655507,
0,5/20/2019,25.949712307949785,
0,6/18/2019,45.344035290356786,
0,7/17/2019,45.41199653942001,
0,8/19/2019,55.14313865450486,
0,9/8/2019,58.38685269311014,
0,10/7/2019,56.68963900199348,
0,11/22/2019,40.91236254443135,
0,12/5/2019,35.680854423711814,
0,1/31/2020,32.43714038516036,
0,2/12/2020,35.680854423711814,
0,3/12/2020,38.92456846226327,
0,5/23/2020,48.65571057734812,
0,6/17/2020,,no intersection
0,7/15/2020,56.68963900199348,
0,9/23/2020,71.36170884742363,
0,10/22/2020,32.43714038510653,
0,11/21/2020,42.16828250086856,
0,12/23/2020,,no intersection
0,1/23/2021,25.94971230800362,
0,2/7/2021,29.19342634655507,
0,3/16/2021,29.19342634655507,
0,4/14/2021,37.45539706160264,
0,5/7/2021,35.680854423711814,
0,5/23/2021,56.68963900199348,
0,6/6/2021,22.70599826939833,
0,8/17/2021,43.94282513875938,
0,9/11/2021,45.55728673468788,
0,9/30/2021,38.92456846226327,
0,10/11/2021,32.43714038510653,
0,11/11/2021,19.462284230846876,
0,12/9/2021,32.43714038510653,
0,1/12/2022,29.19342634655507,
0,2/11/2022,29.19342634655507,
0,3/5/2022,21.23682687,
0,4/26/2022,9.731142115708195,
0,5/17/2022,19.462284230793042,
0,7/15/2022,29.19342634655507,
0,9/5/2022,45.41199653879666,
0,9/16/2022,,no intersection
0,11/18/2022,42.16828250086856,
0,12/17/2022,42.16828250086856,
0,1/25/2023,27.724254945894444,
0,2/9/2023,,no intersection
0,6/18/2023,40.69911110020793,
0,7/28/2023,45.41199653942001,
0,9/7/2023,42.16828250086856,
0,10/6/2023,45.41199653942001,
0,11/7/2023,29.19342634655507,
1,5/6/2017,43.701199414856944,
1,6/5/2017,,no intersection
1,8/2/2017,39.311484383125105,
1,9/27/2017,,no intersection
1,10/14/2017,25.94971230816512,
1,11/27/2017,,no intersection
1,12/23/2017,,no intersection
1,1/6/2018,29.19342634677041,
1,2/10/2018,32.43714039,
1,3/27/2018,42.16828250051438,
1,4/2/2018,45.41199653844249,
1,6/10/2018,55.14313865420452,
1,7/15/2018,58.386852692863634,
1,8/31/2018,68.11799480794848,
1,9/13/2018,68.11799480794848,
1,10/15/2018,64.87428077002038,
1,11/16/2018,58.386852693486986,
1,12/13/2018,29.19342634677041,
1,1/1/2019,29.58034226798642,
1,2/22/2019,29.19342634677041,
1,4/30/2019,32.437140384698516,
1,5/20/2019,32.437140384698516,
1,6/18/2019,42.16828250051438,
1,7/17/2019,48.65571057704778,
1,8/19/2019,55.27484541662667,
1,9/8/2019,61.76227349383724,
1,10/7/2019,61.63056673141509,
1,11/22/2019,39.311484383125105,
1,12/5/2019,29.19342634677041,
1,1/31/2020,36.06777035,
1,2/12/2020,38.92456846258627,
1,3/12/2020,42.16828250051438,
1,5/23/2020,51.89942461565306,
1,6/17/2020,,no intersection
1,7/15/2020,68.11799480794848,
1,9/23/2020,68.11799480794848,
1,10/22/2020,32.437140384698516,
1,11/21/2020,38.92456846190909,
1,12/23/2020,,no intersection
1,1/23/2021,27.923922956648806,
1,2/7/2021,32.43714039,
1,3/16/2021,32.43714039,
1,4/14/2021,36.06777035,
1,5/7/2021,38.92456846190909,
1,5/23/2021,55.143138654881696,
1,6/6/2021,29.19342634609323,
1,8/17/2021,51.89942461565306,
1,9/11/2021,51.84504680340513,
1,9/30/2021,32.43714039,
1,10/11/2021,32.437140384698516,
1,11/11/2021,22.70599826955983,
1,12/9/2021,35.680854423303806,
1,1/12/2022,22.705998269505997,
1,2/11/2022,25.94971230816512,
1,3/5/2022,19.462284230954545,
1,4/26/2022,6.487428076533394,
1,5/17/2022,22.70599826955983,
1,7/15/2022,32.43714039,
1,9/5/2022,48.65571057772496,
1,9/16/2022,,no intersection
1,11/18/2022,45.35761872619456,
1,12/17/2022,42.16828250051438,
1,1/25/2023,22.70599826955983,
1,2/9/2023,,no intersection
1,6/18/2023,42.29998926293653,
1,7/28/2023,55.14313865420452,
1,9/7/2023,51.89942461627641,
1,10/6/2023,42.16828250051438,
1,11/7/2023,31.167636995254092,
10,5/6/2017,19.462284230793042,
10,6/5/2017,,no intersection
10,8/2/2017,45.41199653942001,
10,9/27/2017,,no intersection
10,10/14/2017,30.680851412022246,
10,11/27/2017,25.949712307949785,
10,12/23/2017,,no intersection
10,1/6/2018,32.43714038510653,
10,2/10/2018,19.462284230846876,
10,3/27/2018,24.193423334865503,
10,4/2/2018,22.70599826939833,
10,6/10/2018,35.76706933752775,
10,7/15/2018,38.39705981376787,
10,8/31/2018,64.87428077026689,
10,9/13/2018,69.60541987433935,
10,10/15/2018,58.38685269311014,
10,11/16/2018,45.41199653879666,
10,12/13/2018,9.731142116,
10,1/1/2019,19.462284230793042,
10,2/22/2019,29.19342634655507,
10,4/30/2019,35.680854423711814,
10,5/20/2019,25.594633486462907,
10,6/18/2019,29.19342634655507,
10,7/17/2019,71.36170884742363,
10,8/19/2019,63.10910583014083,
10,9/8/2019,,no intersection
10,10/7/2019,51.89942461595341,
10,11/22/2019,33.92456545062753,
10,12/5/2019,30.680851412022246,
10,1/31/2020,29.19342634655507,
10,2/12/2020,18.934775582243805,
10,3/12/2020,37.168279489178985,
10,5/23/2020,51.89942461595341,
10,6/17/2020,51.89942461663058,
10,7/15/2020,58.38685269311014,
10,9/23/2020,71.36170884742363,
10,10/22/2020,25.949712307949785,
10,11/21/2020,45.41199653942001,
10,12/23/2020,,no intersection
10,1/23/2021,22.70599826939833,
10,2/7/2021,19.462284230793042,
10,3/16/2021,25.949712307949785,
10,4/14/2021,35.680854423711814,
10,5/7/2021,32.43714038510653,
10,5/23/2021,51.89942461595341,
10,6/6/2021,33.92456545062753,
10,8/17/2021,51.89942461595341,
10,9/11/2021,53.38684968142058,
10,9/30/2021,35.680854423711814,
10,10/11/2021,41.19948011690884,
10,11/11/2021,29.19342634655507,
10,12/9/2021,30.680851412022246,
10,1/12/2022,19.462284231470225,
10,2/11/2022,25.949712307949785,
10,3/5/2022,37.955766078357385,
10,4/26/2022,19.462284231470225,
10,5/17/2022,45.41199653947385,
10,7/15/2022,32.43714038510653,
10,9/5/2022,43.65570756633573,
10,9/16/2022,,no intersection
10,11/18/2022,48.655710577401955,
10,12/17/2022,48.655710577401955,
10,1/25/2023,23.66591468631627,
10,2/9/2023,,no intersection
10,6/18/2023,35.680854423711814,
10,7/28/2023,38.92456846226327,
10,9/7/2023,45.41199653942001,
10,10/6/2023,42.16828250086856,
10,11/7/2023,35.680854423711814,
100,5/6/2017,36.86801895908465,
100,6/5/2017,51.68537899972883,
100,8/2/2017,42.45965706386728,
100,9/27/2017,61.416521115490866,
100,10/14/2017,25.949712307949785,
100,11/27/2017,22.70599826939833,
100,12/23/2017,,no intersection
100,1/6/2018,20.194952529202247,
100,2/10/2018,25.94971230800362,
100,3/27/2018,25.281170454707752,
100,4/2/2018,29.19342634655507,
100,6/10/2018,22.70599826939833,
100,7/15/2018,51.89942461595341,
100,8/31/2018,42.16828250086856,
100,9/13/2018,61.630566731661595,
100,10/15/2018,38.924568462317104,
100,11/16/2018,48.947085141024026,
100,12/13/2018,35.680854423711814,
100,1/1/2019,22.705998270021677,
100,2/22/2019,22.70599826939833,
100,4/30/2019,25.949712308626967,
100,5/20/2019,29.193426347232254,
100,6/18/2019,45.19795092,
100,7/17/2019,58.386852693733495,
100,8/19/2019,68.11799480881834,
100,9/8/2019,64.87428077026689,
100,10/7/2019,53.52788288673672,
100,11/22/2019,51.89942461595341,
100,12/5/2019,48.65571058,
100,1/31/2020,19.462284231470225,
100,2/12/2020,22.705998270021677,
100,3/12/2020,35.680854423711814,
100,5/23/2020,55.43451321818077,
100,6/17/2020,48.65571058,
100,7/15/2020,71.36170884742363,
100,9/23/2020,90.82399307889385,
100,10/22/2020,45.41199653942001,
100,11/21/2020,55.14313865518204,
100,12/23/2020,,no intersection
100,1/23/2021,21.09074250157636,
100,2/7/2021,19.462284231470225,
100,3/16/2021,19.462284231470225,
100,4/14/2021,19.462284231470225,
100,5/7/2021,22.705998270021677,
100,5/23/2021,35.680854423711814,
100,6/6/2021,25.949712308626967,
100,8/17/2021,42.16828250086856,
100,9/11/2021,60.01531096321628,
100,9/30/2021,42.16828250086856,
100,10/11/2021,45.41199653942001,
100,11/11/2021,34.06559866,
100,12/9/2021,55.14313865518204,
100,1/12/2022,22.70599827007551,
100,2/11/2022,19.462284231470225,
100,3/5/2022,22.70599827007551,
100,4/26/2022,38.924568462317104,
100,5/17/2022,51.68537899972883,
100,7/15/2022,51.89942461663058,
100,9/5/2022,61.63056673171543,
100,9/16/2022,53.59200933122672,
100,11/18/2022,71.36170884742363,
100,12/17/2022,63.25902500182157,
100,1/25/2023,28.083590757956394,
100,2/9/2023,,no intersection
100,6/18/2023,48.65571058,
100,7/28/2023,64.87428077026689,
100,9/7/2023,53.52788288673672,
100,10/6/2023,45.41199653942001,
100,11/7/2023,32.43714038510653,
101,5/6/2017,35.68085442324997,
101,6/5/2017,48.65571057704778,
101,8/2/2017,49.08262670960327,
101,9/27/2017,61.630566731468925,
101,10/14/2017,22.70599826955983,
101,11/27/2017,16.21857019302644,
101,12/23/2017,,no intersection
101,1/6/2018,12.974856154421152,
101,2/10/2018,32.437140384698516,
101,3/27/2018,22.70599826955983,
101,4/2/2018,32.43714038532187,
101,6/10/2018,19.462284230954545,
101,7/15/2018,51.89942461565306,
101,8/31/2018,42.16828250051438,
101,9/13/2018,55.220467603755395,
101,10/15/2018,35.68085442398098,
101,11/16/2018,51.89942461565306,
101,12/13/2018,38.92456846185526,
101,1/1/2019,16.218570192349258,
101,2/22/2019,25.94971230748794,
101,4/30/2019,32.43714038532187,
101,5/20/2019,42.16828250051438,
101,6/18/2019,48.65571057704778,
101,7/17/2019,58.386852692863634,
101,8/19/2019,74.25583570215444,
101,9/8/2019,68.11799480800232,
101,10/7/2019,50.48383686220085,
101,11/22/2019,51.89942461565306,
101,12/5/2019,51.89942461633024,
101,1/31/2020,15.777276458208137,
101,2/12/2020,20.436578250888978,
101,3/12/2020,32.437140384698516,
101,5/23/2020,71.36170884660761,
101,6/17/2020,48.76154212029731,
101,7/15/2020,64.87428077007422,
101,9/23/2020,87.58027903952637,
101,10/22/2020,45.41199653906583,
101,11/21/2020,55.14313865425835,
101,12/23/2020,,no intersection
101,1/23/2021,20.436578250888978,
101,2/7/2021,16.218570192349258,
101,3/16/2021,19.462284230954545,
101,4/14/2021,25.94971230816512,
101,5/7/2021,28.32521648001996,
101,5/23/2021,32.43714038532187,
101,6/6/2021,32.437140384698516,
101,8/17/2021,44.102492938228096,
101,9/11/2021,55.14313865425835,
101,9/30/2021,44.102492938228096,
101,10/11/2021,48.65571057767112,
101,11/11/2021,29.19342634677041,
101,12/9/2021,48.65571057704778,
101,1/12/2022,25.081502441468505,
101,2/11/2022,24.534124554035735,
101,3/5/2022,29.193426346716574,
101,4/26/2022,41.30007263376393,
101,5/17/2022,45.41199653906583,
101,7/15/2022,51.89942461627641,
101,9/5/2022,64.87428077002038,
101,9/16/2022,55.143138654881696,
101,11/18/2022,75.65704585,
101,12/17/2022,63.458693015944824,
101,1/25/2023,29.19342634609323,
101,2/9/2023,,no intersection
101,6/18/2023,51.89942461627641,
101,7/28/2023,74.59104528357344,
101,9/7/2023,51.89942461633024,
101,10/6/2023,47.346206976833386,
101,11/7/2023,39.457568747756234,
102,5/6/2017,38.924568461586084,
102,6/5/2017,45.74532882834255,
102,8/2/2017,45.41199653874283,
102,9/27/2017,68.11799481,
102,10/14/2017,19.462284230846876,
102,11/27/2017,19.462284230793042,
102,12/23/2017,,no intersection
102,1/6/2018,19.462284230793042,
102,2/10/2018,38.92456846226327,
102,3/27/2018,25.949712307949785,
102,4/2/2018,29.19342634655507,
102,6/10/2018,19.462284230846876,
102,7/15/2018,53.63396705709669,
102,8/31/2018,35.572892977170035,
102,9/13/2018,51.899424616522914,
102,10/15/2018,45.41199653874283,
102,11/16/2018,56.436387360183836,
102,12/13/2018,32.770472674029065,
102,1/1/2019,16.218570192864938,
102,2/22/2019,25.94971230800362,
102,4/30/2019,29.19342634655507,
102,5/20/2019,38.92456846226327,
102,6/18/2019,50.242211121992284,
102,7/17/2019,55.03517720864026,
102,8/19/2019,74.60542288592124,
102,9/8/2019,74.60542288597509,
102,10/7/2019,45.41199653942001,
102,11/22/2019,48.65571058,
102,12/5/2019,42.06032105432678,
102,1/31/2020,9.731142115708195,
102,2/12/2020,19.462284231470225,
102,3/12/2020,32.43714038510653,
102,5/23/2020,68.11799481,
102,6/17/2020,40.65911090278321,
102,7/15/2020,58.38685269305631,
102,9/23/2020,77.84913692452653,
102,10/22/2020,38.92456846226327,
102,11/21/2020,51.89942461657675,
102,12/23/2020,,no intersection
102,1/23/2021,19.462284230846876,
102,2/7/2021,19.462284231470225,
102,3/16/2021,22.70599826939833,
102,4/14/2021,25.949712307949785,
102,5/7/2021,32.43714038510653,
102,5/23/2021,32.43714038510653,
102,6/6/2021,28.566842218667343,
102,8/17/2021,35.680854423711814,
102,9/11/2021,55.143138655128205,
102,9/30/2021,45.41199653936618,
102,10/11/2021,51.89942461657675,
102,11/11/2021,29.19342634655507,
102,12/9/2021,55.143138655128205,
102,1/12/2022,16.218570192864938,
102,2/11/2022,19.462284230793042,
102,3/5/2022,35.680854423711814,
102,4/26/2022,51.89942461595341,
102,5/17/2022,48.65571058,
102,7/15/2022,61.63056673228495,
102,9/5/2022,51.89942461657675,
102,9/16/2022,51.89942461657675,
102,11/18/2022,77.84913692452653,
102,12/17/2022,58.38685269311014,
102,1/25/2023,22.70599826939833,
102,2/9/2023,,no intersection
102,6/18/2023,52.08471500900017,
102,7/28/2023,64.87428077021306,
102,9/7/2023,55.143138655128205,
102,10/6/2023,52.08471500900017,
102,11/7/2023,39.25790075118581,
103,5/6/2017,29.193426346716574,
103,6/5/2017,48.65571057767112,
103,8/2/2017,51.89942461565306,
103,9/27/2017,68.11799480857184,
103,10/14/2017,19.462284230954545,
103,11/27/2017,16.218570192349258,
103,12/23/2017,,no intersection
103,1/6/2018,22.70599826955983,
103,2/10/2018,29.19342634677041,
103,3/27/2018,25.94971230816512,
103,4/2/2018,25.94971230816512,
103,6/10/2018,22.70599826955983,
103,7/15/2018,51.89942461627641,
103,8/31/2018,38.92456846190909,
103,9/13/2018,41.860653041464374,
103,10/15/2018,43.261863193384784,
103,11/16/2018,61.63056673141509,
103,12/13/2018,48.65571057704778,
103,1/1/2019,11.95860441037061,
103,2/22/2019,29.19342634677041,
103,4/30/2019,24.93346056411458,
103,5/20/2019,40.71073702232272,
103,6/18/2019,55.14313865420452,
103,7/17/2019,60.173021253277255,
103,8/19/2019,77.84913692376435,
103,9/8/2019,77.84913692376435,
103,10/7/2019,48.65571057772496,
103,11/22/2019,48.789374852762236,
103,12/5/2019,42.16828250051438,
103,1/31/2020,16.793528202258678,
103,2/12/2020,16.21857019302644,
103,3/12/2020,42.16828250046055,
103,5/23/2020,58.386852692863634,
103,6/17/2020,48.65571057704778,
103,7/15/2020,69.90416337,
103,9/23/2020,87.58027903890303,
103,10/22/2020,,no intersection
103,11/21/2020,48.65571057772496,
103,12/23/2020,,no intersection
103,1/23/2021,27.92588046999495,
103,2/7/2021,15.392318049714921,
103,3/16/2021,19.462284230954545,
103,4/14/2021,25.94971230816512,
103,5/7/2021,29.19342634609323,
103,5/23/2021,32.437140384698516,
103,6/6/2021,32.38080505910444,
103,8/17/2021,48.65571057772496,
103,9/11/2021,58.38685269,
103,9/30/2021,38.92456846190909,
103,10/11/2021,48.65571057704778,
103,11/11/2021,25.94971230816512,
103,12/9/2021,58.38685269,
103,1/12/2022,19.462284230954545,
103,2/11/2022,25.94971230816512,
103,3/5/2022,37.46702298371743,
103,4/26/2022,51.89942461559923,
103,5/17/2022,51.89942461627641,
103,7/15/2022,60.173021253277255,
103,9/5/2022,55.143138654881696,
103,9/16/2022,58.38685269,
103,11/18/2022,74.60542288515906,
103,12/17/2022,64.87428077007422,
103,1/25/2023,25.94971230816512,
103,2/9/2023,,no intersection
103,6/18/2023,51.89942461565306,
103,7/28/2023,68.50295321654937,
103,9/7/2023,58.386852693486986,
103,10/6/2023,56.92930721467197,
103,11/7/2023,45.545660814210784,
104,5/6/2017,31.179262913138636,
104,6/5/2017,38.92456846185526,
104,8/2/2017,48.65571057767112,
104,9/27/2017,61.63056673141509,
104,10/14/2017,21.23878438615259,
104,11/27/2017,16.218570192972606,
104,12/23/2017,,no intersection
104,1/6/2018,19.46228423090071,
104,2/10/2018,38.92456846185526,
104,3/27/2018,29.193426346716574,
104,4/2/2018,25.949712308111287,
104,6/10/2018,25.949712308111287,
104,7/15/2018,55.14313865420452,
104,8/31/2018,45.41199653844249,
104,9/13/2018,42.16828250051438,
104,10/15/2018,38.92456846253244,
104,11/16/2018,42.16828250051438,
104,12/13/2018,45.41199653838865,
104,1/1/2019,12.97485615374397,
104,2/22/2019,28.376842608674473,
104,4/30/2019,31.554552916470108,
104,5/20/2019,42.16828250046055,
104,6/18/2019,50.64154714409318,
104,7/17/2019,60.37268925990905,
104,8/19/2019,71.36170884655378,
104,9/8/2019,71.36170884655378,
104,10/7/2019,42.16828250046055,
104,11/22/2019,55.03730711122415,
104,12/5/2019,38.92456846185526,
104,1/31/2020,12.97485615374397,
104,2/12/2020,23.290624684007653,
104,3/12/2020,35.68085442324997,
104,5/23/2020,58.38685269,
104,6/17/2020,51.89942461559923,
104,7/15/2020,62.21519314591674,
104,9/23/2020,84.92119141547659,
104,10/22/2020,24.482498424704044,
104,11/21/2020,45.41199653906583,
104,12/23/2020,,no intersection
104,1/23/2021,27.72621246330933,
104,2/7/2021,16.218570192295424,
104,3/16/2021,15.77727645826197,
104,4/14/2021,25.949712308111287,
104,5/7/2021,23.290624684007653,
104,5/23/2021,29.778052761218227,
104,6/6/2021,31.554552916416274,
104,8/17/2021,51.89942461627641,
104,9/11/2021,48.65571057767112,
104,9/30/2021,38.92456846185526,
104,10/11/2021,42.16828250046055,
104,11/11/2021,25.949712308111287,
104,12/9/2021,55.14313865420452,
104,1/12/2022,12.97485615374397,
104,2/11/2022,22.705998269505997,
104,3/5/2022,31.179262913138636,
104,4/26/2022,35.680854423303806,
104,5/17/2022,45.41199653838865,
104,7/15/2022,57.128975221303754,
104,9/5/2022,55.14313865420452,
104,9/16/2022,51.89942461627641,
104,11/18/2022,71.36170884723096,
104,12/17/2022,61.63056673141509,
104,1/25/2023,22.70599826955983,
104,2/9/2023,,no intersection
104,6/18/2023,47.331829374624405,
104,7/28/2023,71.36170884723096,
104,9/7/2023,58.38685269,
104,10/6/2023,48.65571057699394,
104,11/7/2023,51.89942461559923,
105,5/6/2017,32.437140385729876,
105,6/5/2017,42.168282500814726,
105,8/2/2017,46.63758468099515,
105,9/27/2017,68.11799481,
105,10/14/2017,23.665914686154768,
105,11/27/2017,19.462284230846876,
105,12/23/2017,,no intersection
105,1/6/2018,23.931586411650645,
105,2/10/2018,45.41199653942001,
105,3/27/2018,29.19342634655507,
105,4/2/2018,30.770258508013242,
105,6/10/2018,32.43714038516036,
105,7/15/2018,48.65571058,
105,8/31/2018,42.16828250086856,
105,9/13/2018,44.70503107851365,
105,10/15/2018,51.89942461589957,
105,11/16/2018,38.92456846226327,
105,12/13/2018,48.65571058,
105,1/1/2019,19.46228423141639,
105,2/22/2019,22.70599826939833,
105,4/30/2019,35.415182698215936,
105,5/20/2019,48.65571057797146,
105,6/18/2019,51.633752891080874,
105,7/17/2019,68.11799481,
105,8/19/2019,74.60542288592124,
105,9/8/2019,74.60542288592124,
105,10/7/2019,45.41199653936618,
105,11/22/2019,45.41199653942001,
105,12/5/2019,35.680854423711814,
105,1/31/2020,18.84536848609131,
105,2/12/2020,12.97485615425965,
105,3/12/2020,39.10019047,
105,5/23/2020,61.63056673228495,
105,6/17/2020,61.63056673228495,
105,7/15/2020,63.81607129072419,
105,9/23/2020,77.84913692452653,
105,10/22/2020,28.576510601799505,
105,11/21/2020,48.65571057797146,
105,12/23/2020,,no intersection
105,1/23/2021,22.089082524642762,
105,2/7/2021,18.404074751304176,
105,3/16/2021,29.193426346501237,
105,4/14/2021,25.332796563248053,
105,5/7/2021,25.949712307949785,
105,5/23/2021,29.193426346501237,
105,6/6/2021,38.92456846226327,
105,8/17/2021,48.65571057797146,
105,9/11/2021,42.168282500814726,
105,9/30/2021,35.680854423657976,
105,10/11/2021,42.168282500814726,
105,11/11/2021,25.949712307949785,
105,12/9/2021,48.65571058,
105,1/12/2022,8.505553973455878,
105,2/11/2022,18.84536848609131,
105,3/5/2022,32.43714038510653,
105,4/26/2022,25.949712308573133,
105,5/17/2022,48.65571057797146,
105,7/15/2022,51.89942461657675,
105,9/5/2022,48.65571057797146,
105,9/16/2022,45.41199653936618,
105,11/18/2022,64.87428077021306,
105,12/17/2022,55.83738334576541,
105,1/25/2023,22.705998269344494,
105,2/9/2023,32.43714038510653,
105,6/18/2023,42.168282500814726,
105,7/28/2023,74.60542288592124,
105,9/7/2023,58.386852693733495,
105,10/6/2023,48.65571057797146,
105,11/7/2023,46.19629094626185,
106,5/6/2017,38.92456846185526,
106,6/5/2017,53.27658876317214,
106,8/2/2017,45.41199653911966,
106,9/27/2017,68.11799480862567,
106,10/14/2017,22.28875053976621,
106,11/27/2017,17.59573433992217,
106,12/23/2017,,no intersection
106,1/6/2018,29.19342634609323,
106,2/10/2018,42.16828250046055,
106,3/27/2018,30.570590494289487,
106,4/2/2018,30.570590494289487,
106,6/10/2018,22.730044273907332,
106,7/15/2018,48.19037083850532,
106,8/31/2018,51.89942461565306,
106,9/13/2018,41.75103477072076,
106,10/15/2018,44.50536306586658,
106,11/16/2018,32.437140384698516,
106,12/13/2018,45.41199653906583,
106,1/1/2019,16.218570192972606,
106,2/22/2019,25.94971230816512,
106,4/30/2019,38.92456846185526,
106,5/20/2019,48.65571057767112,
106,6/18/2019,61.63056673141509,
106,7/17/2019,68.11799480862567,
106,8/19/2019,77.84913692376435,
106,9/8/2019,74.60542288583625,
106,10/7/2019,48.65571057767112,
106,11/22/2019,48.65571057767112,
106,12/5/2019,29.19342634609323,
106,1/31/2020,19.46228423090071,
106,2/12/2020,16.218570192349258,
106,3/12/2020,54.89459047318297,
106,5/23/2020,61.63056673141509,
106,6/17/2020,64.87428077002038,
106,7/15/2020,77.84913692376435,
106,9/23/2020,74.60542288578242,
106,10/22/2020,22.70599826955983,
106,11/21/2020,58.28102115023745,
106,12/23/2020,,no intersection
106,1/23/2021,19.045036501160922,
106,2/7/2021,9.731142115138683,
106,3/16/2021,29.19342634609323,
106,4/14/2021,22.28875053976621,
106,5/7/2021,,no intersection
106,5/23/2021,30.177388768897192,
106,6/6/2021,37.49931230496401,
106,8/17/2021,48.65571057767112,
106,9/11/2021,42.16828250046055,
106,9/30/2021,32.01989265490489,
106,10/11/2021,38.45922872336664,
106,11/11/2021,25.949712308111287,
106,12/9/2021,48.65571057767112,
106,1/12/2022,16.218570192972606,
106,2/11/2022,12.950810149396474,
106,3/5/2022,38.06602699797435,
106,4/26/2022,19.46228423090071,
106,5/17/2022,48.65571057767112,
106,7/15/2022,51.89942461559923,
106,9/5/2022,44.99474880932604,
106,9/16/2022,45.41199653906583,
106,11/18/2022,61.63056673141509,
106,12/17/2022,64.87428077002038,
106,1/25/2023,22.705998269505997,
106,2/9/2023,29.193426346716574,
106,6/18/2023,46.39595896124646,
106,7/28/2023,81.09285096236964,
106,9/7/2023,55.14313865425835,
106,10/6/2023,54.28459719,
106,11/7/2023,42.1682825,
107,5/6/2017,33.17947706837059,
107,6/5/2017,43.34577865076319,
107,8/2/2017,48.65571058,
107,9/27/2017,68.86033149208241,
107,10/14/2017,25.732132574973093,
107,11/27/2017,25.94971230800362,
107,12/23/2017,,no intersection
107,1/6/2018,29.19342634655507,
107,2/10/2018,38.924568462317104,
107,3/27/2018,36.86448484233253,
107,4/2/2018,38.25956072520385,
107,6/10/2018,22.705998270021677,
107,7/15/2018,48.65571058,
107,8/31/2018,48.655710577401955,
107,9/13/2018,45.19441680581997,
107,10/15/2018,48.65571057734812,
107,11/16/2018,32.43714038516036,
107,12/13/2018,42.16828250086856,
107,1/1/2019,19.462284230793042,
107,2/22/2019,22.70599826939833,
107,4/30/2019,36.86448484233253,
107,5/20/2019,49.398047261235526,
107,6/18/2019,58.38685269378733,
107,7/17/2019,72.10404553063385,
107,8/19/2019,78.59147361,
107,9/8/2019,78.59147361,
107,10/7/2019,46.59562695804072,
107,11/22/2019,49.398047261235526,
107,12/5/2019,25.94971230800362,
107,1/31/2020,19.052901268738864,
107,2/12/2020,22.70599826939833,
107,3/12/2020,48.65571058,
107,5/23/2020,59.12918937699756,
107,6/17/2020,59.12918937699756,
107,7/15/2020,75.34775956923914,
107,9/23/2020,87.58027904028856,
107,10/22/2020,42.16828250086856,
107,11/21/2020,55.14313865518204,
107,12/23/2020,,no intersection
107,1/23/2021,19.462284230846876,
107,2/7/2021,6.487428077156742,
107,3/16/2021,46.15433322268408,
107,4/14/2021,32.43714038510653,
107,5/7/2021,35.680854423711814,
107,5/23/2021,,no intersection
107,6/6/2021,32.43714038516036,
107,8/17/2021,47.33182937,
107,9/11/2021,45.41199653942001,
107,9/30/2021,32.43714038516036,
107,10/11/2021,51.89942461657675,
107,11/11/2021,25.94971230800362,
107,12/9/2021,42.16828250086856,
107,1/12/2022,17.40220061,
107,2/11/2022,12.974856153636301,
107,3/5/2022,35.680854423711814,
107,4/26/2022,19.462284231470225,
107,5/17/2022,49.83320672791993,
107,7/15/2022,51.23441687951733,
107,9/5/2022,48.655710577401955,
107,9/16/2022,42.16828250086856,
107,11/18/2022,71.36170884742363,
107,12/17/2022,61.63056673171543,
107,1/25/2023,27.133342726570497,
107,2/9/2023,25.94971230800362,
107,6/18/2023,42.16828250086856,
107,7/28/2023,71.36170884742363,
107,9/7/2023,61.630566731661595,
107,10/6/2023,54.484265186794865,
107,11/7/2023,42.16828250086856,
108,5/6/2017,32.43714038532187,
108,6/5/2017,48.65571057761729,
108,8/2/2017,45.41199653906583,
108,9/27/2017,64.87428077064374,
108,10/14/2017,22.705998269505997,
108,11/27/2017,22.705998269505997,
108,12/23/2017,,no intersection
108,1/6/2018,29.193426346716574,
108,2/10/2018,42.70481690499785,
108,3/27/2018,29.193426346039395,
108,4/2/2018,38.92456846180142,
108,6/10/2018,26.37309432119177,
108,7/15/2018,51.899424616222575,
108,8/31/2018,42.16828250040671,
108,9/13/2018,45.41199653906583,
108,10/15/2018,44.10602705748777,
108,11/16/2018,42.27411404371008,
108,12/13/2018,42.16828250040671,
108,1/1/2019,16.218570192349258,
108,2/22/2019,25.94971230748794,
108,4/30/2019,32.43714038526803,
108,5/20/2019,48.65571057761729,
108,6/18/2019,55.143138654827865,
108,7/17/2019,64.87428077064374,
108,8/19/2019,74.60542288572857,
108,9/8/2019,71.36170884712328,
108,10/7/2019,45.411996539011994,
108,11/22/2019,45.411996539011994,
108,12/5/2019,25.931800586211963,
108,1/31/2020,16.218570192295424,
108,2/12/2020,29.193426346039395,
108,3/12/2020,46.38982467852911,
108,5/23/2020,48.65571057761729,
108,6/17/2020,61.63056673203844,
108,7/15/2020,63.56831128838848,
108,9/23/2020,84.33656500086725,
108,10/22/2020,47.79103483034185,
108,11/21/2020,51.899424616222575,
108,12/23/2020,,no intersection
108,1/23/2021,25.949712308111287,
108,2/7/2021,12.974856153690135,
108,3/16/2021,48.65571057761729,
108,4/14/2021,29.193426346039395,
108,5/7/2021,28.734220890622296,
108,5/23/2021,35.68085442319614,
108,6/6/2021,37.09997629696203,
108,8/17/2021,46.79529496965643,
108,9/11/2021,46.79529496965643,
108,9/30/2021,39.44319114517042,
108,10/11/2021,45.411996539011994,
108,11/11/2021,29.193426346039395,
108,12/9/2021,38.92456846253244,
108,1/12/2022,22.705998269505997,
108,2/11/2022,12.97485615374397,
108,3/5/2022,35.68085442324997,
108,4/26/2022,31.536641194301613,
108,5/17/2022,48.65571057699394,
108,7/15/2022,48.65571057761729,
108,9/5/2022,48.65571057761729,
108,9/16/2022,48.65571057761729,
108,11/18/2022,67.65878935242372,
108,12/17/2022,71.36170884712328,
108,1/25/2023,22.282616256425516,
108,2/9/2023,29.19342634666274,
108,6/18/2023,40.30786689244585,
108,7/28/2023,81.09285096226198,
108,9/7/2023,64.41507531387226,
108,10/6/2023,51.44021916,
108,11/7/2023,41.70907704431243,
109,5/6/2017,32.43714038532187,
109,6/5/2017,48.65571057767112,
109,8/2/2017,43.90635904915595,
109,9/27/2017,64.87428077002038,
109,10/14/2017,25.949712308111287,
109,11/27/2017,23.66591468733912,
109,12/23/2017,,no intersection
109,1/6/2018,32.43714038464468,
109,2/10/2018,45.41199653906583,
109,3/27/2018,32.43714038532187,
109,4/2/2018,39.44319114554726,
109,6/10/2018,29.193426346716574,
109,7/15/2018,48.65571057699394,
109,8/31/2018,55.14313865420452,
109,9/13/2018,42.16828250046055,
109,10/15/2018,45.41199653906583,
109,11/16/2018,42.505148897181705,
109,12/13/2018,39.44319114554726,
109,1/1/2019,9.836973658388212,
109,2/22/2019,25.949712308111287,
109,4/30/2019,45.41199653838865,
109,5/20/2019,58.386852693486986,
109,6/18/2019,58.38685269,
109,7/17/2019,74.60542288583625,
109,8/19/2019,83.63573381898634,
109,9/8/2019,77.84913692376435,
109,10/7/2019,51.89942461559923,
109,11/22/2019,,no intersection
109,12/5/2019,25.949712308111287,
109,1/31/2020,22.705998269505997,
109,2/12/2020,29.193426346716574,
109,3/12/2020,45.41199653906583,
109,5/23/2020,71.36170884655378,
109,6/17/2020,48.65571057699394,
109,7/15/2020,56.72610509371911,
109,9/23/2020,81.09285096236964,
109,10/22/2020,30.776392785553988,
109,11/21/2020,51.89942461559923,
109,12/23/2020,,no intersection
109,1/23/2021,16.218570192349258,
109,2/7/2021,20.681738095904116,
109,3/16/2021,51.89942461627641,
109,4/14/2021,23.484158400368283,
109,5/7/2021,20.681738095904116,
109,5/23/2021,38.92456846185526,
109,6/6/2021,58.386852692863634,
109,8/17/2021,42.16828250046055,
109,9/11/2021,48.65571057767112,
109,9/30/2021,32.43714038532187,
109,10/11/2021,45.41199653838865,
109,11/11/2021,30.776392785553988,
109,12/9/2021,32.437140384698516,
109,1/12/2022,16.218570192349258,
109,2/11/2022,12.974856154367318,
109,3/5/2022,35.68085442324997,
109,4/26/2022,23.66591468733912,
109,5/17/2022,48.65571057767112,
109,7/15/2022,48.65571057767112,
109,9/5/2022,43.75124893929796,
109,9/16/2022,43.75124893929796,
109,11/18/2022,58.38685269,
109,12/17/2022,71.36170884655378,
109,1/25/2023,22.705998268882652,
109,2/9/2023,32.43714038464468,
109,6/18/2023,38.92456846185526,
109,7/28/2023,64.87428077002038,
109,9/7/2023,64.87428077002038,
109,10/6/2023,44.347652783243234,
109,11/7/2023,39.44319114554726,
11,5/6/2017,38.92456846180142,
11,6/5/2017,,no intersection
11,8/2/2017,38.92456846185526,
11,9/27/2017,,no intersection
11,10/14/2017,32.43714038464468,
11,11/27/2017,27.63680538330997,
11,12/23/2017,,no intersection
11,1/6/2018,29.867459840948417,
11,2/10/2018,16.218570192349258,
11,3/27/2018,21.14937730615323,
11,4/2/2018,24.393091344704686,
11,6/10/2018,29.193426346039395,
11,7/15/2018,51.30272007043376,
11,8/31/2018,58.386852692755966,
11,9/13/2018,64.87428076996655,
11,10/15/2018,48.65571057761729,
11,11/16/2018,42.16828250046055,
11,12/13/2018,7.888638229023317,
11,1/1/2019,24.393091344704686,
11,2/22/2019,31.55455292,
11,4/30/2019,55.14313865477403,
11,5/20/2019,23.821325498663814,
11,6/18/2019,25.949712308111287,
11,7/17/2019,66.12008011,
11,8/19/2019,71.36170884712328,
11,9/8/2019,,no intersection
11,10/7/2019,47.09908961421068,
11,11/22/2019,32.43714038464468,
11,12/5/2019,25.949712308111287,
11,1/31/2020,25.949712308111287,
11,2/12/2020,24.393091344704686,
11,3/12/2020,34.12423345984337,
11,5/23/2020,62.87636607225732,
11,6/17/2020,48.65571057761729,
11,7/15/2020,55.14313865477403,
11,9/23/2020,71.36170884712328,
11,10/22/2020,38.92456846180142,
11,11/21/2020,48.65571057761729,
11,12/23/2020,,no intersection
11,1/23/2021,22.705998269505997,
11,2/7/2021,25.949712307434105,
11,3/16/2021,22.705998269505997,
11,4/14/2021,35.68085442324997,
11,5/7/2021,30.880519421238077,
11,5/23/2021,48.65571057761729,
11,6/6/2021,25.949712308111287,
11,8/17/2021,48.65571057761729,
11,9/11/2021,50.342803652815974,
11,9/30/2021,40.61166153705394,
11,10/11/2021,42.16828250046055,
11,11/11/2021,22.705998269505997,
11,12/9/2021,33.111173879553704,
11,1/12/2022,19.46228423090071,
11,2/11/2022,27.63680538330997,
11,3/5/2022,47.09908961421068,
11,4/26/2022,22.705998269505997,
11,5/17/2022,42.16828250040671,
11,7/15/2022,29.193426346716574,
11,9/5/2022,29.193426346039395,
11,9/16/2022,,no intersection
11,11/18/2022,47.09908961421068,
11,12/17/2022,47.09908961421068,
11,1/25/2023,22.705998269505997,
11,2/9/2023,,no intersection
11,6/18/2023,32.43714038464468,
11,7/28/2023,34.12423345984337,
11,9/7/2023,42.16828250046055,
11,10/6/2023,40.999812108577025,
11,11/7/2023,29.193426346716574,
110,5/6/2017,29.19342634655507,
110,6/5/2017,51.89942461663058,
110,8/2/2017,45.41199653879666,
110,9/27/2017,68.11799480887217,
110,10/14/2017,25.949712307949785,
110,11/27/2017,25.94971230800362,
110,12/23/2017,,no intersection
110,1/6/2018,32.43714038516036,
110,2/10/2018,45.41199653942001,
110,3/27/2018,35.680854423711814,
110,4/2/2018,43.950916933853854,
110,6/10/2018,25.949712307949785,
110,7/15/2018,48.65571058,
110,8/31/2018,50.87963875,
110,9/13/2018,42.549706781633105,
110,10/15/2018,45.41199653879666,
110,11/16/2018,53.68205905,
110,12/13/2018,35.680854423711814,
110,1/1/2019,12.974856153690135,
110,2/22/2019,22.70599826939833,
110,4/30/2019,42.16828250086856,
110,5/20/2019,44.99102854990204,
110,6/18/2019,45.41199653947385,
110,7/17/2019,51.89942461663058,
110,8/19/2019,64.81441131629813,
110,9/8/2019,64.87428077026689,
110,10/7/2019,48.65571058,
110,11/22/2019,55.22046760138668,
110,12/5/2019,29.19342634655507,
110,1/31/2020,22.70599826939833,
110,2/12/2020,29.19342634655507,
110,3/12/2020,45.41199653947385,
110,5/23/2020,77.84913692458036,
110,6/17/2020,48.65571058,
110,7/15/2020,51.89942461595341,
110,9/23/2020,74.60542288602892,
110,10/22/2020,35.680854423711814,
110,11/21/2020,45.41199653942001,
110,12/23/2020,32.43714038510653,
110,1/23/2021,16.21857019224159,
110,2/7/2021,16.21857019224159,
110,3/16/2021,45.41199653942001,
110,4/14/2021,30.976060779540372,
110,5/7/2021,29.13355689258632,
110,5/23/2021,35.680854423711814,
110,6/6/2021,55.14313865455869,
110,8/17/2021,42.16828250086856,
110,9/11/2021,52.03662301675015,
110,9/30/2021,33.01563252063657,
110,10/11/2021,45.41199653947385,
110,11/11/2021,32.43714038510653,
110,12/9/2021,29.19342634655507,
110,1/12/2022,17.238356063074445,
110,2/11/2022,12.974856153690135,
110,3/5/2022,38.864699008294515,
110,4/26/2022,33.45692625599322,
110,5/17/2022,51.89942461595341,
110,7/15/2022,48.65571058,
110,9/5/2022,42.168282500191374,
110,9/16/2022,45.41199653942001,
110,11/18/2022,51.89942461595341,
110,12/17/2022,68.11799480881834,
110,1/25/2023,17.238356063074445,
110,2/9/2023,25.949712307949785,
110,6/18/2023,42.108413046899805,
110,7/28/2023,71.36170884742363,
110,9/7/2023,64.87428077026689,
110,10/6/2023,42.16828250086856,
110,11/7/2023,35.680854423711814,
111,5/6/2017,32.43714038464468,
111,6/5/2017,48.65571057761729,
111,8/2/2017,42.16828250046055,
111,9/27/2017,61.56809712221115,
111,10/14/2017,25.94971230748794,
111,11/27/2017,29.19342634666274,
111,12/23/2017,,no intersection
111,1/6/2018,35.68085442387331,
111,2/10/2018,42.16828250040671,
111,3/27/2018,35.68085442319614,
111,4/2/2018,42.16828250040671,
111,6/10/2018,22.705998269505997,
111,7/15/2018,48.79550913583376,
111,8/31/2018,48.65571057761729,
111,9/13/2018,42.749374792925806,
111,10/15/2018,45.99308883,
111,11/16/2018,42.168282501083894,
111,12/13/2018,42.16828250040671,
111,1/1/2019,19.46228423152406,
111,2/22/2019,22.705998269505997,
111,4/30/2019,48.65571057761729,
111,5/20/2019,45.04816471679059,
111,6/18/2019,45.411996539011994,
111,7/17/2019,48.79550913583376,
111,8/19/2019,68.11799480851799,
111,9/8/2019,66.21302131268301,
111,10/7/2019,45.411996539011994,
111,11/22/2019,42.16828250040671,
111,12/5/2019,25.949712308057453,
111,1/31/2020,22.705998269505997,
111,2/12/2020,31.17572879099458,
111,3/12/2020,42.16828250103006,
111,5/23/2020,83.59377609058615,
111,6/17/2020,45.411996539011994,
111,7/15/2020,51.899424616222575,
111,9/23/2020,74.60542288572857,
111,10/22/2020,35.68085442319614,
111,11/21/2020,45.411996539011994,
111,12/23/2020,27.932014752443127,
111,1/23/2021,19.46228423090071,
111,2/7/2021,15.777276458100467,
111,3/16/2021,45.411996539011994,
111,4/14/2021,,no intersection
111,5/7/2021,25.949712308111287,
111,5/23/2021,36.05967854834866,
111,6/6/2021,48.65571057761729,
111,8/17/2021,45.411996539011994,
111,9/11/2021,55.14313865415068,
111,9/30/2021,32.43714038459085,
111,10/11/2021,42.16828250040671,
111,11/11/2021,32.43714038459085,
111,12/9/2021,25.949712308111287,
111,1/12/2022,16.218570192295424,
111,2/11/2022,12.974856153690135,
111,3/5/2022,35.68085442319614,
111,4/26/2022,35.68085442387331,
111,5/17/2022,48.65571057761729,
111,7/15/2022,45.411996539011994,
111,9/5/2022,48.65571057761729,
111,9/16/2022,45.411996539011994,
111,11/18/2022,55.14313865415068,
111,12/17/2022,64.87428076991272,
111,1/25/2023,22.705998269505997,
111,2/9/2023,29.19342634666274,
111,6/18/2023,32.43714038464468,
111,7/28/2023,68.11799480851799,
111,9/7/2023,64.87428076996655,
111,10/6/2023,35.68085442324997,
111,11/7/2023,31.41475435793063,
112,5/6/2017,25.949712307949785,
112,6/5/2017,50.39638728584046,
112,8/2/2017,44.35025294404036,
112,9/27/2017,61.630566731661595,
112,10/14/2017,25.949712307949785,
112,11/27/2017,25.94971230800362,
112,12/23/2017,,no intersection
112,1/6/2018,31.55455291501658,
112,2/10/2018,42.16828250086856,
112,3/27/2018,32.616296510450056,
112,4/2/2018,42.16828250086856,
112,6/10/2018,16.218570192918772,
112,7/15/2018,48.65571058,
112,8/31/2018,55.14313865450486,
112,9/13/2018,45.41199653947385,
112,10/15/2018,45.41199653947385,
112,11/16/2018,42.16828250086856,
112,12/13/2018,48.65571057734812,
112,1/1/2019,19.462284230793042,
112,2/22/2019,19.462284230846876,
112,4/30/2019,68.01616763035663,
112,5/20/2019,35.680854423711814,
112,6/18/2019,43.748648777755655,
112,7/17/2019,45.41199653947385,
112,8/19/2019,66.01335331247452,
112,9/8/2019,58.38685269378733,
112,10/7/2019,35.680854423711814,
112,11/22/2019,39.443191143824556,
112,12/5/2019,25.94971230800362,
112,1/31/2020,13.59530601433648,
112,2/12/2020,25.94971230800362,
112,3/12/2020,31.554552915070413,
112,5/23/2020,74.60542288602892,
112,6/17/2020,45.41199653947385,
112,7/15/2020,51.89942461663058,
112,9/23/2020,74.60542288602892,
112,10/22/2020,25.94971230800362,
112,11/21/2020,55.14313865518204,
112,12/23/2020,29.37258247184477,
112,1/23/2021,19.462284231470225,
112,2/7/2021,10.351591975785025,
112,3/16/2021,32.77660694137812,
112,4/14/2021,,no intersection
112,5/7/2021,25.949712307949785,
112,5/23/2021,38.92456846226327,
112,6/6/2021,55.14313865518204,
112,8/17/2021,40.50493474,
112,9/11/2021,58.38685269378733,
112,9/30/2021,38.92456846226327,
112,10/11/2021,45.751463095691605,
112,11/11/2021,35.680854423711814,
112,12/9/2021,29.19342634655507,
112,1/12/2022,19.462284231470225,
112,2/11/2022,12.194095862739076,
112,3/5/2022,42.507749057086315,
112,4/26/2022,38.924568462317104,
112,5/17/2022,50.67737059,
112,7/15/2022,42.168282500191374,
112,9/5/2022,38.924568462317104,
112,9/16/2022,42.16828250086856,
112,11/18/2022,51.89942461663058,
112,12/17/2022,71.70117540364139,
112,1/25/2023,16.218570192918772,
112,2/9/2023,20.082734091493222,
112,6/18/2023,38.924568462317104,
112,7/28/2023,68.11799480954936,
112,9/7/2023,61.63056673233878,
112,10/6/2023,36.02032097992957,
112,11/7/2023,35.680854423711814,
113,5/6/2017,22.705998269505997,
113,6/5/2017,51.87891273,
113,8/2/2017,41.30620692,
113,9/27/2017,61.630566731468925,
113,10/14/2017,29.19342634677041,
113,11/27/2017,28.331350764760344,
113,12/23/2017,,no intersection
113,1/6/2018,38.06249288057621,
113,2/10/2018,45.41199653911966,
113,3/27/2018,35.680854423303806,
113,4/2/2018,45.41199653911966,
113,6/10/2018,22.70599826955983,
113,7/15/2018,45.391484652116475,
113,8/31/2018,58.38685269,
113,9/13/2018,48.65571057704778,
113,10/15/2018,45.41199653911966,
113,11/16/2018,32.43714039,
113,12/13/2018,47.331829374624405,
113,1/1/2019,22.685486382610474,
113,2/22/2019,25.087636726832237,
113,4/30/2019,64.87428077002038,
113,5/20/2019,32.43714039,
113,6/18/2019,35.680854423303806,
113,7/17/2019,54.681333033221705,
113,8/19/2019,61.63056673141509,
113,9/8/2019,56.08254318508828,
113,10/7/2019,35.680854423303806,
113,11/22/2019,42.16828250051438,
113,12/5/2019,25.92920042121576,
113,1/31/2020,19.462284230954545,
113,2/12/2020,25.087636726832237,
113,3/12/2020,35.68085442392715,
113,5/23/2020,77.84913692376435,
113,6/17/2020,45.41199653911966,
113,7/15/2020,42.16828250051438,
113,9/23/2020,64.87428077002038,
113,10/22/2020,25.94971230816512,
113,11/21/2020,55.143138654881696,
113,12/23/2020,25.94971230748794,
113,1/23/2021,12.97485615374397,
113,2/7/2021,19.462284231631727,
113,3/16/2021,38.92456846253244,
113,4/14/2021,47.331829374624405,
113,5/7/2021,25.94971230748794,
113,5/23/2021,35.66034253635444,
113,6/6/2021,62.051348578606856,
113,8/17/2021,42.16828250051438,
113,9/11/2021,55.14313865425835,
113,9/30/2021,35.680854423303806,
113,10/11/2021,35.680854423303806,
113,11/11/2021,29.19342634609323,
113,12/9/2021,24.646342992013935,
113,1/12/2022,15.777276458208137,
113,2/11/2022,11.994427849069156,
113,3/5/2022,38.92456846190909,
113,4/26/2022,38.92456846190909,
113,5/17/2022,50.47770257678329,
113,7/15/2022,42.16828250051438,
113,9/5/2022,44.54992095778679,
113,9/16/2022,40.30526672688014,
113,11/18/2022,45.41199653911966,
113,12/17/2022,70.45860949142984,
113,1/25/2023,22.70599826955983,
113,2/9/2023,22.70599826955983,
113,6/18/2023,35.680854423303806,
113,7/28/2023,64.87428077007422,
113,9/7/2023,58.386852693486986,
113,10/6/2023,29.19342634609323,
113,11/7/2023,29.19342634677041,
114,5/6/2017,12.974856153690135,
114,6/5/2017,52.196933456277534,
114,8/2/2017,42.16828250040671,
114,9/27/2017,63.10910583,
114,10/14/2017,25.949712308111287,
114,11/27/2017,25.949712308111287,
114,12/23/2017,,no intersection
114,1/6/2018,36.86188468412795,
114,2/10/2018,42.90708507538765,
114,3/27/2018,36.419656998230906,
114,4/2/2018,54.03943734301625,
114,6/10/2018,32.43714038532187,
114,7/15/2018,45.411996539011994,
114,8/31/2018,51.237950989684656,
114,9/13/2018,48.65571057761729,
114,10/15/2018,45.411996539011994,
114,11/16/2018,29.19342634666274,
114,12/13/2018,32.43714038532187,
114,1/1/2019,25.949712308111287,
114,2/22/2019,19.462284231577893,
114,4/30/2019,64.87428076991272,
114,5/20/2019,38.92456846185526,
114,6/18/2019,46.59302679926663,
114,7/17/2019,61.630566731361256,
114,8/19/2019,68.11799480851799,
114,9/8/2019,55.14313865415068,
114,10/7/2019,39.44319114517042,
114,11/22/2019,45.19181664745389,
114,12/5/2019,22.705998269505997,
114,1/31/2020,22.705998269505997,
114,2/12/2020,25.949712308111287,
114,3/12/2020,35.68085442392715,
114,5/23/2020,74.60542288572857,
114,6/17/2020,42.90708507538765,
114,7/15/2020,54.481665028289946,
114,9/23/2020,58.386852692702135,
114,10/22/2020,22.705998269505997,
114,11/21/2020,50.79572330441096,
114,12/23/2020,19.46228423090071,
114,1/23/2021,12.974856153690135,
114,2/7/2021,28.973246455104633,
114,3/16/2021,35.68085442392715,
114,4/14/2021,42.16828250046055,
114,5/7/2021,24.846010996299675,
114,5/23/2021,38.92456846180142,
114,6/6/2021,58.24306779918549,
114,8/17/2021,40.10559872205606,
114,9/11/2021,48.65571057694011,
114,9/30/2021,38.92456846180142,
114,10/11/2021,38.70438857024332,
114,11/11/2021,32.21696049303274,
114,12/9/2021,22.705998269505997,
114,1/12/2022,16.218570192295424,
114,2/11/2022,12.97485615374397,
114,3/5/2022,38.70438857024332,
114,4/26/2022,42.16828250040671,
114,5/17/2022,51.899424616222575,
114,7/15/2022,42.16828250040671,
114,9/5/2022,38.924568462478604,
114,9/16/2022,38.92456846180142,
114,11/18/2022,42.16828250040671,
114,12/17/2022,64.87428076991272,
114,1/25/2023,25.949712308111287,
114,2/9/2023,19.46228423090071,
114,6/18/2023,35.68085442324997,
114,7/28/2023,61.63056673,
114,9/7/2023,58.38685269343315,
114,10/6/2023,35.68085442319614,
114,11/7/2023,22.705998269505997,
115,5/6/2017,19.462284230793042,
115,6/5/2017,51.89942461595341,
115,8/2/2017,38.92456846226327,
115,9/27/2017,64.87428077026689,
115,10/14/2017,22.70599826939833,
115,11/27/2017,28.73068676559385,
115,12/23/2017,,no intersection
115,1/6/2018,33.41850264762904,
115,2/10/2018,42.16828250086856,
115,3/27/2018,36.61932499434799,
115,4/2/2018,45.41199653947385,
115,6/10/2018,32.43714038516036,
115,7/15/2018,48.65571057807913,
115,8/31/2018,47.79456895353992,
115,9/13/2018,47.79456895353992,
115,10/15/2018,45.41199653942001,
115,11/16/2018,29.19342634655507,
115,12/13/2018,29.29925788912742,
115,1/1/2019,25.949712307949785,
115,2/22/2019,22.70599826939833,
115,4/30/2019,68.11799480887217,
115,5/20/2019,38.924568462317104,
115,6/18/2019,42.16828250086856,
115,7/17/2019,71.36170884742363,
115,8/19/2019,61.630566731661595,
115,9/8/2019,58.38685269378733,
115,10/7/2019,42.16828250086856,
115,11/22/2019,45.41199653947385,
115,12/5/2019,25.949712307949785,
115,1/31/2020,16.240016038523347,
115,2/12/2020,25.949712307949785,
115,3/12/2020,29.21487219283683,
115,5/23/2020,78.83049918710289,
115,6/17/2020,35.680854423711814,
115,7/15/2020,48.65571058,
115,9/23/2020,61.630566731661595,
115,10/22/2020,30.131896917191252,
115,11/21/2020,45.41199653947385,
115,12/23/2020,25.949712307949785,
115,1/23/2021,19.462284231470225,
115,2/7/2021,29.19342634655507,
115,3/16/2021,45.41199653879666,
115,4/14/2021,45.41199653879666,
115,5/7/2021,35.680854423711814,
115,5/23/2021,35.680854423711814,
115,6/6/2021,66.33137402,
115,8/17/2021,45.41199653947385,
115,9/11/2021,45.41199653947385,
115,9/30/2021,38.924568462317104,
115,10/11/2021,38.924568462317104,
115,11/11/2021,32.43714038510653,
115,12/9/2021,29.19342634655507,
115,1/12/2022,19.462284231470225,
115,2/11/2022,16.218570192918772,
115,3/5/2022,32.43714038510653,
115,4/26/2022,32.437140385837544,
115,5/17/2022,55.14313865450486,
115,7/15/2022,42.168282500191374,
115,9/5/2022,45.41199653942001,
115,9/16/2022,35.680854423711814,
115,11/18/2022,45.41199653942001,
115,12/17/2022,61.63056673171543,
115,1/25/2023,32.43714038516036,
115,2/9/2023,19.462284230793042,
115,6/18/2023,41.74843461179366,
115,7/28/2023,58.38685269378733,
115,9/7/2023,55.14313865518204,
115,10/6/2023,35.680854423711814,
115,11/7/2023,25.949712307949785,
116,5/6/2017,22.705998269505997,
116,6/5/2017,55.14313865420452,
116,8/2/2017,42.16828250046055,
116,9/27/2017,61.63056673141509,
116,10/14/2017,22.70599826955983,
116,11/27/2017,29.19342634609323,
116,12/23/2017,,no intersection
116,1/6/2018,42.16828250046055,
116,2/10/2018,45.41199653906583,
116,3/27/2018,35.68085442324997,
116,4/2/2018,45.41199653906583,
116,6/10/2018,38.92456846190909,
116,7/15/2018,51.89942461627641,
116,8/31/2018,64.87428077002038,
116,9/13/2018,51.89942461565306,
116,10/15/2018,42.16828250046055,
116,11/16/2018,29.19342634609323,
116,12/13/2018,29.01520417965142,
116,1/1/2019,25.94971230816512,
116,2/22/2019,25.94971230748794,
116,4/30/2019,71.36170884723096,
116,5/20/2019,39.44319114554726,
116,6/18/2019,43.30642108530499,
116,7/17/2019,77.84913692376435,
116,8/19/2019,64.87428077002038,
116,9/8/2019,61.63056673141509,
116,10/7/2019,42.16828250051438,
116,11/22/2019,51.89942461559923,
116,12/5/2019,35.680854423303806,
116,1/31/2020,27.172700293020377,
116,2/12/2020,25.94971230748794,
116,3/12/2020,35.68085442392715,
116,5/23/2020,81.34840207898567,
116,6/17/2020,35.680854423303806,
116,7/15/2020,45.41199653911966,
116,9/23/2020,64.87428077002038,
116,10/22/2020,25.949712308111287,
116,11/21/2020,51.89942461559923,
116,12/23/2020,29.19342634609323,
116,1/23/2021,19.462284230954545,
116,2/7/2021,32.437140384698516,
116,3/16/2021,43.39127049,
116,4/14/2021,45.41199653906583,
116,5/7/2021,32.43714038532187,
116,5/23/2021,35.680854423303806,
116,6/6/2021,64.87428077,
116,8/17/2021,50.838614980359495,
116,9/11/2021,48.65571057704778,
116,9/30/2021,32.437140384698516,
116,10/11/2021,35.68085442324997,
116,11/11/2021,25.949712308111287,
116,12/9/2021,32.43714038464468,
116,1/12/2022,23.665914687285287,
116,2/11/2022,16.218570192295424,
116,3/5/2022,27.172700293020377,
116,4/26/2022,45.41199653838865,
116,5/17/2022,49.35255542775109,
116,7/15/2022,42.16828250046055,
116,9/5/2022,42.16828250051438,
116,9/16/2022,42.16828250046055,
116,11/18/2022,45.41199653906583,
116,12/17/2022,61.630566731468925,
116,1/25/2023,35.68085442324997,
116,2/9/2023,22.70599826955983,
116,6/18/2023,38.92456846185526,
116,7/28/2023,59.168546943523936,
116,9/7/2023,58.386852693486986,
116,10/6/2023,38.30505256070281,
116,11/7/2023,29.193426346716574,
117,5/6/2017,35.680854423711814,
117,6/5/2017,57.44086165127647,
117,8/2/2017,41.349098602199334,
117,9/27/2017,61.63056673228495,
117,10/14/2017,22.70599826939833,
117,11/27/2017,32.43714038510653,
117,12/23/2017,,no intersection
117,1/6/2018,55.143138655128205,
117,2/10/2018,35.680854423657976,
117,3/27/2018,35.680854423657976,
117,4/2/2018,47.836526679356076,
117,6/10/2018,32.43714038510653,
117,7/15/2018,55.14313865518204,
117,8/31/2018,70.85701154037709,
117,9/13/2018,58.386852693679664,
117,10/15/2018,49.993517157986645,
117,11/16/2018,32.43714038510653,
117,12/13/2018,24.043804849359677,
117,1/1/2019,42.168282500814726,
117,2/22/2019,29.19342634655507,
117,4/30/2019,74.60542288597509,
117,5/20/2019,39.443191143609226,
117,6/18/2019,45.41199653942001,
117,7/17/2019,71.36170884799314,
117,8/19/2019,63.10910582976399,
117,9/8/2019,61.63056673228495,
117,10/7/2019,48.65571057797146,
117,11/22/2019,48.65571058,
117,12/5/2019,35.680854423657976,
117,1/31/2020,33.46046037344519,
117,2/12/2020,22.70599826939833,
117,3/12/2020,35.302964260506904,
117,5/23/2020,81.09285096313182,
117,6/17/2020,41.349098602199334,
117,7/15/2020,55.143138655128205,
117,9/23/2020,58.386852693679664,
117,10/22/2020,24.043804849359677,
117,11/21/2020,48.65571057797146,
117,12/23/2020,25.949712307949785,
117,1/23/2021,29.193426346501237,
117,2/7/2021,38.92456846226327,
117,3/16/2021,49.552223422522324,
117,4/14/2021,51.351166540360055,
117,5/7/2021,27.28751888791113,
117,5/23/2021,42.168282500814726,
117,6/6/2021,64.87428077021306,
117,8/17/2021,58.386852693679664,
117,9/11/2021,55.143138655128205,
117,9/30/2021,45.41199653942001,
117,10/11/2021,38.92456846226327,
117,11/11/2021,25.57182214474488,
117,12/9/2021,27.414326031752758,
117,1/12/2022,17.683183915990732,
117,2/11/2022,16.218570192864938,
117,3/5/2022,29.193426346501237,
117,4/26/2022,38.92456846226327,
117,5/17/2022,51.89942461657675,
117,7/15/2022,48.65571057797146,
117,9/5/2022,51.89942461657675,
117,9/16/2022,42.168282500814726,
117,11/18/2022,40.26237504222461,
117,12/17/2022,58.386852693679664,
117,1/25/2023,35.680854423657976,
117,2/9/2023,25.57182214474488,
117,6/18/2023,35.680854423657976,
117,7/28/2023,54.63844135,
117,9/7/2023,55.143138655128205,
117,10/6/2023,42.168282500814726,
117,11/7/2023,32.43714038510653,
118,5/6/2017,34.93453139802444,
118,6/5/2017,62.454218706191504,
118,8/2/2017,48.65571057704778,
118,9/27/2017,61.63056673141509,
118,10/14/2017,22.128440092415836,
118,11/27/2017,29.19342634677041,
118,12/23/2017,,no intersection
118,1/6/2018,46.94947113404296,
118,2/10/2018,42.99193447529079,
118,3/27/2018,38.92456846190909,
118,4/2/2018,48.65571057767112,
118,6/10/2018,38.92456846190909,
118,7/15/2018,,no intersection
118,8/31/2018,58.08182340172539,
118,9/13/2018,58.38685269,
118,10/15/2018,49.14390036093259,
118,11/16/2018,35.680854423303806,
118,12/13/2018,35.680854423303806,
118,1/1/2019,54.01845519999287,
118,2/22/2019,25.94971230816512,
118,4/30/2019,70.61538582132825,
118,5/20/2019,36.50450639870356,
118,6/18/2019,42.16828250051438,
118,7/17/2019,84.33656500029774,
118,8/19/2019,,no intersection
118,9/8/2019,70.99774406196353,
118,10/7/2019,47.33182937467824,
118,11/22/2019,,no intersection
118,12/5/2019,42.16828250051438,
118,1/31/2020,25.94971230816512,
118,2/12/2020,22.70599826955983,
118,3/12/2020,35.680854423303806,
118,5/23/2020,70.61538582132825,
118,6/17/2020,41.86325320937613,
118,7/15/2020,49.038068818306414,
118,9/23/2020,61.63056673141509,
118,10/22/2020,25.949712308111287,
118,11/21/2020,48.35068128590953,
118,12/23/2020,29.19342634677041,
118,1/23/2021,30.730900941693694,
118,2/7/2021,42.16828250051438,
118,3/16/2021,51.89942461559923,
118,4/14/2021,45.41199653911966,
118,5/7/2021,25.94971230816512,
118,5/23/2021,38.92456846190909,
118,6/6/2021,58.38685269,
118,8/17/2021,58.38685269,
118,9/11/2021,56.68061324918163,
118,9/30/2021,38.92456846190909,
118,10/11/2021,38.61953917077085,
118,11/11/2021,25.949712308111287,
118,12/9/2021,29.19342634609323,
118,1/12/2022,12.974856154367318,
118,2/11/2022,12.97485615374397,
118,3/5/2022,19.462284230954545,
118,4/26/2022,38.92456846190909,
118,5/17/2022,48.65571057704778,
118,7/15/2022,49.751891438507116,
118,9/5/2022,49.038068818306414,
118,9/16/2022,47.63685866576265,
118,11/18/2022,42.16828250046055,
118,12/17/2022,49.038068818306414,
118,1/25/2023,25.949712308111287,
118,2/9/2023,24.24347286448312,
118,6/18/2023,35.68085442392715,
118,7/28/2023,58.386852692863634,
118,9/7/2023,51.59439532451482,
118,10/6/2023,41.86325320937613,
118,11/7/2023,38.92456846190909,
119,5/6/2017,28.857493897081913,
119,6/5/2017,58.38685269,
119,8/2/2017,45.41199653906583,
119,9/27/2017,51.89942461627641,
119,10/14/2017,25.949712308111287,
119,11/27/2017,32.43714038464468,
119,12/23/2017,,no intersection
119,1/6/2018,45.41199653906583,
119,2/10/2018,32.437140384698516,
119,3/27/2018,35.68085442392715,
119,4/2/2018,39.44319114554726,
119,6/10/2018,42.16828250046055,
119,7/15/2018,51.89942461627641,
119,8/31/2018,61.63056673141509,
119,9/13/2018,59.97075308,
119,10/15/2018,51.79406333,
119,11/16/2018,29.19342634609323,
119,12/13/2018,19.462284230954545,
119,1/1/2019,45.41199653906583,
119,2/22/2019,32.43714038464468,
119,4/30/2019,71.36170884723096,
119,5/20/2019,45.41199653906583,
119,6/18/2019,42.16828250046055,
119,7/17/2019,69.41384367536244,
119,8/19/2019,71.25634756210115,
119,9/8/2019,67.85939130854189,
119,10/7/2019,48.65571057767112,
119,11/22/2019,38.92456846185526,
119,12/5/2019,55.03777736907471,
119,1/31/2020,21.199426832455785,
119,2/12/2020,22.705998268882652,
119,3/12/2020,38.14734227813331,
119,5/23/2020,74.60542288583625,
119,6/17/2020,45.41199653906583,
119,7/15/2020,63.10910583288638,
119,9/23/2020,59.97075308,
119,10/22/2020,22.70599826955983,
119,11/21/2020,44.19347662120276,
119,12/23/2020,22.705998269505997,
119,1/23/2021,32.43714038464468,
119,2/7/2021,43.90542510201562,
119,3/16/2021,48.65571057699394,
119,4/14/2021,48.65571057767112,
119,5/7/2021,29.19342634609323,
119,5/23/2021,43.90542510201562,
119,6/6/2021,62.485121864064574,
119,8/17/2021,56.72703904080561,
119,9/11/2021,56.72703904080561,
119,9/30/2021,43.90542510201562,
119,10/11/2021,36.30483839207177,
119,11/11/2021,29.088065061586768,
119,12/9/2021,32.43714038532187,
119,1/12/2022,16.218570192349258,
119,2/11/2022,15.777276458208137,
119,3/5/2022,15.777276458208137,
119,4/26/2022,42.16828250046055,
119,5/17/2022,48.65571057699394,
119,7/15/2022,61.63056673141509,
119,9/5/2022,58.38685269,
119,9/16/2022,48.55034929254131,
119,11/18/2022,42.16828250046055,
119,12/17/2022,51.89942461559923,
119,1/25/2023,22.705998269505997,
119,2/9/2023,25.172486124389337,
119,6/18/2023,35.68085442324997,
119,7/28/2023,55.143138654881696,
119,9/7/2023,51.89942461559923,
119,10/6/2023,42.16828250046055,
119,11/7/2023,25.949712308111287,
12,5/6/2017,38.924568462317104,
12,6/5/2017,,no intersection
12,8/2/2017,45.41199653942001,
12,9/27/2017,,no intersection
12,10/14/2017,32.43714038510653,
12,11/27/2017,25.949712307949785,
12,12/23/2017,,no intersection
12,1/6/2018,31.08018742220876,
12,2/10/2018,18.105331268518622,
12,3/27/2018,22.70599827007551,
12,4/2/2018,22.70599827007551,
12,6/10/2018,32.43714038510653,
12,7/15/2018,51.50238806986591,
12,8/31/2018,55.14313865518204,
12,9/13/2018,61.63056673233878,
12,10/15/2018,47.29875762,
12,11/16/2018,38.924568462317104,
12,12/13/2018,6.487428077156742,
12,1/1/2019,21.349045307123912,
12,2/22/2019,25.949712307949785,
12,4/30/2019,51.89942461595341,
12,5/20/2019,26.865371536168087,
12,6/18/2019,25.949712307949785,
12,7/17/2019,71.36170884742363,
12,8/19/2019,68.11799480949553,
12,9/8/2019,64.87428077026689,
12,10/7/2019,40.80014410677616,
12,11/22/2019,35.680854423711814,
12,12/5/2019,19.462284231470225,
12,1/31/2020,25.022867649214035,
12,2/12/2020,19.462284231470225,
12,3/12/2020,32.43714038510653,
12,5/23/2020,58.38685269311014,
12,6/17/2020,55.14313865450486,
12,7/15/2020,55.14313865518204,
12,9/23/2020,77.84913692458036,
12,10/22/2020,42.16828250086856,
12,11/21/2020,55.187395843827844,
12,12/23/2020,,no intersection
12,1/23/2021,22.70599827007551,
12,2/7/2021,25.949712307949785,
12,3/16/2021,25.949712307949785,
12,4/14/2021,29.66779183941673,
12,5/7/2021,29.19342634655507,
12,5/23/2021,48.65571058,
12,6/6/2021,16.218570192864938,
12,8/17/2021,48.65571058,
12,9/11/2021,48.65571058,
12,9/30/2021,37.55643006817087,
12,10/11/2021,42.16828250086856,
12,11/11/2021,32.43714038516036,
12,12/9/2021,35.680854423711814,
12,1/12/2022,25.99396949727277,
12,2/11/2022,21.349045307123912,
12,3/5/2022,55.14313865518204,
12,4/26/2022,29.19342634655507,
12,5/17/2022,45.41199653879666,
12,7/15/2022,35.680854423711814,
12,9/5/2022,42.062450957888196,
12,9/16/2022,,no intersection
12,11/18/2022,48.65571058,
12,12/17/2022,45.41199653947385,
12,1/25/2023,22.70599827007551,
12,2/9/2023,,no intersection
12,6/18/2023,29.237683535878055,
12,7/28/2023,36.15521991657347,
12,9/7/2023,42.16828250086856,
12,10/6/2023,42.16828250086856,
12,11/7/2023,35.680854423711814,
120,5/6/2017,31.55455291490891,
120,6/5/2017,62.054882705581846,
120,8/2/2017,51.89942461657675,
120,9/27/2017,51.89942461657675,
120,10/14/2017,31.46024621,
120,11/27/2017,29.193426346501237,
120,12/23/2017,,no intersection
120,1/6/2018,48.65571058,
120,2/10/2018,35.680854423711814,
120,3/27/2018,35.77516113108369,
120,4/2/2018,34.373950979540126,
120,6/10/2018,38.92456846226327,
120,7/15/2018,51.89942461657675,
120,8/31/2018,61.63056673228495,
120,9/13/2018,55.143138655128205,
120,10/15/2018,48.638732816535054,
120,11/16/2018,35.680854423711814,
120,12/13/2018,22.70599826939833,
120,1/1/2019,42.168282500814726,
120,2/22/2019,29.193426346501237,
120,4/30/2019,68.11799480881834,
120,5/20/2019,42.168282500814726,
120,6/18/2019,45.41199653942001,
120,7/17/2019,58.386852693733495,
120,8/19/2019,68.11799480876451,
120,9/8/2019,68.21230151619022,
120,10/7/2019,51.89942461657675,
120,11/22/2019,39.443191143609226,
120,12/5/2019,48.638732816535054,
120,1/31/2020,35.680854423711814,
120,2/12/2020,25.949712307949785,
120,3/12/2020,45.41199653942001,
120,5/23/2020,77.84913692452653,
120,6/17/2020,45.41199653942001,
120,7/15/2020,63.014799122392105,
120,9/23/2020,59.77108508378682,
120,10/22/2020,22.705998269344494,
120,11/21/2020,42.168282500814726,
120,12/23/2020,27.886522902383383,
120,1/23/2021,29.19342634655507,
120,2/7/2021,48.65571058,
120,3/16/2021,50.15122743699458,
120,4/14/2021,53.39494147554604,
120,5/7/2021,32.86145636,
120,5/23/2021,48.638732816535054,
120,6/6/2021,62.684789855789916,
120,8/17/2021,61.630566731661595,
120,9/11/2021,56.52737104523536,
120,9/30/2021,48.65571057797146,
120,10/11/2021,42.16828250086856,
120,11/11/2021,25.949712307949785,
120,12/9/2021,33.93265724407581,
120,1/12/2022,16.218570192864938,
120,2/11/2022,19.462284230793042,
120,3/5/2022,22.705998270021677,
120,4/26/2022,40.420085321232555,
120,5/17/2022,45.41199653942001,
120,7/15/2022,55.143138655128205,
120,9/5/2022,59.77108508378682,
120,9/16/2022,45.41199653942001,
120,11/18/2022,42.168282500814726,
120,12/17/2022,51.89942461657675,
120,1/25/2023,29.19342634655507,
120,2/9/2023,29.193426346501237,
120,6/18/2023,35.680854423711814,
120,7/28/2023,51.89942461657675,
120,9/7/2023,48.65571057797146,
120,10/6/2023,42.168282500814726,
120,11/7/2023,31.46024621,
121,5/6/2017,35.53353541165801,
121,6/5/2017,64.87428077002038,
121,8/2/2017,45.41199653906583,
121,9/27/2017,64.87428077002038,
121,10/14/2017,35.68085442324997,
121,11/27/2017,29.193426346716574,
121,12/23/2017,,no intersection
121,1/6/2018,42.39293046098004,
121,2/10/2018,45.41199653906583,
121,3/27/2018,32.43714038464468,
121,4/2/2018,34.57361899382489,
121,6/10/2018,38.92456846185526,
121,7/15/2018,50.35089545208686,
121,8/31/2018,59.57141707178577,
121,9/13/2018,51.682778842654784,
121,10/15/2018,42.16828250046055,
121,11/16/2018,29.193426346716574,
121,12/13/2018,19.46228423090071,
121,1/1/2019,50.35089545208686,
121,2/22/2019,31.329904955219597,
121,4/30/2019,58.239533681164005,
121,5/20/2019,48.65571057699394,
121,6/18/2019,58.468103747362655,
121,7/17/2019,67.97067579697988,
121,8/19/2019,,no intersection
121,9/8/2019,71.36170884655378,
121,10/7/2019,55.14313865420452,
121,11/22/2019,45.63664449958532,
121,12/5/2019,48.65571057767112,
121,1/31/2020,35.97482914642248,
121,2/12/2020,25.949712308111287,
121,3/12/2020,42.27411404,
121,5/23/2020,77.84913692444154,
121,6/17/2020,58.38685269,
121,7/15/2020,,no intersection
121,9/23/2020,68.07871014114372,
121,10/22/2020,35.68085442324997,
121,11/21/2020,48.65571057699394,
121,12/23/2020,29.193426346716574,
121,1/23/2021,32.66178834584136,
121,2/7/2021,48.65571057767112,
121,3/16/2021,51.89942461559923,
121,4/14/2021,51.89942461559923,
121,5/7/2021,32.43714038532187,
121,5/23/2021,,no intersection
121,6/6/2021,58.61150065400648,
121,8/17/2021,71.36170884723096,
121,9/11/2021,64.87428077002038,
121,9/30/2021,51.89942461627641,
121,10/11/2021,42.16828250046055,
121,11/11/2021,29.193426346039395,
121,12/9/2021,32.43714038464468,
121,1/12/2022,19.75625895344987,
121,2/11/2022,22.705998269505997,
121,3/5/2022,12.974856154367318,
121,4/26/2022,35.68085442324997,
121,5/17/2022,40.99172030905963,
121,7/15/2022,58.38685269,
121,9/5/2022,64.87428077,
121,9/16/2022,51.89942461559923,
121,11/18/2022,48.65571057699394,
121,12/17/2022,55.14313865420452,
121,1/25/2023,29.193426346716574,
121,2/9/2023,26.243687030606612,
121,6/18/2023,34.50429223184906,
121,7/28/2023,45.41199653838865,
121,9/7/2023,61.63056673141509,
121,10/6/2023,42.39293046098004,
121,11/7/2023,32.43714038464468,
122,5/6/2017,21.77106181556811,
122,6/5/2017,64.87428077026689,
122,8/2/2017,58.38685269311014,
122,9/27/2017,58.38685269378733,
122,10/14/2017,29.659700044322257,
122,11/27/2017,27.817196157368205,
122,12/23/2017,,no intersection
122,1/6/2018,45.41199653947385,
122,2/10/2018,38.92456846226327,
122,3/27/2018,35.680854423711814,
122,4/2/2018,42.16828250086856,
122,6/10/2018,38.924568462317104,
122,7/15/2018,51.89942461663058,
122,8/31/2018,70.01284768,
122,9/13/2018,61.63056673171543,
122,10/15/2018,58.38685269311014,
122,11/16/2018,34.304624234524944,
122,12/13/2018,26.44335502710054,
122,1/1/2019,45.41199653947385,
122,2/22/2019,38.92456846226327,
122,4/30/2019,45.41199653947385,
122,5/20/2019,37.54833827,
122,6/18/2019,48.65571058,
122,7/17/2019,64.87428077026689,
122,8/19/2019,81.09285096313182,
122,9/8/2019,77.84913692458036,
122,10/7/2019,58.38685269311014,
122,11/22/2019,45.41199653942001,
122,12/5/2019,51.89942461663058,
122,1/31/2020,44.06313537161672,
122,2/12/2020,29.19342634655507,
122,3/12/2020,42.16828250086856,
122,5/23/2020,64.87428077026689,
122,6/17/2020,56.56932876918997,
122,7/15/2020,68.11799480881834,
122,9/23/2020,71.36170884742363,
122,10/22/2020,36.17449714286257,
122,11/21/2020,45.43697650183054,
122,12/23/2020,39.443191143824556,
122,1/23/2021,35.680854423711814,
122,2/7/2021,51.89942461663058,
122,3/16/2021,45.41199653942001,
122,4/14/2021,51.89942461663058,
122,5/7/2021,38.924568462317104,
122,5/23/2021,63.525419602409755,
122,6/6/2021,48.68069054043583,
122,8/17/2021,77.84913692458036,
122,9/11/2021,64.87428077026689,
122,9/30/2021,45.41199653942001,
122,10/11/2021,50.08190069203324,
122,11/11/2021,29.19342634655507,
122,12/9/2021,35.680854423711814,
122,1/12/2022,16.218570192918772,
122,2/11/2022,25.949712307949785,
122,3/5/2022,22.70599826939833,
122,4/26/2022,38.92456846226327,
122,5/17/2022,48.65571058,
122,7/15/2022,58.38685269378733,
122,9/5/2022,68.11799480881834,
122,9/16/2022,51.89942461663058,
122,11/18/2022,42.66192522001931,
122,12/17/2022,51.89942461663058,
122,1/25/2023,29.19342634655507,
122,2/9/2023,32.43714038516036,
122,6/18/2023,35.680854423711814,
122,7/28/2023,42.16828250086856,
122,9/7/2023,58.38685269311014,
122,10/6/2023,48.65571058,
122,11/7/2023,32.43714038510653,
123,5/6/2017,22.705998269505997,
123,6/5/2017,71.17243211163054,
123,8/2/2017,75.83194498808963,
123,9/27/2017,77.84913692376435,
123,10/14/2017,35.68085442324997,
123,11/27/2017,34.10495622177021,
123,12/23/2017,,no intersection
123,1/6/2018,38.92456846190909,
123,2/10/2018,60.054668529881496,
123,3/27/2018,40.59238429892695,
123,4/2/2018,45.41199653906583,
123,6/10/2018,35.68085442398098,
123,7/15/2018,48.65571057767112,
123,8/31/2018,68.11799480862567,
123,9/13/2018,64.87428077002038,
123,10/15/2018,58.386852692863634,
123,11/16/2018,45.41199653911966,
123,12/13/2018,34.10495622177021,
123,1/1/2019,58.212164643196616,
123,2/22/2019,38.92456846190909,
123,4/30/2019,58.38685269,
123,5/20/2019,40.59238429892695,
123,6/18/2019,47.506517424291424,
123,7/17/2019,71.36170884723096,
123,8/19/2019,100.55513519332418,
123,9/8/2019,100.36585845772377,
123,10/7/2019,55.14313865425835,
123,11/22/2019,51.89942461627641,
123,12/5/2019,49.882232679978344,
123,1/31/2020,42.16828250046055,
123,2/12/2020,22.866772411407755,
123,3/12/2020,,no intersection
123,5/23/2020,84.14728826537451,
123,6/17/2020,55.143138654881696,
123,7/15/2020,61.630566731468925,
123,9/23/2020,76.69994377038466,
123,10/22/2020,32.437140384698516,
123,11/21/2020,,no intersection
123,12/23/2020,38.92456846185526,
123,1/23/2021,32.437140384698516,
123,2/7/2021,45.41199653911966,
123,3/16/2021,38.92456846190909,
123,4/14/2021,55.143138654881696,
123,5/7/2021,35.680854423303806,
123,5/23/2021,58.386852692863634,
123,6/6/2021,77.84913692376435,
123,8/17/2021,81.09285096236964,
123,9/11/2021,68.11799480800232,
123,9/30/2021,36.37416515655516,
123,10/11/2021,48.65571057772496,
123,11/11/2021,29.19342634609323,
123,12/9/2021,35.68085442324997,
123,1/12/2022,10.43904153443109,
123,2/11/2022,29.19342634609323,
123,3/5/2022,25.94971230748794,
123,4/26/2022,24.800519154731592,
123,5/17/2022,51.89942461559923,
123,7/15/2022,55.143138654881696,
123,9/5/2022,64.87428077007422,
123,9/16/2022,45.41199653911966,
123,11/18/2022,38.92456846190909,
123,12/17/2022,49.882232679978344,
123,1/25/2023,31.554552916416274,
123,2/9/2023,32.437140384698516,
123,6/18/2023,32.437140384698516,
123,7/28/2023,45.41199653906583,
123,9/7/2023,60.481373578035395,
123,10/6/2023,44.26280338568614,
123,11/7/2023,41.01908934708085,
124,5/6/2017,22.705998269505997,
124,6/5/2017,67.74363875424223,
124,8/2/2017,75.63227698326554,
124,9/27/2017,77.84913692365669,
124,10/14/2017,48.65571057761729,
124,11/27/2017,29.193426346716574,
124,12/23/2017,,no intersection
124,1/6/2018,37.97504331276131,
124,2/10/2018,63.09871456,
124,3/27/2018,50.12385841008023,
124,4/2/2018,38.55021240820284,
124,6/10/2018,38.92456846180142,
124,7/15/2018,48.65571057761729,
124,8/31/2018,55.143138654827865,
124,9/13/2018,61.630566731361256,
124,10/15/2018,51.08377482764418,
124,11/16/2018,45.411996539011994,
124,12/13/2018,33.90528821778481,
124,1/1/2019,47.706185428523334,
124,2/22/2019,30.66157417917952,
124,4/30/2019,55.14313865415068,
124,5/20/2019,38.92456846185526,
124,6/18/2019,47.706185428523334,
124,7/17/2019,74.60542288572857,
124,8/19/2019,103.79884923176797,
124,9/8/2019,94.06770711600593,
124,10/7/2019,56.03611739179544,
124,11/22/2019,48.65571057761729,
124,12/5/2019,51.89942461554539,
124,1/31/2020,35.68085442324997,
124,2/12/2020,31.55455292,
124,3/12/2020,49.18879887274699,
124,5/23/2020,77.84913692433386,
124,6/17/2020,58.386852692702135,
124,7/15/2020,61.63056673,
124,9/23/2020,74.60542289,
124,10/22/2020,22.705998269505997,
124,11/21/2020,77.85952819212667,
124,12/23/2020,35.747792103792506,
124,1/23/2021,30.086405083684156,
124,2/7/2021,45.411996539011994,
124,3/16/2021,45.411996539011994,
124,4/14/2021,58.38685269337932,
124,5/7/2021,35.68085442324997,
124,5/23/2021,55.14313865415068,
124,6/6/2021,71.37210011559328,
124,8/17/2021,72.25468758409086,
124,9/11/2021,76.59219340088333,
124,9/30/2021,42.16828250040671,
124,10/11/2021,51.89942461554539,
124,11/11/2021,22.705998269505997,
124,12/9/2021,48.271029190862784,
124,1/12/2022,13.483087568589132,
124,2/11/2022,29.260364026635767,
124,3/5/2022,29.193426346039395,
124,4/26/2022,28.24390119694544,
124,5/17/2022,45.86368154178462,
124,7/15/2022,55.22046760327088,
124,9/5/2022,61.630566731361256,
124,9/16/2022,48.65571057761729,
124,11/18/2022,35.68085442324997,
124,12/17/2022,58.386852692755966,
124,1/25/2023,35.68085442387331,
124,2/9/2023,29.260364026635767,
124,6/18/2023,31.48761523555073,
124,7/28/2023,40.392716294318205,
124,9/7/2023,52.92627871375955,
124,10/6/2023,42.16828250046055,
124,11/7/2023,42.16828250046055,
125,5/6/2017,29.193426347232254,
125,6/5/2017,58.386852693733495,
125,8/2/2017,73.41427199717972,
125,9/27/2017,71.36170884742363,
125,10/14/2017,42.16828250086856,
125,11/27/2017,25.94971230800362,
125,12/23/2017,,no intersection
125,1/6/2018,38.92456846226327,
125,2/10/2018,51.89942461657675,
125,3/27/2018,51.89942461657675,
125,4/2/2018,41.59425844886067,
125,6/10/2018,38.92456846226327,
125,7/15/2018,48.65571058,
125,8/31/2018,45.41199653879666,
125,9/13/2018,45.10343312,
125,10/15/2018,42.168282500191374,
125,11/16/2018,48.655710577401955,
125,12/13/2018,45.41199653947385,
125,1/1/2019,41.418425347429846,
125,2/22/2019,29.19342634655507,
125,4/30/2019,55.14313865455869,
125,5/20/2019,35.210140854713316,
125,6/18/2019,60.43941584,
125,7/17/2019,75.25677588413377,
125,8/19/2019,90.82399308,
125,9/8/2019,90.82399308,
125,10/7/2019,55.14313865455869,
125,11/22/2019,48.65571058,
125,12/5/2019,55.97032475477155,
125,1/31/2020,48.65571058,
125,2/12/2020,34.93099727,
125,3/12/2020,51.89942461663058,
125,5/23/2020,84.33656500111377,
125,6/17/2020,61.63056673233878,
125,7/15/2020,58.38685269311014,
125,9/23/2020,71.36170884742363,
125,10/22/2020,16.218570192918772,
125,11/21/2020,63.109105830086996,
125,12/23/2020,42.16828250086856,
125,1/23/2021,25.94971230800362,
125,2/7/2021,48.65571058,
125,3/16/2021,36.77350115722716,
125,4/14/2021,61.63056673233878,
125,5/7/2021,32.43714038510653,
125,5/23/2021,61.630566731661595,
125,6/6/2021,68.32805407224373,
125,8/17/2021,71.36170884742363,
125,9/11/2021,68.11799480881834,
125,9/30/2021,45.41199653947385,
125,10/11/2021,48.65571058,
125,11/11/2021,29.19342634655507,
125,12/9/2021,34.14691395551701,
125,1/12/2022,12.974856154313484,
125,2/11/2022,29.19342634655507,
125,3/5/2022,29.06069602995767,
125,4/26/2022,25.94971230800362,
125,5/17/2022,48.65571058,
125,7/15/2022,55.14313865518204,
125,9/5/2022,63.109105830086996,
125,9/16/2022,48.65571058,
125,11/18/2022,35.680854423711814,
125,12/17/2022,60.88070957822289,
125,1/25/2023,40.01721519583244,
125,2/9/2023,25.94971230800362,
125,6/18/2023,29.19342634655507,
125,7/28/2023,45.41199653947385,
125,9/7/2023,45.41199653947385,
125,10/6/2023,40.19304829726327,
125,11/7/2023,48.65571058,
126,5/6/2017,32.54603578968017,
126,6/5/2017,59.45566451562458,
126,8/2/2017,74.60542288515906,
126,9/27/2017,71.36170884655378,
126,10/14/2017,45.41199653844249,
126,11/27/2017,25.949712308111287,
126,12/23/2017,,no intersection
126,1/6/2018,38.92456846185526,
126,2/10/2018,55.14313865420452,
126,3/27/2018,58.38685269,
126,4/2/2018,64.87428077002038,
126,6/10/2018,25.94971230816512,
126,7/15/2018,55.14313865420452,
126,8/31/2018,35.680854423303806,
126,9/13/2018,45.41199653906583,
126,10/15/2018,42.16828250051438,
126,11/16/2018,45.41199653906583,
126,12/13/2018,58.38685269,
126,1/1/2019,38.92456846185526,
126,2/22/2019,25.94971230748794,
126,4/30/2019,55.552865932861025,
126,5/20/2019,32.43714038464468,
126,6/18/2019,61.63056673141509,
126,7/17/2019,70.81151971,
126,8/19/2019,87.58027903958022,
126,9/8/2019,81.09285096236964,
126,10/7/2019,51.89942461559923,
126,11/22/2019,42.16828250046055,
126,12/5/2019,61.63056673141509,
126,1/31/2020,48.65571057767112,
126,2/12/2020,27.242027054996207,
126,3/12/2020,51.89942461627641,
126,5/23/2020,86.77502052,
126,6/17/2020,64.87428077002038,
126,7/15/2020,64.32409163089761,
126,9/23/2020,74.60542288515906,
126,10/22/2020,35.68085442324997,
126,11/21/2020,64.87428077002038,
126,12/23/2020,42.16828250046055,
126,1/23/2021,25.94971230748794,
126,2/7/2021,48.65571057767112,
126,3/16/2021,42.16828250046055,
126,4/14/2021,67.12651193468459,
126,5/7/2021,38.92456846185526,
126,5/23/2021,61.63056673141509,
126,6/6/2021,68.11799480862567,
126,8/17/2021,68.11799480862567,
126,9/11/2021,87.58027903958022,
126,9/30/2021,45.41199653844249,
126,10/11/2021,41.61809336133777,
126,11/11/2021,32.43714038464468,
126,12/9/2021,34.68937154998607,
126,1/12/2022,21.413683521997733,
126,2/11/2022,25.94971230748794,
126,3/5/2022,38.37437932273248,
126,4/26/2022,33.94724594227776,
126,5/17/2022,48.65571057767112,
126,7/15/2022,54.151655780940615,
126,9/5/2022,61.080377592292315,
126,9/16/2022,55.14313865420452,
126,11/18/2022,32.43714038464468,
126,12/17/2022,60.41558093340387,
126,1/25/2023,35.680854423303806,
126,2/9/2023,25.94971230748794,
126,6/18/2023,35.68085442324997,
126,7/28/2023,45.41199653906583,
126,9/7/2023,39.44319114554726,
126,10/6/2023,43.23709432327532,
126,11/7/2023,48.65571057767112,
127,5/6/2017,49.26510585,
127,6/5/2017,62.23996200430449,
127,8/2/2017,75.21481816,
127,9/27/2017,71.36170885,
127,10/14/2017,51.36735829049268,
127,11/27/2017,38.92456846226327,
127,12/23/2017,,no intersection
127,1/6/2018,42.168282500814726,
127,2/10/2018,62.23996200430449,
127,3/27/2018,62.23996200430449,
127,4/2/2018,63.10910582981782,
127,6/10/2018,22.705998270021677,
127,7/15/2018,55.22046760106368,
127,8/31/2018,32.43714038510653,
127,9/13/2018,38.92456846226327,
127,10/15/2018,35.680854423657976,
127,11/16/2018,58.38685269311014,
127,12/13/2018,51.89942461657675,
127,1/1/2019,38.92456846226327,
127,2/22/2019,20.772721791770692,
127,4/30/2019,55.143138655128205,
127,5/20/2019,32.43714038510653,
127,6/18/2019,64.87428077083639,
127,7/17/2019,68.11799480881834,
127,8/19/2019,86.77502052,
127,9/8/2019,84.33656500168328,
127,10/7/2019,51.89942461589957,
127,11/22/2019,43.21897150829858,
127,12/5/2019,55.14313865445102,
127,1/31/2020,49.706399585401485,
127,2/12/2020,19.462284230846876,
127,3/12/2020,56.19382766255823,
127,5/23/2020,84.33656500168328,
127,6/17/2020,58.386852693679664,
127,7/15/2020,71.34826520263168,
127,9/23/2020,78.89982593195657,
127,10/22/2020,42.168282500814726,
127,11/21/2020,61.63056673228495,
127,12/23/2020,38.92456846226327,
127,1/23/2021,25.94971230800362,
127,2/7/2021,45.41199653936618,
127,3/16/2021,48.65571057797146,
127,4/14/2021,57.41349263218511,
127,5/7/2021,38.92456846226327,
127,5/23/2021,51.89942461589957,
127,6/6/2021,68.11799481,
127,8/17/2021,68.11799480881834,
127,9/11/2021,77.84913692452653,
127,9/30/2021,45.41199653942001,
127,10/11/2021,42.168282500814726,
127,11/11/2021,35.680854423657976,
127,12/9/2021,32.43714038510653,
127,1/12/2022,12.97485615425965,
127,2/11/2022,25.949712307949785,
127,3/5/2022,42.168282500814726,
127,4/26/2022,25.949712307949785,
127,5/17/2022,48.65571058,
127,7/15/2022,45.41199653942001,
127,9/5/2022,61.630566731661595,
127,9/16/2022,51.899424616522914,
127,11/18/2022,35.680854423657976,
127,12/17/2022,58.38685269311014,
127,1/25/2023,32.43714038516036,
127,2/9/2023,32.43714038510653,
127,6/18/2023,35.680854423657976,
127,7/28/2023,62.05841682233396,
127,9/7/2023,45.41199653942001,
127,10/6/2023,35.680854423711814,
127,11/7/2023,42.16828250086856,
128,5/6/2017,48.65571057767112,
128,6/5/2017,58.38685269,
128,8/2/2017,74.60542288583625,
128,9/27/2017,77.84913692376435,
128,10/14/2017,55.14313865420452,
128,11/27/2017,40.61621922,
128,12/23/2017,,no intersection
128,1/6/2018,55.143138654881696,
128,2/10/2018,64.87428077002038,
128,3/27/2018,58.38685269,
128,4/2/2018,62.300042544151026,
128,6/10/2018,19.752724835997903,
128,7/15/2018,51.89942461627641,
128,8/31/2018,35.90903650189861,
128,9/13/2018,45.41199653844249,
128,10/15/2018,38.92456846190909,
128,11/16/2018,58.386852692863634,
128,12/13/2018,51.89942461559923,
128,1/1/2019,38.19283412267078,
128,2/22/2019,22.705998269505997,
128,4/30/2019,48.65571057767112,
128,5/20/2019,35.68085442392715,
128,6/18/2019,61.63056673141509,
128,7/17/2019,71.36170884723096,
128,8/19/2019,84.33656500097493,
128,9/8/2019,84.33656500097493,
128,10/7/2019,67.90488315245601,
128,11/22/2019,42.16828250046055,
128,12/5/2019,64.87428077,
128,1/31/2020,45.41199653906583,
128,2/12/2020,35.68085442324997,
128,3/12/2020,57.21382461886086,
128,5/23/2020,78.07731900235916,
128,6/17/2020,57.21382461886086,
128,7/15/2020,74.60542288583625,
128,9/23/2020,81.09285096231581,
128,10/22/2020,38.92456846185526,
128,11/21/2020,61.63056673141509,
128,12/23/2020,38.92456846185526,
128,1/23/2021,25.949712308111287,
128,2/7/2021,51.89942461559923,
128,3/16/2021,42.16828250046055,
128,4/14/2021,57.794705829624746,
128,5/7/2021,35.68085442324997,
128,5/23/2021,51.89942461627641,
128,6/6/2021,62.439630020150446,
128,8/17/2021,71.36170884723096,
128,9/11/2021,84.33656500097493,
128,9/30/2021,45.41199653911966,
128,10/11/2021,35.68085442324997,
128,11/11/2021,38.92456846185526,
128,12/9/2021,41.57613563727549,
128,1/12/2022,12.97485615374397,
128,2/11/2022,27.060481854988343,
128,3/5/2022,39.59404427459119,
128,4/26/2022,22.415557664462646,
128,5/17/2022,45.41199653838865,
128,7/15/2022,41.57613563727549,
128,9/5/2022,68.11799480794848,
128,9/16/2022,55.143138654881696,
128,11/18/2022,29.193426346716574,
128,12/17/2022,58.38685269,
128,1/25/2023,32.28628725560075,
128,2/9/2023,25.949712308111287,
128,6/18/2023,38.92456846185526,
128,7/28/2023,58.386852693486986,
128,9/7/2023,42.16828250046055,
128,10/6/2023,45.41199653906583,
128,11/7/2023,42.16828250046055,
129,5/6/2017,47.331829374624405,
129,6/5/2017,64.87428077002038,
129,8/2/2017,68.11799480862567,
129,9/27/2017,77.84913692376435,
129,10/14/2017,55.14313865425835,
129,11/27/2017,37.55187238,
129,12/23/2017,,no intersection
129,1/6/2018,58.38685269,
129,2/10/2018,64.87428077002038,
129,3/27/2018,58.386852692863634,
129,4/2/2018,68.11799480862567,
129,6/10/2018,19.462284230954545,
129,7/15/2018,55.14313865425835,
129,8/31/2018,38.92456846185526,
129,9/13/2018,42.16828250046055,
129,10/15/2018,42.16828250046055,
129,11/16/2018,48.65571057767112,
129,12/13/2018,54.21173630844209,
129,1/1/2019,38.92456846190909,
129,2/22/2019,19.462284230954545,
129,4/30/2019,47.331829374624405,
129,5/20/2019,32.43714038532187,
129,6/18/2019,68.11799480862567,
129,7/17/2019,69.56801983808009,
129,8/19/2019,89.01000326346364,
129,9/8/2019,84.33656500097493,
129,10/7/2019,55.143138654881696,
129,11/22/2019,42.16828250051438,
129,12/5/2019,68.11799480862567,
129,1/31/2020,38.97338333944311,
129,2/12/2020,39.44319114554726,
129,3/12/2020,48.65571057767112,
129,5/23/2020,78.88638229109452,
129,6/17/2020,48.65571057767112,
129,7/15/2020,64.87428077,
129,9/23/2020,81.09285096236964,
129,10/22/2020,29.19342634609323,
129,11/21/2020,69.12672610326179,
129,12/23/2020,42.16828250051438,
129,1/23/2021,19.46228423090071,
129,2/7/2021,42.16828250051438,
129,3/16/2021,38.97338333944311,
129,4/14/2021,61.63056673141509,
129,5/7/2021,29.19342634609323,
129,5/23/2021,48.65571057699394,
129,6/6/2021,58.386852692863634,
129,8/17/2021,61.679381609002945,
129,9/11/2021,71.36170884655378,
129,9/30/2021,38.92456846185526,
129,10/11/2021,32.437140384698516,
129,11/11/2021,32.437140384698516,
129,12/9/2021,43.07938404070581,
129,1/12/2022,16.169755315438586,
129,2/11/2022,22.754813147093852,
129,3/5/2022,42.63809030656469,
129,4/26/2022,25.45960369648998,
129,5/17/2022,45.01951768188922,
129,7/15/2022,35.28837556675054,
129,9/5/2022,58.41536676482666,
129,9/16/2022,48.65571057699394,
129,11/18/2022,29.19342634609323,
129,12/17/2022,55.191953531792365,
129,1/25/2023,25.94971230748794,
129,2/9/2023,29.193426346716574,
129,6/18/2023,42.16828250051438,
129,7/28/2023,64.87428077002038,
129,9/7/2023,39.39437627,
129,10/6/2023,35.680854423303806,
129,11/7/2023,42.16828250051438,
13,5/6/2017,25.94971230816512,
13,6/5/2017,,no intersection
13,8/2/2017,48.65571057704778,
13,9/27/2017,,no intersection
13,10/14/2017,32.43714039,
13,11/27/2017,29.19342634677041,
13,12/23/2017,,no intersection
13,1/6/2018,25.94971230816512,
13,2/10/2018,25.94971230816512,
13,3/27/2018,22.70599826955983,
13,4/2/2018,25.94971230816512,
13,6/10/2018,35.680854423303806,
13,7/15/2018,45.41199653911966,
13,8/31/2018,55.14313865425835,
13,9/13/2018,58.386852692863634,
13,10/15/2018,58.386852692863634,
13,11/16/2018,42.16828250051438,
13,12/13/2018,12.289637219202497,
13,1/1/2019,25.94971230816512,
13,2/22/2019,29.19342634677041,
13,4/30/2019,48.45834204403802,
13,5/20/2019,29.19342634677041,
13,6/18/2019,41.04176983,
13,7/17/2019,74.60542289,
13,8/19/2019,74.60542288515906,
13,9/8/2019,71.36170884660761,
13,10/7/2019,51.89942461565306,
13,11/22/2019,34.55434175462121,
13,12/5/2019,25.94971230816512,
13,1/31/2020,29.19342634677041,
13,2/12/2020,19.462284230954545,
13,3/12/2020,22.70599826955983,
13,5/23/2020,55.14313865425835,
13,6/17/2020,55.14313865425835,
13,7/15/2020,58.386852692863634,
13,9/23/2020,74.60542288583625,
13,10/22/2020,35.68085442398098,
13,11/21/2020,45.41199653911966,
13,12/23/2020,,no intersection
13,1/23/2021,29.19342634677041,
13,2/7/2021,29.19342634677041,
13,3/16/2021,29.19342634677041,
13,4/14/2021,35.680854423303806,
13,5/7/2021,35.680854423303806,
13,5/23/2021,51.73282836474975,
13,6/6/2021,38.92456846190909,
13,8/17/2021,55.14313865425835,
13,9/11/2021,51.89942461565306,
13,9/30/2021,37.767283510442866,
13,10/11/2021,29.19342634677041,
13,11/11/2021,24.823199638805345,
13,12/9/2021,35.680854423303806,
13,1/12/2022,26.193637508619307,
13,2/11/2022,25.94971230816512,
13,3/5/2022,58.386852692863634,
13,4/26/2022,32.437140384698516,
13,5/17/2022,41.04176983,
13,7/15/2022,32.681065585829884,
13,9/5/2022,51.89942461627641,
13,9/16/2022,,no intersection
13,11/18/2022,42.16828250051438,
13,12/17/2022,42.16828250051438,
13,1/25/2023,22.70599826955983,
13,2/9/2023,,no intersection
13,6/18/2023,29.19342634677041,
13,7/28/2023,38.92456846190909,
13,9/7/2023,42.16828250051438,
13,10/6/2023,42.16828250051438,
13,11/7/2023,29.19342634677041,
130,5/6/2017,48.65571057797146,
130,6/5/2017,67.48389020881793,
130,8/2/2017,77.21503232452613,
130,9/27/2017,80.92169703938578,
130,10/14/2017,60.49949639183629,
130,11/27/2017,35.680854423711814,
130,12/23/2017,,no intersection
130,1/6/2018,56.79283167629947,
130,2/10/2018,68.11799481,
130,3/27/2018,57.255782353231005,
130,4/2/2018,68.11799481,
130,6/10/2018,22.70599826939833,
130,7/15/2018,55.143138655128205,
130,8/31/2018,45.41199653942001,
130,9/13/2018,38.92456846226327,
130,10/15/2018,45.41199653879666,
130,11/16/2018,48.65571057734812,
130,12/13/2018,58.386852693733495,
130,1/1/2019,30.843119368349683,
130,2/22/2019,19.462284230846876,
130,4/30/2019,45.41199653942001,
130,5/20/2019,33.14857393161192,
130,6/18/2019,70.72760424736938,
130,7/17/2019,64.87428077021306,
130,8/19/2019,99.92103059392446,
130,9/8/2019,86.77502051591875,
130,10/7/2019,58.38685269305631,
130,11/22/2019,38.92456846226327,
130,12/5/2019,58.386852693733495,
130,1/31/2020,35.680854423711814,
130,2/12/2020,38.73175759710383,
130,3/12/2020,42.168282500814726,
130,5/23/2020,83.70246040105953,
130,6/17/2020,51.89942461657675,
130,7/15/2020,62.86062295951295,
130,9/23/2020,81.09285096307799,
130,10/22/2020,32.43714038510653,
130,11/21/2020,71.36170884799314,
130,12/23/2020,48.46289971286586,
130,1/23/2021,19.462284230793042,
130,2/7/2021,42.16828250086856,
130,3/16/2021,32.43714038510653,
130,4/14/2021,55.22046760106368,
130,5/7/2021,35.680854423711814,
130,5/23/2021,51.89942461595341,
130,6/6/2021,68.11799481,
130,8/17/2021,55.14313865450486,
130,9/11/2021,58.38685269305631,
130,9/30/2021,42.168282500814726,
130,10/11/2021,32.43714038516036,
130,11/11/2021,23.417431815903726,
130,12/9/2021,42.168282500814726,
130,1/12/2022,12.97485615425965,
130,2/11/2022,22.70599826939833,
130,3/5/2022,39.443191143609226,
130,4/26/2022,19.462284230793042,
130,5/17/2022,42.168282500814726,
130,7/15/2022,34.99107781861981,
130,9/5/2022,51.89942461595341,
130,9/16/2022,48.65571057797146,
130,11/18/2022,29.19342634655507,
130,12/17/2022,54.971984730812636,
130,1/25/2023,22.70599826939833,
130,2/9/2023,22.954481139649374,
130,6/18/2023,37.79349812176078,
130,7/28/2023,71.36170885,
130,9/7/2023,35.95099423475289,
130,10/6/2023,35.680854423711814,
130,11/7/2023,35.680854423657976,
131,5/6/2017,48.65571057767112,
131,6/5/2017,67.68355822487922,
131,8/2/2017,71.36170884723096,
131,9/27/2017,81.09285096236964,
131,10/14/2017,64.87428077002038,
131,11/27/2017,34.72779515654254,
131,12/23/2017,,no intersection
131,1/6/2018,55.143138654881696,
131,2/10/2018,64.87428077002038,
131,3/27/2018,64.43984418627393,
131,4/2/2018,71.36170884723096,
131,6/10/2018,19.46228423090071,
131,7/15/2018,55.14313865420452,
131,8/31/2018,48.65571057699394,
131,9/13/2018,38.92456846185526,
131,10/15/2018,45.41199653838865,
131,11/16/2018,53.371106566675834,
131,12/13/2018,55.14313865420452,
131,1/1/2019,25.94971230816512,
131,2/22/2019,19.462284230954545,
131,4/30/2019,54.70870207113526,
131,5/20/2019,32.43714038532187,
131,6/18/2019,64.43984418627393,
131,7/17/2019,68.11799480794848,
131,8/19/2019,97.31142115539608,
131,9/8/2019,87.14584245583377,
131,10/7/2019,62.66095494767339,
131,11/22/2019,35.68085442392715,
131,12/5/2019,45.41199653838865,
131,1/31/2020,35.68085442324997,
131,2/12/2020,28.30398172673912,
131,3/12/2020,37.53021546038336,
131,5/23/2020,76.07710483623566,
131,6/17/2020,55.143138654881696,
131,7/15/2020,61.63056673141509,
131,9/23/2020,81.09285096236964,
131,10/22/2020,32.43714038532187,
131,11/21/2020,68.11799480862567,
131,12/23/2020,45.41199653844249,
131,1/23/2021,19.46228423090071,
131,2/7/2021,42.1682825,
131,3/16/2021,32.43714038464468,
131,4/14/2021,55.14313865420452,
131,5/7/2021,32.437140384698516,
131,5/23/2021,51.89942461627641,
131,6/6/2021,61.63056673141509,
131,8/17/2021,58.38685269,
131,9/11/2021,62.078717616628076,
131,9/30/2021,38.99504026033427,
131,10/11/2021,29.193426346716574,
131,11/11/2021,38.92456846185526,
131,12/9/2021,42.68004803308068,
131,1/12/2022,16.218570192349258,
131,2/11/2022,19.46228423090071,
131,3/5/2022,42.16828250046055,
131,4/26/2022,25.94971230748794,
131,5/17/2022,42.16828250046055,
131,7/15/2022,29.19342634609323,
131,9/5/2022,51.89942461559923,
131,9/16/2022,48.65571057767112,
131,11/18/2022,35.680854423303806,
131,12/17/2022,48.65571057699394,
131,1/25/2023,22.705998269505997,
131,2/9/2023,25.949712308111287,
131,6/18/2023,37.53021546038336,
131,7/28/2023,68.11799480794848,
131,9/7/2023,42.16828250046055,
131,10/6/2023,34.35011606986241,
131,11/7/2023,35.680854423303806,
132,5/6/2017,51.66465602783954,
132,6/5/2017,61.63056673233878,
132,8/2/2017,68.11799480887217,
132,9/27/2017,81.09285096318565,
132,10/14/2017,61.395798143601574,
132,11/27/2017,35.680854423711814,
132,12/23/2017,,no intersection
132,1/6/2018,48.655710577401955,
132,2/10/2018,63.109105830086996,
132,3/27/2018,61.395798143601574,
132,4/2/2018,71.36170884742363,
132,6/10/2018,23.35381715142825,
132,7/15/2018,53.61273230311601,
132,8/31/2018,48.65571058,
132,9/13/2018,35.680854423711814,
132,10/15/2018,38.171177192072435,
132,11/16/2018,51.89942461595341,
132,12/13/2018,55.14313865518204,
132,1/1/2019,19.462284230846876,
132,2/22/2019,16.21857019224159,
132,4/30/2019,48.65571058,
132,5/20/2019,32.43714038510653,
132,6/18/2019,58.38685269378733,
132,7/17/2019,56.41515260631081,
132,8/19/2019,97.31142116,
132,9/8/2019,84.33656500173711,
132,10/7/2019,51.89942461663058,
132,11/22/2019,32.43714038516036,
132,12/5/2019,51.89942461657675,
132,1/31/2020,32.43714038578371,
132,2/12/2020,25.949712307949785,
132,3/12/2020,35.680854423711814,
132,5/23/2020,74.60542288602892,
132,6/17/2020,56.41515260631081,
132,7/15/2020,61.63056673171543,
132,9/23/2020,81.09285096250848,
132,10/22/2020,38.92456846226327,
132,11/21/2020,69.72573010708902,
132,12/23/2020,42.16828250086856,
132,1/23/2021,16.86638907427151,
132,2/7/2021,38.92456846226327,
132,3/16/2021,32.43714038516036,
132,4/14/2021,51.89942461595341,
132,5/7/2021,26.26180984289164,
132,5/23/2021,42.16828250086856,
132,6/6/2021,63.109105830086996,
132,8/17/2021,57.81636275790822,
132,9/11/2021,61.63056673171543,
132,9/30/2021,38.924568462317104,
132,10/11/2021,35.680854423711814,
132,11/11/2021,35.680854423711814,
132,12/9/2021,51.89942461657675,
132,1/12/2022,15.570751310888852,
132,2/11/2022,19.462284230846876,
132,3/5/2022,38.92456846226327,
132,4/26/2022,26.156237454623056,
132,5/17/2022,38.92456846226327,
132,7/15/2022,35.680854423711814,
132,9/5/2022,51.89942461663058,
132,9/16/2022,48.655710577401955,
132,11/18/2022,35.680854423711814,
132,12/17/2022,52.547243497983324,
132,1/25/2023,23.66591468631627,
132,2/9/2023,29.19342634655507,
132,6/18/2023,38.924568462317104,
132,7/28/2023,61.630566731661595,
132,9/7/2023,39.57238734366984,
132,10/6/2023,32.43714038516036,
132,11/7/2023,40.97359749589059,
133,5/6/2017,42.16828250040671,
133,6/5/2017,56.65677833,
133,8/2/2017,74.60542289,
133,9/27/2017,77.84913692365669,
133,10/14/2017,55.14313865477403,
133,11/27/2017,29.193426346716574,
133,12/23/2017,,no intersection
133,1/6/2018,45.411996539011994,
133,2/10/2018,51.89942461554539,
133,3/27/2018,55.14313865415068,
133,4/2/2018,64.87428076991272,
133,6/10/2018,22.705998268828818,
133,7/15/2018,51.899424616168744,
133,8/31/2018,42.16828250046055,
133,9/13/2018,29.193426346716574,
133,10/15/2018,38.92456846185526,
133,11/16/2018,42.16828250040671,
133,12/13/2018,48.65571057761729,
133,1/1/2019,16.218570192295424,
133,2/22/2019,19.46228423090071,
133,4/30/2019,51.89942461554539,
133,5/20/2019,32.43714038464468,
133,6/18/2019,58.386852692702135,
133,7/17/2019,71.36170884717713,
133,8/19/2019,97.31142115,
133,9/8/2019,87.58027903941871,
133,10/7/2019,48.65571057761729,
133,11/22/2019,32.43714038464468,
133,12/5/2019,55.14313865477403,
133,1/31/2020,39.44319114517042,
133,2/12/2020,29.193426346716574,
133,3/12/2020,29.193426346039395,
133,5/23/2020,71.36170885,
133,6/17/2020,55.14313865415068,
133,7/15/2020,58.386852692755966,
133,9/23/2020,80.09783396925388,
133,10/22/2020,45.411996539011994,
133,11/21/2020,66.68168408063778,
133,12/23/2020,38.92456846185526,
133,1/23/2021,16.218570192295424,
133,2/7/2021,32.43714038464468,
133,3/16/2021,29.305855870496057,
133,4/14/2021,55.143138654827865,
133,5/7/2021,37.92955146879334,
133,5/23/2021,38.924568462478604,
133,6/6/2021,61.63056673130742,
133,8/17/2021,55.14313865415068,
133,9/11/2021,63.87926377690463,
133,9/30/2021,45.411996539011994,
133,10/11/2021,32.43714038464468,
133,11/11/2021,38.92456846180142,
133,12/9/2021,50.16935025399437,
133,1/12/2022,16.218570192349258,
133,2/11/2022,16.218570192295424,
133,3/5/2022,42.16828250040671,
133,4/26/2022,25.949712308111287,
133,5/17/2022,35.68085442324997,
133,7/15/2022,35.68085442324997,
133,9/5/2022,55.14313865415068,
133,9/16/2022,51.89942461554539,
133,11/18/2022,35.68085442319614,
133,12/17/2022,46.25948343211929,
133,1/25/2023,22.705998269505997,
133,2/9/2023,29.305855870496057,
133,6/18/2023,32.43714038464468,
133,7/28/2023,55.14313865415068,
133,9/7/2023,35.68085442387331,
133,10/6/2023,35.68085442319614,
133,11/7/2023,42.16828250040671,
134,5/6/2017,45.41199653911966,
134,6/5/2017,64.87428077007422,
134,8/2/2017,71.36170884723096,
134,9/27/2017,,no intersection
134,10/14/2017,55.14313865425835,
134,11/27/2017,31.908608167090247,
134,12/23/2017,,no intersection
134,1/6/2018,51.89942461627641,
134,2/10/2018,51.89942461633024,
134,3/27/2018,58.551420125827825,
134,4/2/2018,68.11799480862567,
134,6/10/2018,19.462284230954545,
134,7/15/2018,47.419067858714904,
134,8/31/2018,38.92456846185526,
134,9/13/2018,32.43714038464468,
134,10/15/2018,35.68085442324997,
134,11/16/2018,42.16828250051438,
134,12/13/2018,45.41199653906583,
134,1/1/2019,12.974856154421152,
134,2/22/2019,19.462284230954545,
134,4/30/2019,51.89942461627641,
134,5/20/2019,29.19342634677041,
134,6/18/2019,55.143138654881696,
134,7/17/2019,71.36170884655378,
134,8/19/2019,100.55513519332418,
134,9/8/2019,77.84913692376435,
134,10/7/2019,42.16828250046055,
134,11/22/2019,32.43714039,
134,12/5/2019,50.66278189669684,
134,1/31/2020,29.19342634609323,
134,2/12/2020,29.19342634677041,
134,3/12/2020,29.19342634677041,
134,5/23/2020,68.11799480862567,
134,6/17/2020,45.41199653906583,
134,7/15/2020,61.63056673141509,
134,9/23/2020,77.05378793894926,
134,10/22/2020,42.16828250051438,
134,11/21/2020,61.63056673141509,
134,12/23/2020,42.16828250046055,
134,1/23/2021,16.218570192349258,
134,2/7/2021,32.43714039,
134,3/16/2021,25.949712308111287,
134,4/14/2021,48.65571057704778,
134,5/7/2021,29.193426346716574,
134,5/23/2021,38.92456846185526,
134,6/6/2021,58.38685269343315,
134,8/17/2021,52.772102549965204,
134,9/11/2021,64.87428077002038,
134,9/30/2021,38.92456846185526,
134,10/11/2021,34.88550543848871,
134,11/11/2021,25.949712308111287,
134,12/9/2021,55.14313865425835,
134,1/12/2022,22.70599826955983,
134,2/11/2022,17.973835594943644,
134,3/5/2022,41.37293351569928,
134,4/26/2022,29.547481596767206,
134,5/17/2022,38.92456846190909,
134,7/15/2022,35.68085442398098,
134,9/5/2022,49.70286547891755,
134,9/16/2022,54.34778966944325,
134,11/18/2022,38.12921947709399,
134,12/17/2022,42.16828250046055,
134,1/25/2023,23.66591468733912,
134,2/9/2023,25.949712308111287,
134,6/18/2023,25.862473824020796,
134,7/28/2023,58.386852692863634,
134,9/7/2023,36.72800932517359,
134,10/6/2023,29.19342634609323,
134,11/7/2023,42.16828250046055,
135,5/6/2017,55.14313865450486,
135,6/5/2017,74.60542288597509,
135,8/2/2017,64.87428077026689,
135,9/27/2017,68.11799480887217,
135,10/14/2017,48.655710577401955,
135,11/27/2017,32.43714038516036,
135,12/23/2017,,no intersection
135,1/6/2018,42.16828250086856,
135,2/10/2018,,no intersection
135,3/27/2018,68.11799480887217,
135,4/2/2018,71.36170884742363,
135,6/10/2018,16.21857019224159,
135,7/15/2018,42.16828250086856,
135,8/31/2018,44.68379632,
135,9/13/2018,35.680854423711814,
135,10/15/2018,40.17139135803442,
135,11/16/2018,40.144703677633636,
135,12/13/2018,32.43714038510653,
135,1/1/2019,16.81425118347832,
135,2/22/2019,16.21857019224159,
135,4/30/2019,58.38685269311014,
135,5/20/2019,25.949712307949785,
135,6/18/2019,48.36880409854873,
135,7/17/2019,71.36170884742363,
135,8/19/2019,107.04256327113545,
135,9/8/2019,71.36170884742363,
135,10/7/2019,45.41199653879666,
135,11/22/2019,48.36880409854873,
135,12/5/2019,51.89942461663058,
135,1/31/2020,32.43714038516036,
135,2/12/2020,22.70599826939833,
135,3/12/2020,29.19342634655507,
135,5/23/2020,65.98858444301108,
135,6/17/2020,42.16828250086856,
135,7/15/2020,68.11799480881834,
135,9/23/2020,68.34971101084923,
135,10/22/2020,35.680854423711814,
135,11/21/2020,58.38685269311014,
135,12/23/2020,38.92456846226327,
135,1/23/2021,25.94971230800362,
135,2/7/2021,32.43714038516036,
135,3/16/2021,19.462284231470225,
135,4/14/2021,48.65571058,
135,5/7/2021,24.261595676875817,
135,5/23/2021,35.680854423711814,
135,6/6/2021,64.87428077026689,
135,8/17/2021,58.38685269311014,
135,9/11/2021,64.87428077094407,
135,9/30/2021,32.43714038578371,
135,10/11/2021,38.924568462317104,
135,11/11/2021,28.906519867078508,
135,12/9/2021,55.14313865518204,
135,1/12/2022,28.156451620585045,
135,2/11/2022,22.110317278838785,
135,3/5/2022,29.193426347232254,
135,4/26/2022,23.665914686262436,
135,5/17/2022,42.16828250086856,
135,7/15/2022,38.63766198,
135,9/5/2022,51.89942461663058,
135,9/16/2022,45.41199653879666,
135,11/18/2022,38.92456846226327,
135,12/17/2022,38.924568462317104,
135,1/25/2023,25.66280583,
135,2/9/2023,29.19342634655507,
135,6/18/2023,22.70599826939833,
135,7/28/2023,51.89942461595341,
135,9/7/2023,38.924568462317104,
135,10/6/2023,32.43714038578371,
135,11/7/2023,45.41199653879666,
136,5/6/2017,48.65571057761729,
136,6/5/2017,68.11799480851799,
136,8/2/2017,61.630566731361256,
136,9/27/2017,64.87428076996655,
136,10/14/2017,38.92456846180142,
136,11/27/2017,33.88363129,
136,12/23/2017,,no intersection
136,1/6/2018,38.92456846180142,
136,2/10/2018,35.68085442324997,
136,3/27/2018,64.87428076996655,
136,4/2/2018,71.36170884712328,
136,6/10/2018,19.46228423090071,
136,7/15/2018,45.411996539011994,
136,8/31/2018,38.92456846180142,
136,9/13/2018,33.88363129,
136,10/15/2018,37.99670023769855,
136,11/16/2018,30.10806200867523,
136,12/13/2018,42.16828250040671,
136,1/1/2019,9.731142115815864,
136,2/22/2019,19.46228423090071,
136,4/30/2019,58.386852692755966,
136,5/20/2019,29.19342634666274,
136,6/18/2019,45.411996539011994,
136,7/17/2019,73.76811617215911,
136,8/19/2019,100.58718338667758,
136,9/8/2019,77.01183021071056,
136,10/7/2019,42.16828250040671,
136,11/22/2019,47.33182937419373,
136,12/5/2019,42.16828250040671,
136,1/31/2020,35.68085442319614,
136,2/12/2020,22.705998268828818,
136,3/12/2020,28.356119633093275,
136,5/23/2020,68.11799480851799,
136,6/17/2020,38.92456846180142,
136,7/15/2020,64.87428076991272,
136,9/23/2020,68.11799480784082,
136,10/22/2020,38.52855548315793,
136,11/21/2020,54.21527043,
136,12/23/2020,41.68170801060646,
136,1/23/2021,16.218570192295424,
136,2/7/2021,25.949712308111287,
136,3/16/2021,25.949712307434105,
136,4/14/2021,38.92456846185526,
136,5/7/2021,22.705998268828818,
136,5/23/2021,42.16828250040671,
136,6/6/2021,68.24060451256632,
136,8/17/2021,55.14313865415068,
136,9/11/2021,64.87428076991272,
136,9/30/2021,39.839204123813914,
136,10/11/2021,25.949712307434105,
136,11/11/2021,31.950565894790593,
136,12/9/2021,55.14313865477403,
136,1/12/2022,25.949712308057453,
136,2/11/2022,22.705998268828818,
136,3/5/2022,29.193426346039395,
136,4/26/2022,31.599833671698562,
136,5/17/2022,45.411996539011994,
136,7/15/2022,32.43714038464468,
136,9/5/2022,51.899424616222575,
136,9/16/2022,51.89942461554539,
136,11/18/2022,39.839204123813914,
136,12/17/2022,42.16828250040671,
136,1/25/2023,25.46313782,
136,2/9/2023,32.43714038464468,
136,6/18/2023,25.949712307434105,
136,7/28/2023,61.630566731361256,
136,9/7/2023,35.68085442387331,
136,10/6/2023,35.68085442319614,
136,11/7/2023,42.16828250040671,
137,5/6/2017,45.41199653947385,
137,6/5/2017,64.87428077026689,
137,8/2/2017,58.38685269378733,
137,9/27/2017,61.90424065891646,
137,10/14/2017,35.680854423711814,
137,11/27/2017,34.083299291741376,
137,12/23/2017,,no intersection
137,1/6/2018,38.92456846226327,
137,2/10/2018,37.84563601180029,
137,3/27/2018,51.89942461595341,
137,4/2/2018,61.63056673171543,
137,6/10/2018,12.974856154313484,
137,7/15/2018,42.16828250086856,
137,8/31/2018,45.215651559046975,
137,9/13/2018,35.680854423765645,
137,10/15/2018,35.680854423765645,
137,11/16/2018,32.43714038516036,
137,12/13/2018,42.16828250086856,
137,1/1/2019,7.888638228754145,
137,2/22/2019,16.21857019224159,
137,4/30/2019,48.655710577401955,
137,5/20/2019,,no intersection
137,6/18/2019,42.16828250086856,
137,7/17/2019,68.11799480887217,
137,8/19/2019,97.31142115542725,
137,9/8/2019,71.36170884742363,
137,10/7/2019,48.65571057807913,
137,11/22/2019,41.48204001115164,
137,12/5/2019,35.680854423711814,
137,1/31/2020,32.43714038510653,
137,2/12/2020,22.509653288971464,
137,3/12/2020,0,
137,5/23/2020,61.630566731661595,
137,6/17/2020,35.680854423711814,
137,7/15/2020,68.11799480881834,
137,9/23/2020,61.63056673171543,
137,10/22/2020,42.16828250086856,
137,11/21/2020,51.89942461663058,
137,12/23/2020,42.16828250086856,
137,1/23/2021,19.462284230846876,
137,2/7/2021,16.218570192864938,
137,3/16/2021,19.462284230793042,
137,4/14/2021,33.59340178,
137,5/7/2021,25.949712307949785,
137,5/23/2021,45.41199653947385,
137,6/6/2021,55.14313865455869,
137,8/17/2021,48.65571057807913,
137,9/11/2021,63.109105830086996,
137,9/30/2021,45.215651559046975,
137,10/11/2021,25.94971230800362,
137,11/11/2021,25.94971230800362,
137,12/9/2021,51.89942461657675,
137,1/12/2022,25.94971231,
137,2/11/2022,19.462284230793042,
137,3/5/2022,25.949712307949785,
137,4/26/2022,25.704763553643353,
137,5/17/2022,47.96946808830839,
137,7/15/2022,35.680854423711814,
137,9/5/2022,55.14313865455869,
137,9/16/2022,48.65571057807913,
137,11/18/2022,42.88325016274905,
137,12/17/2022,39.63953612419759,
137,1/25/2023,22.70599826939833,
137,2/9/2023,35.680854423711814,
137,6/18/2023,35.680854423711814,
137,7/28/2023,51.89942461663058,
137,9/7/2023,38.924568462317104,
137,10/6/2023,38.92456846226327,
137,11/7/2023,42.16828250086856,
138,5/6/2017,55.14313865425835,
138,6/5/2017,56.10637810565753,
138,8/2/2017,48.65571057699394,
138,9/27/2017,63.035099916955396,
138,10/14/2017,37.08538760879027,
138,11/27/2017,35.68085442324997,
138,12/23/2017,,no intersection
138,1/6/2018,38.92456846185526,
138,2/10/2018,35.680854423303806,
138,3/27/2018,32.43714038532187,
138,4/2/2018,74.60542288515906,
138,6/10/2018,19.46228423090071,
138,7/15/2018,45.41199653906583,
138,8/31/2018,45.41199653844249,
138,9/13/2018,35.68085442324997,
138,10/15/2018,38.92456846185526,
138,11/16/2018,22.705998269505997,
138,12/13/2018,35.23623765548896,
138,1/1/2019,16.218570192349258,
138,2/22/2019,12.978179187363862,
138,4/30/2019,61.63056673141509,
138,5/20/2019,25.511741607020546,
138,6/18/2019,43.12487588461994,
138,7/17/2019,68.19200072450282,
138,8/19/2019,90.29482920946273,
138,9/8/2019,64.87428077002038,
138,10/7/2019,48.65571057699394,
138,11/22/2019,52.862664067052236,
138,12/5/2019,38.92456846185526,
138,1/31/2020,42.16828250046055,
138,2/12/2020,19.465607264574437,
138,3/12/2020,0,
138,5/23/2020,81.09285096236964,
138,6/17/2020,35.68085442324997,
138,7/15/2020,64.87428077002038,
138,9/23/2020,70.99774406196353,
138,10/22/2020,42.16828250046055,
138,11/21/2020,53.303957801139525,
138,12/23/2020,40.32910164739556,
138,1/23/2021,19.01766746,
138,2/7/2021,25.70097718425249,
138,3/16/2021,16.218570192972606,
138,4/14/2021,35.68085442392715,
138,5/7/2021,25.949712308111287,
138,5/23/2021,38.92456846185526,
138,6/6/2021,56.09973203904109,
138,8/17/2021,45.41531957206238,
138,9/11/2021,64.87428077002038,
138,9/30/2021,45.41199653838865,
138,10/11/2021,22.705998269505997,
138,11/11/2021,29.19674937971312,
138,12/9/2021,51.01351411375093,
138,1/12/2022,32.437140384698516,
138,2/11/2022,22.705998269505997,
138,3/5/2022,26.906305692270685,
138,4/26/2022,38.47995169409425,
138,5/17/2022,55.14313865420452,
138,7/15/2022,38.92456846185526,
138,9/5/2022,55.14313865420452,
138,9/16/2022,56.547671839744815,
138,11/18/2022,48.65571057699394,
138,12/17/2022,38.92789149552898,
138,1/25/2023,29.19342634609323,
138,2/9/2023,42.16828250046055,
138,6/18/2023,38.92456846185526,
138,7/28/2023,61.63056673141509,
138,9/7/2023,45.41199653906583,
138,10/6/2023,42.16828250046055,
138,11/7/2023,38.03865796000696,
139,5/6/2017,61.630566731361256,
139,6/5/2017,45.411996539011994,
139,8/2/2017,45.411996539011994,
139,9/27/2017,55.143138654827865,
139,10/14/2017,29.193426346716574,
139,11/27/2017,35.99648606917518,
139,12/23/2017,,no intersection
139,1/6/2018,31.554552916093268,
139,2/10/2018,51.89942461554539,
139,3/27/2018,25.949712308111287,
139,4/2/2018,81.09285096226198,
139,6/10/2018,18.817999459261966,
139,7/15/2018,38.92456846180142,
139,8/31/2018,32.43714038526803,
139,9/13/2018,29.19342634666274,
139,10/15/2018,35.68085442319614,
139,11/16/2018,22.705998269505997,
139,12/13/2018,32.43714038526803,
139,1/1/2019,16.218570192295424,
139,2/22/2019,16.218570192972606,
139,4/30/2019,71.36170884712328,
139,5/20/2019,25.949712308111287,
139,6/18/2019,39.68149384197542,
139,7/17/2019,77.84913692428003,
139,8/19/2019,87.58027903941871,
139,9/8/2019,64.87428077058989,
139,10/7/2019,45.411996539011994,
139,11/22/2019,48.65571057761729,
139,12/5/2019,35.68085442319614,
139,1/31/2020,35.88384546126327,
139,2/12/2020,19.462284231577893,
139,3/12/2020,0,
139,5/23/2020,90.82399307802399,
139,6/17/2020,42.16828250040671,
139,7/15/2020,61.63056673203844,
139,9/23/2020,68.11799480851799,
139,10/22/2020,38.924568462478604,
139,11/21/2020,45.411996539011994,
139,12/23/2020,38.924568462478604,
139,1/23/2021,19.462284231577893,
139,2/7/2021,22.705998269505997,
139,3/16/2021,16.218570192972606,
139,4/14/2021,35.68085442387331,
139,5/7/2021,22.061713497190073,
139,5/23/2021,31.554552916093268,
139,6/6/2021,58.386852692755966,
139,8/17/2021,51.899424616222575,
139,9/11/2021,55.143138654827865,
139,9/30/2021,35.88384546126327,
139,10/11/2021,25.949712308111287,
139,11/11/2021,42.37127353779666,
139,12/9/2021,48.65571057761729,
139,1/12/2022,25.949712308111287,
139,2/11/2022,22.908989306895954,
139,3/5/2022,26.706637688285284,
139,4/26/2022,35.68085442387331,
139,5/17/2022,58.38685269337932,
139,7/15/2022,38.92456846185526,
139,9/5/2022,55.143138654827865,
139,9/16/2022,51.899424616222575,
139,11/18/2022,48.65571057694011,
139,12/17/2022,38.924568462478604,
139,1/25/2023,25.949712308111287,
139,2/9/2023,42.16828250040671,
139,6/18/2023,42.16828250040671,
139,7/28/2023,63.23476792129497,
139,9/7/2023,48.655710577563454,
139,10/6/2023,32.43714038532187,
139,11/7/2023,35.68085442324997,
14,5/6/2017,22.705998269505997,
14,6/5/2017,,no intersection
14,8/2/2017,55.14313865415068,
14,9/27/2017,,no intersection
14,10/14/2017,31.55455292,
14,11/27/2017,27.867245672317377,
14,12/23/2017,,no intersection
14,1/6/2018,22.705998269505997,
14,2/10/2018,16.734893404688773,
14,3/27/2018,23.222321481845515,
14,4/2/2018,22.70599826955983,
14,6/10/2018,25.949712308111287,
14,7/15/2018,47.33182937419373,
14,8/31/2018,51.899424616168744,
14,9/13/2018,58.386852692702135,
14,10/15/2018,51.89942461554539,
14,11/16/2018,38.92456846185526,
14,12/13/2018,16.218570192349258,
14,1/1/2019,25.949712308111287,
14,2/22/2019,25.949712308111287,
14,4/30/2019,50.57324394182338,
14,5/20/2019,26.466035520450802,
14,6/18/2019,48.658010048592935,
14,7/17/2019,71.36170884712328,
14,8/19/2019,81.09515043323762,
14,9/8/2019,74.60772235602704,
14,10/7/2019,55.586731860052296,
14,11/22/2019,47.32952990321809,
14,12/5/2019,22.70599826955983,
14,1/31/2020,31.55455292,
14,2/12/2020,,no intersection
14,3/12/2020,22.705998269505997,
14,5/23/2020,58.386852692755966,
14,6/17/2020,58.386852692755966,
14,7/15/2020,64.87428076991272,
14,9/23/2020,74.60542288572857,
14,10/22/2020,42.16828250040671,
14,11/21/2020,53.744227973313585,
14,12/23/2020,,no intersection
14,1/23/2021,29.193426346716574,
14,2/7/2021,29.193426346716574,
14,3/16/2021,25.949712308111287,
14,4/14/2021,35.755883901394526,
14,5/7/2021,32.88073359,
14,5/23/2021,48.65571057761729,
14,6/6/2021,32.43714038526803,
14,8/17/2021,55.586731860052296,
14,9/11/2021,55.14313865477403,
14,9/30/2021,41.21066555,
14,10/11/2021,29.19342634666274,
14,11/11/2021,29.193426346716574,
14,12/9/2021,42.16828250040671,
14,1/12/2022,22.70599826955983,
14,2/11/2022,27.867245672317377,
14,3/5/2022,58.386852692702135,
14,4/26/2022,34.28194374241287,
14,5/17/2022,45.411996539011994,
14,7/15/2022,38.924568462478604,
14,9/5/2022,55.143138654827865,
14,9/16/2022,,no intersection
14,11/18/2022,42.16828250040671,
14,12/17/2022,45.41199653906583,
14,1/25/2023,19.462284230954545,
14,2/9/2023,,no intersection
14,6/18/2023,29.70974955905609,
14,7/28/2023,31.55455292,
14,9/7/2023,46.88823617,
14,10/6/2023,38.99959793994598,
14,11/7/2023,32.43714038526803,
140,5/6/2017,54.22191648,
140,6/5/2017,38.924568462317104,
140,8/2/2017,35.680854423711814,
140,9/27/2017,55.14313865450486,
140,10/14/2017,29.19342634655507,
140,11/27/2017,39.32722749630866,
140,12/23/2017,,no intersection
140,1/6/2018,42.57094153486011,
140,2/10/2018,61.63056673171543,
140,3/27/2018,16.218570192187755,
140,4/2/2018,71.36170884742363,
140,6/10/2018,19.462284230793042,
140,7/15/2018,32.43714038516036,
140,8/31/2018,42.16828250086856,
140,9/13/2018,35.680854423711814,
140,10/15/2018,38.92456846226327,
140,11/16/2018,26.35237134199517,
140,12/13/2018,29.19342634655507,
140,1/1/2019,16.218570192918772,
140,2/22/2019,16.218570192187755,
140,4/30/2019,71.84169682756598,
140,5/20/2019,32.437140385837544,
140,6/18/2019,45.41199653947385,
140,7/17/2019,74.60542288602892,
140,8/19/2019,88.94285449,
140,9/8/2019,68.11799480887217,
140,10/7/2019,47.21586572511663,
140,11/22/2019,48.65571057807913,
140,12/5/2019,38.924568462317104,
140,1/31/2020,38.92456846226327,
140,2/12/2020,21.26615341643583,
140,3/12/2020,0,
140,5/23/2020,81.09285096318565,
140,6/17/2020,40.72843764795989,
140,7/15/2020,51.89942461663058,
140,9/23/2020,69.19387487325218,
140,10/22/2020,42.16828250086856,
140,11/21/2020,,no intersection
140,12/23/2020,35.680854423711814,
140,1/23/2021,16.218570192187755,
140,2/7/2021,19.46228423152406,
140,3/16/2021,19.462284230793042,
140,4/14/2021,31.59318761643551,
140,5/7/2021,32.43714038516036,
140,5/23/2021,29.19342634655507,
140,6/6/2021,61.63056673171543,
140,8/17/2021,48.65571058,
140,9/11/2021,45.81465557,
140,9/30/2021,42.16828250086856,
140,10/11/2021,23.66591468631627,
140,11/11/2021,42.16828250086856,
140,12/9/2021,50.018286028311444,
140,1/12/2022,25.711081824511258,
140,2/11/2022,22.705998269344494,
140,3/5/2022,25.949712307949785,
140,4/26/2022,29.193426347232254,
140,5/17/2022,64.87428077026689,
140,7/15/2022,37.63932195818177,
140,9/5/2022,55.14313865450486,
140,9/16/2022,48.65571058,
140,11/18/2022,48.65571058,
140,12/17/2022,38.92456846226327,
140,1/25/2023,25.94971230800362,
140,2/9/2023,38.924568462317104,
140,6/18/2023,40.88303599678706,
140,7/28/2023,58.38685269311014,
140,9/7/2023,51.89942461663058,
140,10/6/2023,32.43714038516036,
140,11/7/2023,32.43714038516036,
141,5/6/2017,40.04551819280072,
141,6/5/2017,32.43714038532187,
141,8/2/2017,35.68085442392715,
141,9/27/2017,51.89942461559923,
141,10/14/2017,26.552039355364748,
141,11/27/2017,36.28318147118061,
141,12/23/2017,,no intersection
141,1/6/2018,38.8408641,
141,2/10/2018,61.63056673141509,
141,3/27/2018,25.94971230816512,
141,4/2/2018,54.09951787,
141,6/10/2018,23.308325316813296,
141,7/15/2018,25.94971230816512,
141,8/31/2018,36.28318147118061,
141,9/13/2018,29.193426346716574,
141,10/15/2018,29.193426346716574,
141,11/16/2018,22.705998269505997,
141,12/13/2018,29.19342634677041,
141,1/1/2019,16.218570192349258,
141,2/22/2019,12.97485615374397,
141,4/30/2019,48.65571057772496,
141,5/20/2019,29.19342634677041,
141,6/18/2019,42.16828250051438,
141,7/17/2019,71.52274216,
141,8/19/2019,87.58027903958022,
141,9/8/2019,58.38685269,
141,10/7/2019,42.16828250046055,
141,11/22/2019,45.41199653906583,
141,12/5/2019,32.43714038532187,
141,1/31/2020,35.68085442324997,
141,2/12/2020,22.70599826955983,
141,3/12/2020,0,
141,5/23/2020,69.23894453951729,
141,6/17/2020,29.193426346716574,
141,7/15/2020,55.14313865420452,
141,9/23/2020,80.12655912990257,
141,10/22/2020,38.92456846185526,
141,11/21/2020,,no intersection
141,12/23/2020,34.44067758,
141,1/23/2021,21.465821430751763,
141,2/7/2021,25.94971230816512,
141,3/16/2021,19.46228423090071,
141,4/14/2021,32.43714038532187,
141,5/7/2021,32.43714039,
141,5/23/2021,29.551015716619055,
141,6/6/2021,56.26408838577332,
141,8/17/2021,45.41199653838865,
141,9/11/2021,48.65571057699394,
141,9/30/2021,42.08457814,
141,10/11/2021,19.462284230954545,
141,11/11/2021,42.16828250046055,
141,12/9/2021,50.217954042650035,
141,1/12/2022,22.70599826955983,
141,2/11/2022,22.705998269505997,
141,3/5/2022,19.46228423090071,
141,4/26/2022,38.92456846253244,
141,5/17/2022,64.79057640578174,
141,7/15/2022,32.43714038464468,
141,9/5/2022,51.89942461559923,
141,9/16/2022,47.415533738185864,
141,11/18/2022,45.41199653838865,
141,12/17/2022,44.171819700257764,
141,1/25/2023,22.70599826955983,
141,2/9/2023,37.43965394575004,
141,6/18/2023,42.16828250046055,
141,7/28/2023,64.87428077002038,
141,9/7/2023,55.143138654881696,
141,10/6/2023,32.43714038464468,
141,11/7/2023,25.949712308111287,
142,5/6/2017,25.94971230800362,
142,6/5/2017,24.706423529738267,
142,8/2/2017,38.92456846226327,
142,9/27/2017,42.168282500814726,
142,10/14/2017,29.193426346501237,
142,11/27/2017,29.19342634655507,
142,12/23/2017,,no intersection
142,1/6/2018,35.680854423711814,
142,2/10/2018,66.43341229519635,
142,3/27/2018,26.990221151587118,
142,4/2/2018,48.65571057734812,
142,6/10/2018,19.462284230793042,
142,7/15/2018,25.949712307949785,
142,8/31/2018,38.92456846226327,
142,9/13/2018,39.443191143609226,
142,10/15/2018,25.94971230800362,
142,11/16/2018,32.43714038510653,
142,12/13/2018,19.462284230793042,
142,1/1/2019,16.218570192864938,
142,2/22/2019,12.974856153636301,
142,4/30/2019,51.89942461595341,
142,5/20/2019,32.43714038510653,
142,6/18/2019,42.16828250086856,
142,7/17/2019,81.09285096313182,
142,8/19/2019,81.09285096313182,
142,9/8/2019,58.38685269305631,
142,10/7/2019,48.65571057797146,
142,11/22/2019,45.77269784743391,
142,12/5/2019,45.41199653942001,
142,1/31/2020,38.92456846226327,
142,2/12/2020,19.462284230793042,
142,3/12/2020,0,
142,5/23/2020,58.544774066442194,
142,6/17/2020,35.680854423711814,
142,7/15/2020,51.899424616522914,
142,9/23/2020,84.33656500168328,
142,10/22/2020,42.168282500814726,
142,11/21/2020,45.41199653942001,
142,12/23/2020,38.92456846226327,
142,1/23/2021,12.974856153636301,
142,2/7/2021,32.43714038510653,
142,3/16/2021,19.462284230793042,
142,4/14/2021,38.92456846226327,
142,5/7/2021,22.705998270021677,
142,5/23/2021,29.351347719887123,
142,6/6/2021,48.65571057734812,
142,8/17/2021,45.12862417734158,
142,9/11/2021,50.85891577293942,
142,9/30/2021,29.19342634655507,
142,10/11/2021,21.665489425760995,
142,11/11/2021,35.680854423711814,
142,12/9/2021,45.56991791275206,
142,1/12/2022,22.705998270021677,
142,2/11/2022,16.218570192187755,
142,3/5/2022,22.70599826939833,
142,4/26/2022,29.19342634655507,
142,5/17/2022,68.03740238204512,
142,7/15/2022,40.48369998719272,
142,9/5/2022,55.14313865450486,
142,9/16/2022,48.65571057797146,
142,11/18/2022,51.899424616522914,
142,12/17/2022,45.41199653942001,
142,1/25/2023,22.705998269344494,
142,2/9/2023,38.92456846226327,
142,6/18/2023,42.16828250086856,
142,7/28/2023,64.87428077021306,
142,9/7/2023,58.386852693733495,
142,10/6/2023,35.680854423657976,
142,11/7/2023,16.218570192187755,
143,5/6/2017,23.350445777320598,
143,6/5/2017,38.92456846185526,
143,8/2/2017,49.57388035527405,
143,9/27/2017,45.41199653838865,
143,10/14/2017,22.705998269505997,
143,11/27/2017,29.193426346039395,
143,12/23/2017,,no intersection
143,1/6/2018,38.92456846185526,
143,2/10/2018,68.11799480794848,
143,3/27/2018,25.94971230816512,
143,4/2/2018,55.220467603755395,
143,6/10/2018,22.705998269505997,
143,7/15/2018,32.43714038464468,
143,8/31/2018,38.92456846190909,
143,9/13/2018,38.92456846185526,
143,10/15/2018,32.43714038464468,
143,11/16/2018,38.92456846185526,
143,12/13/2018,25.84388076486176,
143,1/1/2019,16.218570192349258,
143,2/22/2019,19.46228423090071,
143,4/30/2019,56.94389590071303,
143,5/20/2019,32.437140384698516,
143,6/18/2019,29.193426346716574,
143,7/17/2019,77.84913692376435,
143,8/19/2019,,no intersection
143,9/8/2019,61.63056673141509,
143,10/7/2019,48.65571057767112,
143,11/22/2019,53.861004091388004,
143,12/5/2019,38.92456846185526,
143,1/31/2020,29.193426346716574,
143,2/12/2020,32.43714038464468,
143,3/12/2020,0,
143,5/23/2020,77.52691877867329,
143,6/17/2020,38.92456846185526,
143,7/15/2020,58.38685269,
143,9/23/2020,82.97093716,
143,10/22/2020,42.16828250046055,
143,11/21/2020,42.16828250046055,
143,12/23/2020,42.16828250046055,
143,1/23/2021,16.618117286937363,
143,2/7/2021,32.437140384698516,
143,3/16/2021,19.46228423090071,
143,4/14/2021,45.41199653906583,
143,5/7/2021,32.437140384698516,
143,5/23/2021,28.35258551804118,
143,6/6/2021,55.14313865420452,
143,8/17/2021,48.17267020335363,
143,9/11/2021,45.41199653906583,
143,9/30/2021,29.15167970654021,
143,10/11/2021,25.949712308111287,
143,11/11/2021,29.193426346716574,
143,12/9/2021,45.41199653844249,
143,1/12/2022,22.705998268882652,
143,2/11/2022,18.019327438803938,
143,3/5/2022,25.949712308111287,
143,4/26/2022,40.88614793764403,
143,5/17/2022,64.87428077002038,
143,7/15/2022,35.68085442324997,
143,9/5/2022,55.14313865420452,
143,9/16/2022,48.65571057767112,
143,11/18/2022,59.305022471089906,
143,12/17/2022,51.89942461559923,
143,1/25/2023,22.705998269505997,
143,2/9/2023,35.68085442324997,
143,6/18/2023,38.92456846185526,
143,7/28/2023,68.11799480794848,
143,9/7/2023,61.63056673141509,
143,10/6/2023,29.193426346716574,
143,11/7/2023,27.75046955,
144,5/6/2017,29.834599168814016,
144,6/5/2017,39.44319114554726,
144,8/2/2017,55.220467603755395,
144,9/27/2017,51.89942461559923,
144,10/14/2017,32.437140384698516,
144,11/27/2017,35.68085442392715,
144,12/23/2017,,no intersection
144,1/6/2018,45.41199653906583,
144,2/10/2018,61.63056673141509,
144,3/27/2018,22.70599826955983,
144,4/2/2018,50.37566432527338,
144,6/10/2018,19.462284230954545,
144,7/15/2018,38.92456846258627,
144,8/31/2018,40.12589952581935,
144,9/13/2018,32.43714038532187,
144,10/15/2018,22.70599826955983,
144,11/16/2018,33.19717771452149,
144,12/13/2018,28.110959789854665,
144,1/1/2019,16.85974301512388,
144,2/22/2019,22.70599826955983,
144,4/30/2019,51.79359307334989,
144,5/20/2019,39.243312057590934,
144,6/18/2019,29.19342634677041,
144,7/17/2019,79.96884884801027,
144,8/19/2019,84.33656500029774,
144,9/8/2019,68.11799480862567,
144,10/7/2019,48.65571057767112,
144,11/22/2019,46.17203387,
144,12/5/2019,38.92456846190909,
144,1/31/2020,27.55080154804185,
144,2/12/2020,22.70599826955983,
144,3/12/2020,0,
144,5/23/2020,68.11799480857184,
144,6/17/2020,42.92831983033735,
144,7/15/2020,55.14313865420452,
144,9/23/2020,87.58027903958022,
144,10/22/2020,45.41199653906583,
144,11/21/2020,51.89942461565306,
144,12/23/2020,48.65571057767112,
144,1/23/2021,23.466035599382803,
144,2/7/2021,38.92456846258627,
144,3/16/2021,25.94971230816512,
144,4/14/2021,40.5256577,
144,5/7/2021,38.92456846190909,
144,5/23/2021,32.437140384698516,
144,6/6/2021,47.01308578,
144,8/17/2021,51.89942461565306,
144,9/11/2021,58.38685269,
144,9/30/2021,42.16828250046055,
144,10/11/2021,39.68460579173206,
144,11/11/2021,27.55080154804185,
144,12/9/2021,48.65571057772496,
144,1/12/2022,19.462284230954545,
144,2/11/2022,29.19342634609323,
144,3/5/2022,29.19342634609323,
144,4/26/2022,42.16828250051438,
144,5/17/2022,64.87428077002038,
144,7/15/2022,47.33182937467824,
144,9/5/2022,58.38685269,
144,9/16/2022,45.41199653906583,
144,11/18/2022,64.87428077002038,
144,12/17/2022,55.14313865420452,
144,1/25/2023,21.063373471508456,
144,2/9/2023,38.92456846190909,
144,6/18/2023,39.68460579173206,
144,7/28/2023,73.52295633,
144,9/7/2023,58.38685269,
144,10/6/2023,45.41199653911966,
144,11/7/2023,33.19717771452149,
145,5/6/2017,25.949712307949785,
145,6/5/2017,38.04176989768771,
145,8/2/2017,58.38685269305631,
145,9/27/2017,47.33182937236337,
145,10/14/2017,29.19342634655507,
145,11/27/2017,35.680854423657976,
145,12/23/2017,,no intersection
145,1/6/2018,47.77333420152845,
145,2/10/2018,48.65571058,
145,3/27/2018,25.949712307949785,
145,4/2/2018,59.788273938977824,
145,6/10/2018,22.70599826939833,
145,7/15/2018,38.04176989768771,
145,8/31/2018,41.28590612437171,
145,9/13/2018,32.43714038510653,
145,10/15/2018,22.70599826939833,
145,11/16/2018,37.082275669633326,
145,12/13/2018,17.178275515297262,
145,1/1/2019,22.70599827007551,
145,2/22/2019,19.462284230793042,
145,4/30/2019,64.87428077021306,
145,5/20/2019,42.16828250013754,
145,6/18/2019,32.43714038510653,
145,7/17/2019,73.72262432134569,
145,8/19/2019,87.58027903955755,
145,9/8/2019,73.72262432134569,
145,10/7/2019,52.85955212708779,
145,11/22/2019,45.41199653942001,
145,12/5/2019,42.16828250086856,
145,1/31/2020,32.43714038510653,
145,2/12/2020,25.949712307949785,
145,3/12/2020,19.462284231470225,
145,5/23/2020,81.09285096307799,
145,6/17/2020,36.640559746090304,
145,7/15/2020,58.38685269305631,
145,9/23/2020,84.33656500168328,
145,10/22/2020,55.14313865518204,
145,11/21/2020,58.386852693733495,
145,12/23/2020,58.386852693733495,
145,1/23/2021,19.462284230793042,
145,2/7/2021,45.930408126388016,
145,3/16/2021,29.19342634655507,
145,4/14/2021,52.41783620354476,
145,5/7/2021,45.41199653874283,
145,5/23/2021,36.640559746090304,
145,6/6/2021,64.87428077021306,
145,8/17/2021,58.38685269305631,
145,9/11/2021,62.590272054040085,
145,9/30/2021,48.65571058,
145,10/11/2021,42.16828250086856,
145,11/11/2021,38.92456846226327,
145,12/9/2021,44.52919797484445,
145,1/12/2022,16.218570192918772,
145,2/11/2022,29.193426346501237,
145,3/5/2022,27.35113355,
145,4/26/2022,48.655710577294286,
145,5/17/2022,64.87428077089024,
145,7/15/2022,51.89942461657675,
145,9/5/2022,63.10910582976399,
145,9/16/2022,55.14313865518204,
145,11/18/2022,71.36170885,
145,12/17/2022,61.630566731661595,
145,1/25/2023,22.705998269344494,
145,2/9/2023,38.92456846226327,
145,6/18/2023,42.16828250086856,
145,7/28/2023,64.87428077021306,
145,9/7/2023,64.87428077089024,
145,10/6/2023,55.14313865518204,
145,11/7/2023,41.28548393623916,
146,5/6/2017,29.19342634609323,
146,6/5/2017,35.680854423303806,
146,8/2/2017,61.63056673141509,
146,9/27/2017,45.41199653906583,
146,10/14/2017,23.907751501757595,
146,11/27/2017,32.437140384698516,
146,12/23/2017,,no intersection
146,1/6/2018,39.68502796001957,
146,2/10/2018,51.89942461627641,
146,3/27/2018,29.43526316124272,
146,4/2/2018,55.220467603755395,
146,6/10/2018,16.218570192349258,
146,7/15/2018,34.99772387,
146,8/31/2018,37.28152149551637,
146,9/13/2018,32.43714038464468,
146,10/15/2018,25.94971230748794,
146,11/16/2018,35.68085442392715,
146,12/13/2018,19.568115774204077,
146,1/1/2019,19.462284230954545,
146,2/22/2019,19.462284230954545,
146,4/30/2019,51.89942461627641,
146,5/20/2019,38.92456846190909,
146,6/18/2019,32.43714039,
146,7/17/2019,71.36170884655378,
146,8/19/2019,84.33656500097493,
146,9/8/2019,61.63056673141509,
146,10/7/2019,60.548522343517874,
146,11/22/2019,49.41617007583543,
146,12/5/2019,38.28381780809916,
146,1/31/2020,27.15146554036288,
146,2/12/2020,25.94971230816512,
146,3/12/2020,16.218570192349258,
146,5/23/2020,71.63849471577346,
146,6/17/2020,35.680854423303806,
146,7/15/2020,59.546226030257905,
146,9/23/2020,71.36170884723096,
146,10/22/2020,48.65571057767112,
146,11/21/2020,53.058797953724515,
146,12/23/2020,48.65571057767112,
146,1/23/2021,19.462284230954545,
146,2/7/2021,42.16828250051438,
146,3/16/2021,22.70599826955983,
146,4/14/2021,48.65571057767112,
146,5/7/2021,42.16828250051438,
146,5/23/2021,38.28381780809916,
146,6/6/2021,42.16828250051438,
146,8/17/2021,64.87428077002038,
146,9/11/2021,58.38685269,
146,9/30/2021,46.571369876513934,
146,10/11/2021,32.43714038532187,
146,11/11/2021,29.19342634677041,
146,12/9/2021,41.485151951900946,
146,1/12/2022,16.218570192349258,
146,2/11/2022,27.15146554036288,
146,3/5/2022,32.43714038532187,
146,4/26/2022,42.16828250051438,
146,5/17/2022,64.87428077002038,
146,7/15/2022,55.14313865420452,
146,9/5/2022,62.78994006886319,
146,9/16/2022,42.16828250051438,
146,11/18/2022,64.87428077002038,
146,12/17/2022,61.63056673141509,
146,1/25/2023,22.705998269505997,
146,2/9/2023,35.68085442392715,
146,6/18/2023,42.16828250046055,
146,7/28/2023,84.33656500029774,
146,9/7/2023,65.63474026818469,
146,10/6/2023,,no intersection
146,11/7/2023,46.01443198141595,
147,5/6/2017,19.074252570367577,
147,6/5/2017,39.92665369667508,
147,8/2/2017,61.630566731661595,
147,9/27/2017,48.655710577401955,
147,10/14/2017,32.43714038516036,
147,11/27/2017,35.680854423711814,
147,12/23/2017,,no intersection
147,1/6/2018,42.168282500191374,
147,2/10/2018,54.744013737319264,
147,3/27/2018,28.404144162411676,
147,4/2/2018,51.89942461657675,
147,6/10/2018,22.66382945190446,
147,7/15/2018,38.92456846226327,
147,8/31/2018,32.43714038510653,
147,9/13/2018,32.43714038510653,
147,10/15/2018,29.19342634717842,
147,11/16/2018,42.16828250086856,
147,12/13/2018,24.14937723916679,
147,1/1/2019,16.218570192918772,
147,2/22/2019,22.70599826939833,
147,4/30/2019,48.256585660785866,
147,5/20/2019,39.443191143824556,
147,6/18/2019,35.680854423711814,
147,7/17/2019,61.63056673171543,
147,8/19/2019,84.33656500173711,
147,9/8/2019,61.63056673171543,
147,10/7/2019,53.258465950110775,
147,11/22/2019,56.50217998866222,
147,12/5/2019,38.92456846226327,
147,1/31/2020,25.94971230800362,
147,2/12/2020,25.949712307949785,
147,3/12/2020,19.50445305,
147,5/23/2020,67.27757615622227,
147,6/17/2020,35.680854423711814,
147,7/15/2020,58.38685269311014,
147,9/23/2020,66.23332210442425,
147,10/22/2020,45.972788038421335,
147,11/21/2020,53.258465950110775,
147,12/23/2020,46.77103787295403,
147,1/23/2021,16.21857019224159,
147,2/7/2021,38.924568462317104,
147,3/16/2021,22.70599826939833,
147,4/14/2021,52.81717221537747,
147,5/7/2021,58.38685269311014,
147,5/23/2021,42.16828250086856,
147,6/6/2021,41.76915758362913,
147,8/17/2021,64.87428077026689,
147,9/11/2021,58.38685269311014,
147,9/30/2021,38.084149809667196,
147,10/11/2021,31.554552915070413,
147,11/11/2021,23.66591468631627,
147,12/9/2021,38.924568462317104,
147,1/12/2022,16.21857019224159,
147,2/11/2022,29.19342634655507,
147,3/5/2022,35.680854423711814,
147,4/26/2022,38.92456846226327,
147,5/17/2022,61.63056673233878,
147,7/15/2022,54.65967610170817,
147,9/5/2022,64.39081821741637,
147,9/16/2022,54.65967610170817,
147,11/18/2022,61.63056673171543,
147,12/17/2022,62.98960806581897,
147,1/25/2023,26.951797542361597,
147,2/9/2023,38.441105909466586,
147,6/18/2023,44.92853398662333,
147,7/28/2023,71.36170884742363,
147,9/7/2023,64.87428077026689,
147,10/6/2023,39.73569271786223,
147,11/7/2023,44.92853398662333,
148,5/6/2017,22.70599826955983,
148,6/5/2017,48.65571057767112,
148,8/2/2017,58.38685269,
148,9/27/2017,45.41199653906583,
148,10/14/2017,25.949712308111287,
148,11/27/2017,29.193426346716574,
148,12/23/2017,,no intersection
148,1/6/2018,42.16828250046055,
148,2/10/2018,58.386852692863634,
148,3/27/2018,39.44319114554726,
148,4/2/2018,65.67669799,
148,6/10/2018,22.705998269505997,
148,7/15/2018,42.16828250046055,
148,8/31/2018,32.437140384698516,
148,9/13/2018,35.68085442324997,
148,10/15/2018,35.68085442324997,
148,11/16/2018,48.65571057767112,
148,12/13/2018,23.94970922576604,
148,1/1/2019,22.70599826955983,
148,2/22/2019,22.863497465220203,
148,4/30/2019,58.386852692863634,
148,5/20/2019,35.680854423303806,
148,6/18/2019,45.41199653906583,
148,7/17/2019,58.38685269,
148,8/19/2019,89.34261267947842,
148,9/8/2019,56.70184800246248,
148,10/7/2019,46.97070588664661,
148,11/22/2019,50.21441993,
148,12/5/2019,42.16828250046055,
148,1/31/2020,24.264707617140612,
148,2/12/2020,24.264707617140612,
148,3/12/2020,22.70599826955983,
148,5/23/2020,71.36170884723096,
148,6/17/2020,35.68085442324997,
148,7/15/2020,64.87428077,
148,9/23/2020,64.87428077,
148,10/22/2020,55.14313865420452,
148,11/21/2020,45.41199653838865,
148,12/23/2020,55.14313865420452,
148,1/23/2021,22.705998268882652,
148,2/7/2021,38.92456846190909,
148,3/16/2021,19.462284230954545,
148,4/14/2021,51.89942461627641,
148,5/7/2021,45.41199653906583,
148,5/23/2021,45.41199653838865,
148,6/6/2021,47.331829374624405,
148,8/17/2021,74.60542288515906,
148,9/11/2021,63.18927607899587,
148,9/30/2021,41.12819583589459,
148,10/11/2021,31.554552916416274,
148,11/11/2021,24.264707617140612,
148,12/9/2021,32.437140384698516,
148,1/12/2022,19.46228423090071,
148,2/11/2022,25.949712308111287,
148,3/5/2022,33.99584973290264,
148,4/26/2022,38.32577553,
148,5/17/2022,58.38685269,
148,7/15/2022,48.65571057699394,
148,9/5/2022,58.38685269,
148,9/16/2022,45.41199653838865,
148,11/18/2022,64.87428077,
148,12/17/2022,71.36170884655378,
148,1/25/2023,26.752129530230206,
148,2/9/2023,27.508421655692064,
148,6/18/2023,33.99584973290264,
148,7/28/2023,59.94556204106777,
148,9/7/2023,64.87428077002038,
148,10/6/2023,38.92456846185526,
148,11/7/2023,38.92456846185526,
149,5/6/2017,21.388914651780603,
149,6/5/2017,48.65571057761729,
149,8/2/2017,55.143138654827865,
149,9/27/2017,47.17037389098619,
149,10/14/2017,24.464375621426353,
149,11/27/2017,31.197385716039488,
149,12/23/2017,,no intersection
149,1/6/2018,39.086023945062806,
149,2/10/2018,57.528165175551884,
149,3/27/2018,47.857249643260886,
149,4/2/2018,70.99774406131752,
149,6/10/2018,23.06316546961361,
149,7/15/2018,48.65571057761729,
149,8/31/2018,35.68085442387331,
149,9/13/2018,32.43714038464468,
149,10/15/2018,29.193426346039395,
149,11/16/2018,58.38685269343315,
149,12/13/2018,42.16828250046055,
149,1/1/2019,24.023081887231395,
149,2/22/2019,25.949712308111287,
149,4/30/2019,67.15128081,
149,5/20/2019,35.68085442324997,
149,6/18/2019,42.16828250040671,
149,7/17/2019,55.14313865415068,
149,8/19/2019,86.61356503621043,
149,9/8/2019,55.14313865477403,
149,10/7/2019,51.899424616222575,
149,11/22/2019,38.924568462478604,
149,12/5/2019,40.68294581377561,
149,1/31/2020,35.68085442387331,
149,2/12/2020,24.464375621426353,
149,3/12/2020,25.949712308111287,
149,5/23/2020,74.60542288572857,
149,6/17/2020,35.68085442387331,
149,7/15/2020,68.11799480851799,
149,9/23/2020,68.11799480851799,
149,10/22/2020,48.65571057761729,
149,11/21/2020,45.411996539011994,
149,12/23/2020,55.14313865477403,
149,1/23/2021,22.705998269505997,
149,2/7/2021,38.12610752744502,
149,3/16/2021,18.663823296544308,
149,4/14/2021,51.899424616222575,
149,5/7/2021,45.411996539011994,
149,5/23/2021,42.16828250040671,
149,6/6/2021,58.38685269343315,
149,8/17/2021,74.60542288567474,
149,9/11/2021,64.87428076991272,
149,9/30/2021,48.65571057761729,
149,10/11/2021,34.19551773724222,
149,11/11/2021,22.705998269505997,
149,12/9/2021,32.43714038464468,
149,1/12/2022,19.462284231577893,
149,2/11/2022,19.46228423090071,
149,3/5/2022,31.554552916093268,
149,4/26/2022,42.16828250040671,
149,5/17/2022,58.386852692755966,
149,7/15/2022,40.68294581377561,
149,9/5/2022,55.14313865477403,
149,9/16/2022,42.16828250040671,
149,11/18/2022,64.87428076991272,
149,12/17/2022,68.11799480851799,
149,1/25/2023,26.552461525567626,
149,2/9/2023,29.19342634666274,
149,6/18/2023,39.52731767925776,
149,7/28/2023,64.87428076991272,
149,9/7/2023,61.79202221,
149,10/6/2023,47.33182937424757,
149,11/7/2023,38.924568462478604,
15,5/6/2017,22.70599826939833,
15,6/5/2017,,no intersection
15,8/2/2017,48.65571057734812,
15,9/27/2017,,no intersection
15,10/14/2017,38.92456846226327,
15,11/27/2017,25.949712308626967,
15,12/23/2017,,no intersection
15,1/6/2018,23.665914686262436,
15,2/10/2018,29.193426347232254,
15,3/27/2018,25.949712308626967,
15,4/2/2018,29.193426347232254,
15,6/10/2018,25.949712308626967,
15,7/15/2018,47.33182937,
15,8/31/2018,64.87428077026689,
15,9/13/2018,60.43132404839512,
15,10/15/2018,55.14313865518204,
15,11/16/2018,35.680854423711814,
15,12/13/2018,23.022653483198212,
15,1/1/2019,29.193426347232254,
15,2/22/2019,29.19342634655507,
15,4/30/2019,51.89942461595341,
15,5/20/2019,35.680854423711814,
15,6/18/2019,51.89942461595341,
15,7/17/2019,74.60542288597509,
15,8/19/2019,84.33656500105994,
15,9/8/2019,68.11799480881834,
15,10/7/2019,,no intersection
15,11/22/2019,48.65571058,
15,12/5/2019,23.665914686262436,
15,1/31/2020,29.193426347232254,
15,2/12/2020,12.974856154313484,
15,3/12/2020,19.462284231470225,
15,5/23/2020,64.87428077026689,
15,6/17/2020,58.38685269311014,
15,7/15/2020,61.630566731661595,
15,9/23/2020,71.36170884742363,
15,10/22/2020,45.72865175259655,
15,11/21/2020,53.175996246671225,
15,12/23/2020,,no intersection
15,1/23/2021,25.949712308626967,
15,2/7/2021,35.680854423711814,
15,3/16/2021,19.462284231470225,
15,4/14/2021,38.92456846226327,
15,5/7/2021,35.680854423711814,
15,5/23/2021,54.57720639826863,
15,6/6/2021,34.15500575055765,
15,8/17/2021,58.38685269378733,
15,9/11/2021,58.386852693733495,
15,9/30/2021,42.16828250086856,
15,10/11/2021,29.193426347232254,
15,11/11/2021,33.080401588170744,
15,12/9/2021,45.41199653947385,
15,1/12/2022,19.462284231470225,
15,2/11/2022,26.592973511691188,
15,3/5/2022,48.65571058,
15,4/26/2022,35.680854423711814,
15,5/17/2022,48.857678045732875,
15,7/15/2022,42.16828250086856,
15,9/5/2022,63.109105830086996,
15,9/16/2022,,no intersection
15,11/18/2022,45.41199653947385,
15,12/17/2022,45.41199653942001,
15,1/25/2023,22.705998270021677,
15,2/9/2023,,no intersection
15,6/18/2023,32.43714038578371,
15,7/28/2023,38.924568462317104,
15,9/7/2023,48.65571058,
15,10/6/2023,42.16828250086856,
15,11/7/2023,38.924568462317104,
150,5/6/2017,29.19342634655507,
150,6/5/2017,42.16828250086856,
150,8/2/2017,51.89942461595341,
150,9/27/2017,45.41199653879666,
150,10/14/2017,21.707869337794317,
150,11/27/2017,23.262833466269043,
150,12/23/2017,,no intersection
150,1/6/2018,42.72511769711592,
150,2/10/2018,58.28102115012978,
150,3/27/2018,47.657581646421285,
150,4/2/2018,67.3509488,
150,6/10/2018,22.70599826939833,
150,7/15/2018,55.14313865518204,
150,8/31/2018,32.43714038516036,
150,9/13/2018,29.19342634655507,
150,10/15/2018,29.193426347232254,
150,11/16/2018,45.52753800098791,
150,12/13/2018,29.308967808122976,
150,1/1/2019,22.70599826939833,
150,2/22/2019,25.94971230800362,
150,4/30/2019,62.70602461009361,
150,5/20/2019,35.680854423711814,
150,6/18/2019,38.924568462317104,
150,7/17/2019,42.571363720861946,
150,8/19/2019,81.09285096250848,
150,9/8/2019,51.89942461595341,
150,10/7/2019,38.92456846226327,
150,11/22/2019,48.65571058,
150,12/5/2019,37.63889977223376,
150,1/31/2020,31.151471695077024,
150,2/12/2020,19.462284230846876,
150,3/12/2020,29.19342634655507,
150,5/23/2020,81.09285096250848,
150,6/17/2020,48.65571057734812,
150,7/15/2020,68.11799480881834,
150,9/23/2020,64.87428077026689,
150,10/22/2020,48.65571057734812,
150,11/21/2020,48.65571057734812,
150,12/23/2020,50.61375593,
150,1/23/2021,22.70599826939833,
150,2/7/2021,33.95389199827183,
150,3/16/2021,19.462284230846876,
150,4/14/2021,46.928748152585314,
150,5/7/2021,45.41199653947385,
150,5/23/2021,45.41199653879666,
150,6/6/2021,55.14313865518204,
150,8/17/2021,70.07604015739413,
150,9/11/2021,63.58861208023738,
150,9/30/2021,48.655710577401955,
150,10/11/2021,38.92456846226327,
150,11/11/2021,19.462284230846876,
150,12/9/2021,29.19342634655507,
150,1/12/2022,16.21857019224159,
150,2/11/2022,21.42032957936883,
150,3/5/2022,32.43714038510653,
150,4/26/2022,48.65571058,
150,5/17/2022,58.386852693733495,
150,7/15/2022,48.655710577401955,
150,9/5/2022,51.89942461595341,
150,9/16/2022,42.16828250086856,
150,11/18/2022,71.36170884742363,
150,12/17/2022,64.87428077026689,
150,1/25/2023,25.949712307949785,
150,2/9/2023,24.95158337634577,
150,6/18/2023,42.16828250086856,
150,7/28/2023,66.23727840712438,
150,9/7/2023,61.630566731661595,
150,10/6/2023,48.65571058,
150,11/7/2023,39.04010992383117,
151,5/6/2017,32.43714038532187,
151,6/5/2017,35.680854423303806,
151,8/2/2017,42.16828250046055,
151,9/27/2017,55.45834813003451,
151,10/14/2017,28.107425670002815,
151,11/27/2017,29.396839554578577,
151,12/23/2017,,no intersection
151,1/6/2018,38.92456846185526,
151,2/10/2018,51.89942461565306,
151,3/27/2018,51.89942461633024,
151,4/2/2018,66.14940666357583,
151,6/10/2018,23.665914687285287,
151,7/15/2018,55.143138654881696,
151,8/31/2018,41.93040197418142,
151,9/13/2018,35.68085442324997,
151,10/15/2018,32.43714038464468,
151,11/16/2018,35.68085442392715,
151,12/13/2018,25.94971230748794,
151,1/1/2019,13.290065629573968,
151,2/22/2019,28.107425670002815,
151,4/30/2019,71.36170884717713,
151,5/20/2019,35.68085442398098,
151,6/18/2019,42.16828250051438,
151,7/17/2019,45.61540974692784,
151,8/19/2019,84.09868447,
151,9/8/2019,44.325995862298235,
151,10/7/2019,35.68085442392715,
151,11/22/2019,42.483491976290544,
151,12/5/2019,35.68085442392715,
151,1/31/2020,22.70599826955983,
151,2/12/2020,18.37628355418695,
151,3/12/2020,30.90984597446698,
151,5/23/2020,83.76918701,
151,6/17/2020,48.41783005,
151,7/15/2020,74.60542288515906,
151,9/23/2020,74.60542288515906,
151,10/22/2020,48.65571057767112,
151,11/21/2020,55.14313865420452,
151,12/23/2020,58.38685269,
151,1/23/2021,25.94971230748794,
151,2/7/2021,38.92456846190909,
151,3/16/2021,19.462284230954545,
151,4/14/2021,52.10283782413841,
151,5/7/2021,61.63056673141509,
151,5/23/2021,48.65571057767112,
151,6/6/2021,55.143138654881696,
151,8/17/2021,64.87428077002038,
151,9/11/2021,64.19510650965397,
151,9/30/2021,45.41199653906583,
151,10/11/2021,35.68085442392715,
151,11/11/2021,22.70599826955983,
151,12/9/2021,29.19342634677041,
151,1/12/2022,22.70599826955983,
151,2/11/2022,16.21857019302644,
151,3/5/2022,38.92456846185526,
151,4/26/2022,48.65571057772496,
151,5/17/2022,58.386852692863634,
151,7/15/2022,48.65571057699394,
151,9/5/2022,54.90525813,
151,9/16/2022,45.41199653844249,
151,11/18/2022,74.60542288515906,
151,12/17/2022,64.87428077,
151,1/25/2023,22.70599826955983,
151,2/9/2023,35.680854423303806,
151,6/18/2023,35.9960639,
151,7/28/2023,62.79389635705638,
151,9/7/2023,58.38685269,
151,10/6/2023,35.9960639,
151,11/7/2023,35.680854423303806,
152,5/6/2017,32.437140385729876,
152,6/5/2017,55.143138655128205,
152,8/2/2017,42.168282500191374,
152,9/27/2017,74.60542288592124,
152,10/14/2017,32.43714038510653,
152,11/27/2017,35.680854423711814,
152,12/23/2017,,no intersection
152,1/6/2018,43.57323786291885,
152,2/10/2018,48.65571057797146,
152,3/27/2018,45.857035485337214,
152,4/2/2018,55.22046760106368,
152,6/10/2018,19.462284231470225,
152,7/15/2018,58.38685269305631,
152,8/31/2018,48.65571058,
152,9/13/2018,41.28194981948704,
152,10/15/2018,38.92456846226327,
152,11/16/2018,48.65571057734812,
152,12/13/2018,29.19342634655507,
152,1/1/2019,,no intersection
152,2/22/2019,27.795961405464393,
152,4/30/2019,61.63056673228495,
152,5/20/2019,28.237255140874876,
152,6/18/2019,38.92456846226327,
152,7/17/2019,45.41199653942001,
152,8/19/2019,76.08021677,
152,9/8/2019,48.65571057734812,
152,10/7/2019,43.57323786291885,
152,11/22/2019,45.41199653942001,
152,12/5/2019,39.443191143609226,
152,1/31/2020,22.70599826939833,
152,2/12/2020,19.462284231470225,
152,3/12/2020,38.92456846226327,
152,5/23/2020,77.84913692452653,
152,6/17/2020,45.41199653879666,
152,7/15/2020,74.60542288597509,
152,9/23/2020,77.84913692452653,
152,10/22/2020,51.89942461589957,
152,11/21/2020,51.89942461589957,
152,12/23/2020,51.89942461589957,
152,1/23/2021,26.464589778789016,
152,2/7/2021,42.168282500814726,
152,3/16/2021,19.90732317676408,
152,4/14/2021,51.89942461657675,
152,5/7/2021,55.143138655128205,
152,5/23/2021,42.16828250086856,
152,6/6/2021,58.38685269305631,
152,8/17/2021,61.630566731661595,
152,9/11/2021,64.87428077026689,
152,9/30/2021,38.92456846226327,
152,10/11/2021,38.92456846226327,
152,11/11/2021,19.462284230793042,
152,12/9/2021,25.949712307949785,
152,1/12/2022,19.977161701632273,
152,2/11/2022,16.21857019224159,
152,3/5/2022,32.95201785594576,
152,4/26/2022,48.65571057797146,
152,5/17/2022,63.035522094335235,
152,7/15/2022,48.65571057734812,
152,9/5/2022,54.70559013017061,
152,9/16/2022,46.8169519,
152,11/18/2022,70.48286658762507,
152,12/17/2022,62.59422835892476,
152,1/25/2023,22.705998270021677,
152,2/9/2023,36.19573189449721,
152,6/18/2023,45.41199653942001,
152,7/28/2023,61.630566731661595,
152,9/7/2023,63.54665435409823,
152,10/6/2023,42.168282500814726,
152,11/7/2023,42.16828250086856,
153,5/6/2017,38.92456846190909,
153,6/5/2017,64.87428076939703,
153,8/2/2017,38.92456846185526,
153,9/27/2017,84.33656500097493,
153,10/14/2017,35.68085442324997,
153,11/27/2017,32.43714038464468,
153,12/23/2017,,no intersection
153,1/6/2018,45.41199653906583,
153,2/10/2018,55.14313865425835,
153,3/27/2018,51.89942461565306,
153,4/2/2018,55.143138654881696,
153,6/10/2018,22.51007546728916,
153,7/15/2018,58.38685269,
153,8/31/2018,48.65571057699394,
153,9/13/2018,42.168282499783366,
153,10/15/2018,40.129855811558826,
153,11/16/2018,42.882827986369385,
153,12/13/2018,22.705998269505997,
153,1/1/2019,25.94971230748794,
153,2/22/2019,25.949712308111287,
153,4/30/2019,68.11799480862567,
153,5/20/2019,25.94971230816512,
153,6/18/2019,38.92456846190909,
153,7/17/2019,45.41199653906583,
153,8/19/2019,84.33656500097493,
153,9/8/2019,46.61728389,
153,10/7/2019,43.37356985016411,
153,11/22/2019,54.94721585198767,
153,12/5/2019,38.92456846185526,
153,1/31/2020,22.705998269505997,
153,2/12/2020,22.705998269505997,
153,3/12/2020,38.92456846253244,
153,5/23/2020,77.84913692444154,
153,6/17/2020,46.61728389,
153,7/15/2020,71.36170884655378,
153,9/23/2020,85.05111048688377,
153,10/22/2020,51.89942461559923,
153,11/21/2020,46.61728389,
153,12/23/2020,51.89942461559923,
153,1/23/2021,22.705998269505997,
153,2/7/2021,38.92456846253244,
153,3/16/2021,22.705998268882652,
153,4/14/2021,51.703501814059564,
153,5/7/2021,54.94721585198767,
153,5/23/2021,42.16828250046055,
153,6/6/2021,58.38685269,
153,8/17/2021,58.38685269,
153,9/11/2021,63.795770498844114,
153,9/30/2021,48.65571057699394,
153,10/11/2021,35.68085442324997,
153,11/11/2021,22.95136920143028,
153,12/9/2021,32.43714038532187,
153,1/12/2022,16.218570192349258,
153,2/11/2022,19.46228423090071,
153,3/5/2022,32.437140384698516,
153,4/26/2022,45.41199653844249,
153,5/17/2022,62.835854081118654,
153,7/15/2022,45.41199653906583,
153,9/5/2022,51.89942461559923,
153,9/16/2022,45.41199653906583,
153,11/18/2022,68.11799480862567,
153,12/17/2022,68.11799480862567,
153,1/25/2023,24.352579353296854,
153,2/9/2023,32.43714038464468,
153,6/18/2023,45.21607373684899,
153,7/28/2023,58.38685269,
153,9/7/2023,64.23706423366241,
153,10/6/2023,45.41199653906583,
153,11/7/2023,41.9723597,
154,5/6/2017,38.95619448549029,
154,6/5/2017,51.93105063991145,
154,8/2/2017,39.838781954395884,
154,9/27/2017,71.36170884655378,
154,10/14/2017,35.680854423303806,
154,11/27/2017,32.43714039,
154,12/23/2017,,no intersection
154,1/6/2018,38.92456846258627,
154,2/10/2018,55.14313865425835,
154,3/27/2018,58.386852692863634,
154,4/2/2018,58.38685269,
154,6/10/2018,29.19342634677041,
154,7/15/2018,58.38685269,
154,8/31/2018,54.30625411194578,
154,9/13/2018,48.65571057772496,
154,10/15/2018,42.16828250051438,
154,11/16/2018,35.680854423303806,
154,12/13/2018,19.462284231631727,
154,1/1/2019,22.705998269505997,
154,2/22/2019,25.94971230816512,
154,4/30/2019,68.14962083226071,
154,5/20/2019,29.19342634677041,
154,6/18/2019,38.92456846190909,
154,7/17/2019,45.41199653911966,
154,8/19/2019,81.12447698600467,
154,9/8/2019,48.65571057704778,
154,10/7/2019,48.65571057772496,
154,11/22/2019,51.89942461627641,
154,12/5/2019,38.92456846190909,
154,1/31/2020,19.462284231631727,
154,2/12/2020,25.94971230816512,
154,3/12/2020,46.85890961690208,
154,5/23/2020,74.63704891,
154,6/17/2020,45.41199653911966,
154,7/15/2020,64.87428077002038,
154,9/23/2020,84.33656500029774,
154,10/22/2020,51.89942461565306,
154,11/21/2020,49.569924069534565,
154,12/23/2020,51.89942461565306,
154,1/23/2021,22.70599826955983,
154,2/7/2021,42.16828250046055,
154,3/16/2021,25.94971230816512,
154,4/14/2021,51.89942461627641,
154,5/7/2021,48.65571057767112,
154,5/23/2021,48.65571057772496,
154,6/6/2021,48.65571057767112,
154,8/17/2021,64.87428077002038,
154,9/11/2021,68.11799480862567,
154,9/30/2021,48.65571057772496,
154,10/11/2021,32.43714039,
154,11/11/2021,25.94971230816512,
154,12/9/2021,32.437140384698516,
154,1/12/2022,19.462284231631727,
154,2/11/2022,19.462284231631727,
154,3/5/2022,30.640339424606662,
154,4/26/2022,38.92456846185526,
154,5/17/2022,61.63056673141509,
154,7/15/2022,46.32621003092928,
154,9/5/2022,55.14313865425835,
154,9/16/2022,45.41199653911966,
154,11/18/2022,71.36170884655378,
154,12/17/2022,71.36170884655378,
154,1/25/2023,29.19342634677041,
154,2/9/2023,38.52897765368381,
154,6/18/2023,42.16828250051438,
154,7/28/2023,60.793682188479174,
154,9/7/2023,58.386852692863634,
154,10/6/2023,48.65571057704778,
154,11/7/2023,41.77269169161192,
155,5/6/2017,35.680854423711814,
155,6/5/2017,45.41199653942001,
155,8/2/2017,42.16828250086856,
155,9/27/2017,75.41137423428414,
155,10/14/2017,27.06359379326127,
155,11/27/2017,38.92456846226327,
155,12/23/2017,,no intersection
155,1/6/2018,42.168282500814726,
155,2/10/2018,55.143138655128205,
155,3/27/2018,57.21693655657278,
155,4/2/2018,55.81572640497538,
155,6/10/2018,35.680854423711814,
155,7/15/2018,55.81572640497538,
155,8/31/2018,53.01330610121106,
155,9/13/2018,46.525878024054315,
155,10/15/2018,51.89942461595341,
155,11/16/2018,41.76836013838931,
155,12/13/2018,20.57616571610453,
155,1/1/2019,23.37858602,
155,2/22/2019,29.19342634655507,
155,4/30/2019,71.36170884742363,
155,5/20/2019,35.680854423711814,
155,6/18/2019,42.168282500814726,
155,7/17/2019,45.41199653942001,
155,8/19/2019,86.77502052,
155,9/8/2019,55.14313865450486,
155,10/7/2019,48.65571057734812,
155,11/22/2019,48.65571058,
155,12/5/2019,42.168282500814726,
155,1/31/2020,22.70599826939833,
155,2/12/2020,29.19342634655507,
155,3/12/2020,62.436518079970654,
155,5/23/2020,74.01016408268674,
155,6/17/2020,45.41199653879666,
155,7/15/2020,56.25702013976251,
155,9/23/2020,78.96301840978418,
155,10/22/2020,51.89942461589957,
155,11/21/2020,64.87428077021306,
155,12/23/2020,46.525878024054315,
155,1/23/2021,22.70599826939833,
155,2/7/2021,45.41199653942001,
155,3/16/2021,23.953243353117866,
155,4/14/2021,49.32829832787247,
155,5/7/2021,46.08458428926718,
155,5/23/2021,48.65571057734812,
155,6/6/2021,48.65571058,
155,8/17/2021,68.11799480881834,
155,9/11/2021,68.11799480881834,
155,9/30/2021,55.14313865450486,
155,10/11/2021,32.43714038510653,
155,11/11/2021,22.70599826939833,
155,12/9/2021,35.680854423657976,
155,1/12/2022,17.907109010748258,
155,2/11/2022,22.70599826939833,
155,3/5/2022,30.307307831812725,
155,4/26/2022,38.77060339376205,
155,5/17/2022,62.30315448150877,
155,7/15/2022,45.41199653874283,
155,9/5/2022,51.89942461589957,
155,9/16/2022,46.525878024054315,
155,11/18/2022,59.50073417836779,
155,12/17/2022,69.23187629407599,
155,1/25/2023,29.19342634655507,
155,2/9/2023,36.794735908969464,
155,6/18/2023,40.171813545359456,
155,7/28/2023,61.630566731661595,
155,9/7/2023,64.87428077021306,
155,10/6/2023,51.89942461589957,
155,11/7/2023,45.41199653942001,
156,5/6/2017,38.92456846190909,
156,6/5/2017,45.41199653911966,
156,8/2/2017,42.16828250051438,
156,9/27/2017,75.21170622122905,
156,10/14/2017,29.19342634609323,
156,11/27/2017,32.437140384698516,
156,12/23/2017,,no intersection
156,1/6/2018,45.78500486912128,
156,2/10/2018,59.43442976302092,
156,3/27/2018,51.89942461565306,
156,4/2/2018,51.89942461633024,
156,6/10/2018,35.680854423303806,
156,7/15/2018,55.14313865425835,
156,8/31/2018,51.89942461559923,
156,9/13/2018,45.41199653906583,
156,10/15/2018,48.65571057704778,
156,11/16/2018,61.63056673141509,
156,12/13/2018,22.70599826955983,
156,1/1/2019,22.70599826955983,
156,2/22/2019,25.94971230816512,
156,4/30/2019,63.10910583288638,
156,5/20/2019,35.68085442398098,
156,6/18/2019,42.16828250051438,
156,7/17/2019,46.45957360933078,
156,8/19/2019,86.77502052017167,
156,9/8/2019,64.87428077007422,
156,10/7/2019,48.65571057704778,
156,11/22/2019,42.16828250051438,
156,12/5/2019,35.680854423303806,
156,1/31/2020,19.462284230954545,
156,2/12/2020,22.70599826955983,
156,3/12/2020,51.89942461627641,
156,5/23/2020,77.84913692376435,
156,6/17/2020,47.33182937467824,
156,7/15/2020,51.89942461559923,
156,9/23/2020,86.77502052017167,
156,10/22/2020,55.14313865425835,
156,11/21/2020,51.89942461627641,
156,12/23/2020,45.41199653906583,
156,1/23/2021,22.70599826955983,
156,2/7/2021,46.45957360933078,
156,3/16/2021,30.24100341630435,
156,4/14/2021,46.45957360933078,
156,5/7/2021,41.81464941812791,
156,5/23/2021,48.65571057704778,
156,6/6/2021,48.65571057704778,
156,8/17/2021,68.28298440993119,
156,9/11/2021,58.38685269,
156,9/30/2021,51.89942461559923,
156,10/11/2021,29.19342634609323,
156,11/11/2021,22.70599826955983,
156,12/9/2021,38.92456846258627,
156,1/12/2022,19.462284230954545,
156,2/11/2022,16.218570192349258,
156,3/5/2022,29.19342634677041,
156,4/26/2022,42.16828250051438,
156,5/17/2022,61.63056673141509,
156,7/15/2022,45.41199653906583,
156,9/5/2022,55.14313865420452,
156,9/16/2022,42.16828250046055,
156,11/18/2022,58.38685269,
156,12/17/2022,64.87428077002038,
156,1/25/2023,25.94971230748794,
156,2/9/2023,35.680854423303806,
156,6/18/2023,42.16828250051438,
156,7/28/2023,58.386852692863634,
156,9/7/2023,64.87428077002038,
156,10/6/2023,48.65571057767112,
156,11/7/2023,36.728431493514925,
157,5/6/2017,42.16828250024521,
157,6/5/2017,45.41199653947385,
157,8/2/2017,38.706933989736896,
157,9/27/2017,78.47976695084978,
157,10/14/2017,25.949712308626967,
157,11/27/2017,35.680854423711814,
157,12/23/2017,,no intersection
157,1/6/2018,42.16828250086856,
157,2/10/2018,55.99104772666085,
157,3/27/2018,58.38685269311014,
157,4/2/2018,59.23476176526614,
157,6/10/2018,38.92456846226327,
157,7/15/2018,55.14313865455869,
157,8/31/2018,48.65571058,
157,9/13/2018,42.16828250086856,
157,10/15/2018,51.89942461657675,
157,11/16/2018,51.79359307370406,
157,12/13/2018,19.462284231470225,
157,1/1/2019,29.19342634655507,
157,2/22/2019,25.949712308626967,
157,4/30/2019,59.017482720002896,
157,5/20/2019,44.85869545935525,
157,6/18/2019,45.41199653942001,
157,7/17/2019,51.89942461595341,
157,8/19/2019,86.80969891496056,
157,9/8/2019,74.60542288602892,
157,10/7/2019,51.89942461657675,
157,11/22/2019,55.14313865455869,
157,12/5/2019,38.92456846226327,
157,1/31/2020,25.396411228508377,
157,2/12/2020,25.949712308626967,
157,3/12/2020,55.14313865455869,
157,5/23/2020,77.84913692390319,
157,6/17/2020,42.16828250086856,
157,7/15/2020,47.33182937,
157,9/23/2020,80.76356457253712,
157,10/22/2020,58.05756630313879,
157,11/21/2020,55.14313865450486,
157,12/23/2020,45.41199653947385,
157,1/23/2021,22.705998270021677,
157,2/7/2021,48.65571058,
157,3/16/2021,32.43714038510653,
157,4/14/2021,51.12884449124875,
157,5/7/2021,42.16828250086856,
157,5/23/2021,51.89942461663058,
157,6/6/2021,42.16828250086856,
157,8/17/2021,64.87428077089024,
157,9/11/2021,58.38685269378733,
157,9/30/2021,48.65571058,
157,10/11/2021,35.680854423711814,
157,11/11/2021,25.949712308626967,
157,12/9/2021,45.41199653942001,
157,1/12/2022,19.462284231470225,
157,2/11/2022,22.70599827007551,
157,3/5/2022,29.19342634717842,
157,4/26/2022,47.33182937,
157,5/17/2022,68.11799480887217,
157,7/15/2022,47.33182937,
157,9/5/2022,61.63056673233878,
157,9/16/2022,48.65571058,
157,11/18/2022,55.14313865518204,
157,12/17/2022,61.63056673233878,
157,1/25/2023,22.70599827007551,
157,2/9/2023,35.680854423711814,
157,6/18/2023,42.16828250024521,
157,7/28/2023,61.63056673171543,
157,9/7/2023,58.79346802985566,
157,10/6/2023,48.32642418743059,
157,11/7/2023,32.43714038578371,
158,5/6/2017,38.92456846180142,
158,6/5/2017,32.12546502902071,
158,8/2/2017,35.55123604530233,
158,9/27/2017,68.11799480851799,
158,10/14/2017,32.30752200669705,
158,11/27/2017,45.28237816038718,
158,12/23/2017,,no intersection
158,1/6/2018,29.193426346716574,
158,2/10/2018,57.81594058050571,
158,3/27/2018,48.65571057761729,
158,4/2/2018,57.81594058050571,
158,6/10/2018,35.68085442319614,
158,7/15/2018,55.14313865409685,
158,8/31/2018,45.411996539011994,
158,9/13/2018,45.411996539011994,
158,10/15/2018,51.899424616222575,
158,11/16/2018,45.411996539011994,
158,12/13/2018,25.949712308111287,
158,1/1/2019,22.705998269505997,
158,2/22/2019,22.705998269505997,
158,4/30/2019,48.65571057761729,
158,5/20/2019,35.68085442324997,
158,6/18/2019,45.411996539011994,
158,7/17/2019,55.14313865477403,
158,8/19/2019,77.84913692365669,
158,9/8/2019,77.84913692433386,
158,10/7/2019,51.899424616222575,
158,11/22/2019,51.899424616168744,
158,12/5/2019,32.43714038526803,
158,1/31/2020,22.705998269505997,
158,2/12/2020,19.46228423090071,
158,3/12/2020,51.899424616168744,
158,5/23/2020,74.60542288572857,
158,6/17/2020,35.68085442387331,
158,7/15/2020,48.65571057761729,
158,9/23/2020,81.09285096293915,
158,10/22/2020,58.386852692755966,
158,11/21/2020,55.143138654827865,
158,12/23/2020,45.411996539011994,
158,1/23/2021,22.705998269505997,
158,2/7/2021,45.411996539011994,
158,3/16/2021,30.906311854776636,
158,4/14/2021,48.655710577563454,
158,5/7/2021,42.16828250040671,
158,5/23/2021,38.92456846180142,
158,6/6/2021,42.16828250040671,
158,8/17/2021,64.63993436273176,
158,9/11/2021,55.143138654827865,
158,9/30/2021,42.16828250040671,
158,10/11/2021,38.794950083853784,
158,11/11/2021,22.705998269505997,
158,12/9/2021,45.411996539011994,
158,1/12/2022,12.974856154367318,
158,2/11/2022,19.46228423090071,
158,3/5/2022,32.43714038532187,
158,4/26/2022,41.415313409856765,
158,5/17/2022,61.63056673130742,
158,7/15/2022,42.16828250040671,
158,9/5/2022,55.143138654827865,
158,9/16/2022,47.33182937424757,
158,11/18/2022,45.411996539011994,
158,12/17/2022,55.143138654827865,
158,1/25/2023,25.19674321756134,
158,2/9/2023,35.68085442387331,
158,6/18/2023,45.411996539011994,
158,7/28/2023,55.143138654827865,
158,9/7/2023,58.386852692755966,
158,10/6/2023,44.21773371,
158,11/7/2023,29.193426346716574,
159,5/6/2017,35.68085442324997,
159,6/5/2017,25.949712307434105,
159,8/2/2017,38.92456846190909,
159,9/27/2017,68.11799480794848,
159,10/14/2017,32.437140384698516,
159,11/27/2017,38.92456846190909,
159,12/23/2017,,no intersection
159,1/6/2018,19.462284230954545,
159,2/10/2018,68.11799480862567,
159,3/27/2018,45.41199653906583,
159,4/2/2018,55.14313865420452,
159,6/10/2018,34.3496939,
159,7/15/2018,58.01560858886019,
159,8/31/2018,42.16828250051438,
159,9/13/2018,45.41199653911966,
159,10/15/2018,51.89942461565306,
159,11/16/2018,35.68085442398098,
159,12/13/2018,22.70599826955983,
159,1/1/2019,29.193426346039395,
159,2/22/2019,22.70599826955983,
159,4/30/2019,48.65571057699394,
159,5/20/2019,36.570721210945415,
159,6/18/2019,48.284466473044326,
159,7/17/2019,58.38685269,
159,8/19/2019,84.336565,
159,9/8/2019,77.84913692376435,
159,10/7/2019,48.65571057704778,
159,11/22/2019,58.38685269,
159,12/5/2019,38.92456846190909,
159,1/31/2020,22.70599826955983,
159,2/12/2020,16.218570192349258,
159,3/12/2020,61.63056673141509,
159,5/23/2020,78.29770997726484,
159,6/17/2020,36.12942747680429,
159,7/15/2020,58.386852692863634,
159,9/23/2020,74.60542289,
159,10/22/2020,48.72576020786263,
159,11/21/2020,58.394132012223004,
159,12/23/2020,45.86056959256632,
159,1/23/2021,25.94971230816512,
159,2/7/2021,55.14313865420452,
159,3/16/2021,35.680854423303806,
159,4/14/2021,55.14313865420452,
159,5/7/2021,39.81443524949687,
159,5/23/2021,42.16828250051438,
159,6/6/2021,51.89942461559923,
159,8/17/2021,61.63056673141509,
159,9/11/2021,58.386852692863634,
159,9/30/2021,44.08083601671358,
159,10/11/2021,29.19342634609323,
159,11/11/2021,19.462284230954545,
159,12/9/2021,48.65571057704778,
159,1/12/2022,16.218570192349258,
159,2/11/2022,16.218570192349258,
159,3/5/2022,35.680854423303806,
159,4/26/2022,58.38685269,
159,5/17/2022,61.630566731468925,
159,7/15/2022,44.01806570588144,
159,9/5/2022,58.38685269,
159,9/16/2022,42.16828250051438,
159,11/18/2022,42.16828250051438,
159,12/17/2022,56.55162812553813,
159,1/25/2023,28.24078924767331,
159,2/9/2023,29.19342634677041,
159,6/18/2023,42.16828250051438,
159,7/28/2023,55.14313865425835,
159,9/7/2023,55.143138654881696,
159,10/6/2023,36.12942747680429,
159,11/7/2023,29.19342634609323,
16,5/6/2017,25.949712307434105,
16,6/5/2017,,no intersection
16,8/2/2017,52.30106009622304,
16,9/27/2017,58.38685269,
16,10/14/2017,38.92456846185526,
16,11/27/2017,26.066699511179475,
16,12/23/2017,,no intersection
16,1/6/2018,29.193426346716574,
16,2/10/2018,32.43714038532187,
16,3/27/2018,35.68085442324997,
16,4/2/2018,38.92456846185526,
16,6/10/2018,32.43714038532187,
16,7/15/2018,35.68085442324997,
16,8/31/2018,50.89984994430264,
16,9/13/2018,48.65571057767112,
16,10/15/2018,55.14313865420452,
16,11/16/2018,38.92456846185526,
16,12/13/2018,25.949712308111287,
16,1/1/2019,29.193426346716574,
16,2/22/2019,29.193426346716574,
16,4/30/2019,51.89942461559923,
16,5/20/2019,39.44319114554726,
16,6/18/2019,48.65571057699394,
16,7/17/2019,68.11799480862567,
16,8/19/2019,81.09285096236964,
16,9/8/2019,64.87428077,
16,10/7/2019,61.63056673141509,
16,11/22/2019,35.79784162631815,
16,12/5/2019,25.949712308111287,
16,1/31/2020,25.949712308111287,
16,2/12/2020,17.06149940706036,
16,3/12/2020,25.949712308111287,
16,5/23/2020,50.89984994430264,
16,6/17/2020,51.89942461559923,
16,7/15/2020,61.63056673141509,
16,9/23/2020,68.11799480794848,
16,10/22/2020,38.92456846185526,
16,11/21/2020,55.14313865420452,
16,12/23/2020,,no intersection
16,1/23/2021,34.681279751953376,
16,2/7/2021,44.41242186709206,
16,3/16/2021,32.43714038532187,
16,4/14/2021,48.65571057699394,
16,5/7/2021,42.16828250046055,
16,5/23/2021,55.143138654881696,
16,6/6/2021,45.41199653838865,
16,8/17/2021,60.86496646625486,
16,9/11/2021,49.7326142,
16,9/30/2021,35.680854423303806,
16,10/11/2021,38.92456846185526,
16,11/11/2021,29.193426346716574,
16,12/9/2021,51.89942461559923,
16,1/12/2022,29.193426346716574,
16,2/11/2022,29.193426346716574,
16,3/5/2022,48.65571057767112,
16,4/26/2022,32.43714038464468,
16,5/17/2022,48.65571057699394,
16,7/15/2022,38.92456846185526,
16,9/5/2022,60.63099205944132,
16,9/16/2022,,no intersection
16,11/18/2022,45.41199653906583,
16,12/17/2022,45.41199653906583,
16,1/25/2023,25.949712308111287,
16,2/9/2023,,no intersection
16,6/18/2023,32.43714038532187,
16,7/28/2023,42.16828250046055,
16,9/7/2023,51.89942461627641,
16,10/6/2023,42.16828250046055,
16,11/7/2023,38.92456846185526,
160,5/6/2017,32.167422761336645,
160,6/5/2017,22.70599826939833,
160,8/2/2017,35.680854423711814,
160,9/27/2017,68.11799480887217,
160,10/14/2017,42.16828250024521,
160,11/27/2017,39.19428608608698,
160,12/23/2017,,no intersection
160,1/6/2018,25.949712308626967,
160,2/10/2018,74.60542288602892,
160,3/27/2018,42.16828250086856,
160,4/2/2018,55.14313865450486,
160,6/10/2018,32.43714038510653,
160,7/15/2018,51.89942461595341,
160,8/31/2018,55.14313865518204,
160,9/13/2018,48.65571058,
160,10/15/2018,54.844918434313435,
160,11/16/2018,58.38685269311014,
160,12/13/2018,29.19342634655507,
160,1/1/2019,38.924568462317104,
160,2/22/2019,29.193426347232254,
160,4/30/2019,55.14313865518204,
160,5/20/2019,51.89942461663058,
160,6/18/2019,45.41199653942001,
160,7/17/2019,58.635757750847716,
160,8/19/2019,77.84913692458036,
160,9/8/2019,74.60542288597509,
160,10/7/2019,55.14313865518204,
160,11/22/2019,68.11799480887217,
160,12/5/2019,42.16828250024521,
160,1/31/2020,34.52854932922864,
160,2/12/2020,22.70599827007551,
160,3/12/2020,64.87428077026689,
160,5/23/2020,84.33656500105994,
160,6/17/2020,38.924568462317104,
160,7/15/2020,58.65657031755721,
160,9/23/2020,77.84913692395702,
160,10/22/2020,55.14313865455869,
160,11/21/2020,58.38685269311014,
160,12/23/2020,50.32663835339259,
160,1/23/2021,25.949712308626967,
160,2/7/2021,61.63056673171543,
160,3/16/2021,39.17347352005468,
160,4/14/2021,55.14313865455869,
160,5/7/2021,32.43714038516036,
160,5/23/2021,45.41199653879666,
160,6/6/2021,51.89942461663058,
160,8/17/2021,68.11799480949553,
160,9/11/2021,58.38685269378733,
160,9/30/2021,45.41199653947385,
160,10/11/2021,32.70685800955359,
160,11/11/2021,26.21942993239685,
160,12/9/2021,51.89942461595341,
160,1/12/2022,25.949712307949785,
160,2/11/2022,22.70599827007551,
160,3/5/2022,32.43714038578371,
160,4/26/2022,48.65571058,
160,5/17/2022,61.63056673171543,
160,7/15/2022,48.65571057734812,
160,9/5/2022,61.63056673233878,
160,9/16/2022,48.65571058,
160,11/18/2022,42.438000124638435,
160,12/17/2022,61.90028435610866,
160,1/25/2023,24.797407214143792,
160,2/9/2023,32.43714038516036,
160,6/18/2023,42.417187557982786,
160,7/28/2023,55.14313865518204,
160,9/7/2023,58.38685269311014,
160,10/6/2023,45.41199653879666,
160,11/7/2023,31.284835291300535,
161,5/6/2017,32.023938551779196,
161,6/5/2017,25.039032937499382,
161,8/2/2017,38.92456846185526,
161,9/27/2017,68.11799480851799,
161,10/14/2017,32.43714038532187,
161,11/27/2017,35.68085442387331,
161,12/23/2017,,no intersection
161,1/6/2018,19.952815012886397,
161,2/10/2018,55.14313865477403,
161,3/27/2018,48.65571057761729,
161,4/2/2018,51.899424616222575,
161,6/10/2018,31.50531586908739,
161,7/15/2018,48.65571057761729,
161,8/31/2018,61.630566731361256,
161,9/13/2018,55.14313865415068,
161,10/15/2018,,no intersection
161,11/16/2018,64.87428076991272,
161,12/13/2018,36.17138520518182,
161,1/1/2019,35.68085442387331,
161,2/22/2019,25.949712308111287,
161,4/30/2019,45.411996539011994,
161,5/20/2019,42.65881328,
161,6/18/2019,47.303737472810425,
161,7/17/2019,68.11799480851799,
161,8/19/2019,74.60542288572857,
161,9/8/2019,77.84913692433386,
161,10/7/2019,51.899424616222575,
161,11/22/2019,61.67980377904431,
161,12/5/2019,45.411996539011994,
161,1/31/2020,37.55145021137199,
161,2/12/2020,16.218570192349258,
161,3/12/2020,42.16828250040671,
161,5/23/2020,68.11799480851799,
161,6/17/2020,45.411996539011994,
161,7/15/2020,71.36170884712328,
161,9/23/2020,84.33656500081342,
161,10/22/2020,56.59358585364648,
161,11/21/2020,68.11799480851799,
161,12/23/2020,48.704947624623166,
161,1/23/2021,29.662811982348675,
161,2/7/2021,64.87428077058989,
161,3/16/2021,42.16828250103006,
161,4/14/2021,55.14313865477403,
161,5/7/2021,32.43714038526803,
161,5/23/2021,45.881382174644095,
161,6/6/2021,45.411996539011994,
161,8/17/2021,71.36170884649994,
161,9/11/2021,71.36170884649994,
161,9/30/2021,39.393954098110704,
161,10/11/2021,41.65800025299639,
161,11/11/2021,29.19342634666274,
161,12/9/2021,51.94866166322846,
161,1/12/2022,35.70894632468711,
161,2/11/2022,19.462284230954545,
161,3/5/2022,32.43714038532187,
161,4/26/2022,48.65571057761729,
161,5/17/2022,64.87428076991272,
161,7/15/2022,48.704947624623166,
161,9/5/2022,58.38685269343315,
161,9/16/2022,47.33182937419373,
161,11/18/2022,39.393954098110704,
161,12/17/2022,51.899424616222575,
161,1/25/2023,25.949712308111287,
161,2/9/2023,32.43714038526803,
161,6/18/2023,38.924568462478604,
161,7/28/2023,52.368810251854676,
161,9/7/2023,55.14313865477403,
161,10/6/2023,42.217519548089776,
161,11/7/2023,35.68085442324997,
162,5/6/2017,20.635734483221185,
162,6/5/2017,24.839364938636745,
162,8/2/2017,38.92456846226327,
162,9/27/2017,71.36170884742363,
162,10/14/2017,32.50518673989408,
162,11/27/2017,32.43714038510653,
162,12/23/2017,,no intersection
162,1/6/2018,22.70599826939833,
162,2/10/2018,61.63056673233878,
162,3/27/2018,39.15232836148636,
162,4/2/2018,51.89942461657675,
162,6/10/2018,22.70599827007551,
162,7/15/2018,55.14313865518204,
162,8/31/2018,68.11799480887217,
162,9/13/2018,63.700830517892584,
162,10/15/2018,51.89942461595341,
162,11/16/2018,64.87428077094407,
162,12/13/2018,32.43714038510653,
162,1/1/2019,37.81422109295023,
162,2/22/2019,26.24057509023415,
162,4/30/2019,45.41199653879666,
162,5/20/2019,35.90861432293491,
162,6/18/2019,45.639756438643104,
162,7/17/2019,69.74696485969267,
162,8/19/2019,84.33656500111377,
162,9/8/2019,81.09285096250848,
162,10/7/2019,48.65571057734812,
162,11/22/2019,64.87428077026689,
162,12/5/2019,42.16828250086856,
162,1/31/2020,35.680854423711814,
162,2/12/2020,18.351936861480002,
162,3/12/2020,35.680854423711814,
162,5/23/2020,71.36170884747746,
162,6/17/2020,38.92456846226327,
162,7/15/2020,61.63056673171543,
162,9/23/2020,77.84913692463421,
162,10/22/2020,51.89942461663058,
162,11/21/2020,70.99774405884114,
162,12/23/2020,51.89942461663058,
162,1/23/2021,23.375051903978072,
162,2/7/2021,64.87428077026689,
162,3/16/2021,25.949712308626967,
162,4/14/2021,58.236421740715045,
162,5/7/2021,,no intersection
162,5/23/2021,35.680854423765645,
162,6/6/2021,61.63056673171543,
162,8/17/2021,58.38685269311014,
162,9/11/2021,64.87428077026689,
162,9/30/2021,32.43714038510653,
162,10/11/2021,32.43714038510653,
162,11/11/2021,29.19342634655507,
162,12/9/2021,64.87428077026689,
162,1/12/2022,43.797252551742886,
162,2/11/2022,24.839364938636745,
162,3/5/2022,32.43714038516036,
162,4/26/2022,48.65571058,
162,5/17/2022,61.63056673233878,
162,7/15/2022,58.38685269311014,
162,9/5/2022,55.14313865455869,
162,9/16/2022,38.924568462317104,
162,11/18/2022,38.924568462317104,
162,12/17/2022,48.65571057734812,
162,1/25/2023,22.70599826939833,
162,2/9/2023,25.94971230800362,
162,6/18/2023,38.924568462317104,
162,7/28/2023,45.41199653879666,
162,9/7/2023,51.89942461595341,
162,10/6/2023,42.16828250086856,
162,11/7/2023,29.19342634655507,
163,5/6/2017,29.19342634677041,
163,6/5/2017,21.39598288679221,
163,8/2/2017,38.92456846185526,
163,9/27/2017,64.87428077002038,
163,10/14/2017,29.284621115923198,
163,11/27/2017,33.929545306448894,
163,12/23/2017,,no intersection
163,1/6/2018,19.462284230954545,
163,2/10/2018,74.60542289,
163,3/27/2018,39.351996375717285,
163,4/2/2018,53.72806268205885,
163,6/10/2018,31.904651880727425,
163,7/15/2018,55.220467603809226,
163,8/31/2018,68.11799480794848,
163,9/13/2018,61.63056673141509,
163,10/15/2018,65.11999901,
163,11/16/2018,81.09285096236964,
163,12/13/2018,35.772049193133775,
163,1/1/2019,42.16828250051438,
163,2/22/2019,22.70599826955983,
163,4/30/2019,45.94448504303693,
163,5/20/2019,29.19342634677041,
163,6/18/2019,45.41199653911966,
163,7/17/2019,71.36170884655378,
163,8/19/2019,79.67777499017014,
163,9/8/2019,81.09285096236964,
163,10/7/2019,48.65571057767112,
163,11/22/2019,68.10412898829274,
163,12/5/2019,40.41697338365947,
163,1/31/2020,32.437140384698516,
163,2/12/2020,18.152268848186925,
163,3/12/2020,35.680854423303806,
163,5/23/2020,84.336565,
163,6/17/2020,47.68192833893556,
163,7/15/2020,64.87428077002038,
163,9/23/2020,87.58027903958022,
163,10/22/2020,58.38685269,
163,11/21/2020,71.36170884723096,
163,12/23/2020,55.14313865420452,
163,1/23/2021,25.94971230748794,
163,2/7/2021,60.21549075921559,
163,3/16/2021,22.705998269505997,
163,4/14/2021,55.143138654881696,
163,5/7/2021,,no intersection
163,5/23/2021,35.68085442324997,
163,6/6/2021,59.87925761461402,
163,8/17/2021,55.143138654881696,
163,9/11/2021,55.143138654881696,
163,9/30/2021,32.43714038532187,
163,10/11/2021,32.437140384698516,
163,11/11/2021,23.665914687285287,
163,12/9/2021,68.11799480794848,
163,1/12/2022,32.43714039,
163,2/11/2022,29.620854260578607,
163,3/5/2022,32.437140384698516,
163,4/26/2022,45.41199653911966,
163,5/17/2022,60.21549075921559,
163,7/15/2022,61.63056673141509,
163,9/5/2022,48.65571057767112,
163,9/16/2022,42.16828250046055,
163,11/18/2022,38.92456846190909,
163,12/17/2022,42.16828250046055,
163,1/25/2023,19.553479000784513,
163,2/9/2023,27.44211723,
163,6/18/2023,35.68085442324997,
163,7/28/2023,48.65571057699394,
163,9/7/2023,45.41199653906583,
163,10/6/2023,42.16828250046055,
163,11/7/2023,32.528335154528484,
164,5/6/2017,32.43714038464468,
164,6/5/2017,32.43714038464468,
164,8/2/2017,38.924568462478604,
164,9/27/2017,58.386852692702135,
164,10/14/2017,32.43714038459085,
164,11/27/2017,38.150454228136454,
164,12/23/2017,,no intersection
164,1/6/2018,19.462284231577893,
164,2/10/2018,71.36170884712328,
164,3/27/2018,39.551664379949194,
164,4/2/2018,48.65571057761729,
164,6/10/2018,25.949712307434105,
164,7/15/2018,61.630566731361256,
164,8/31/2018,71.77185829498248,
164,9/13/2018,61.63056673130742,
164,10/15/2018,55.14313865477403,
164,11/16/2018,77.84913692365669,
164,12/13/2018,31.55455292,
164,1/1/2019,38.92456846185526,
164,2/22/2019,25.175598073769137,
164,4/30/2019,42.16828250040671,
164,5/20/2019,20.089380149048484,
164,6/18/2019,44.19658857042106,
164,7/17/2019,68.11799480857184,
164,8/19/2019,68.11799480851799,
164,9/8/2019,71.36170884712328,
164,10/7/2019,48.655710577563454,
164,11/22/2019,57.17144472478838,
164,12/5/2019,45.411996539011994,
164,1/31/2020,35.68085442319614,
164,2/12/2020,21.196314882860648,
164,3/12/2020,42.05980926562793,
164,5/23/2020,84.33656500081342,
164,6/17/2020,44.86222956998443,
164,7/15/2020,67.34388057485303,
164,9/23/2020,84.33656500081342,
164,10/22/2020,71.36170884712328,
164,11/21/2020,64.87428076991272,
164,12/23/2020,55.14313865415068,
164,1/23/2021,29.084953111883962,
164,2/7/2021,55.143138654827865,
164,3/16/2021,23.66591468706995,
164,4/14/2021,55.143138654827865,
164,5/7/2021,25.841239073278675,
164,5/23/2021,35.68085442324997,
164,6/6/2021,48.65571057761729,
164,8/17/2021,48.65571057761729,
164,9/11/2021,61.63056673,
164,9/30/2021,29.193426346716574,
164,10/11/2021,34.90674018953117,
164,11/11/2021,29.084953111883962,
164,12/9/2021,71.36170884712328,
164,1/12/2022,38.92456846185526,
164,2/11/2022,32.43714038532187,
164,3/5/2022,29.19342634666274,
164,4/26/2022,50.68401665,
164,5/17/2022,64.87428076996655,
164,7/15/2022,61.630566731361256,
164,9/5/2022,55.143138654827865,
164,9/16/2022,46.48038619140856,
164,11/18/2022,42.16828250040671,
164,12/17/2022,55.14313865415068,
164,1/25/2023,19.46228423090071,
164,2/9/2023,30.26181599911314,
164,6/18/2023,42.168282501083894,
164,7/28/2023,45.411996539011994,
164,9/7/2023,49.724100230013846,
164,10/6/2023,42.16828250040671,
164,11/7/2023,35.68085442319614,
165,5/6/2017,32.43714038516036,
165,6/5/2017,45.103855307339785,
165,8/2/2017,44.66256157198314,
165,9/27/2017,58.38685269311014,
165,10/14/2017,35.106408185755924,
165,11/27/2017,36.77392334317516,
165,12/23/2017,,no intersection
165,1/6/2018,29.19342634655507,
165,2/10/2018,69.90467514,
165,3/27/2018,42.16828250086856,
165,4/2/2018,51.89942461663058,
165,6/10/2018,25.94971231,
165,7/15/2018,61.630566731661595,
165,8/31/2018,68.11799480887217,
165,9/13/2018,64.29983453,
165,10/15/2018,51.89942461595341,
165,11/16/2018,58.38685269378733,
165,12/13/2018,35.680854423765645,
165,1/1/2019,38.92456846226327,
165,2/22/2019,22.70599826939833,
165,4/30/2019,42.16828250086856,
165,5/20/2019,16.218570192918772,
165,6/18/2019,42.16828250086856,
165,7/17/2019,74.60542289,
165,8/19/2019,68.76976999365606,
165,9/8/2019,71.36170884742363,
165,10/7/2019,54.56869241654896,
165,11/22/2019,55.14313865523587,
165,12/5/2019,45.41199653947385,
165,1/31/2020,32.43714038516036,
165,2/12/2020,22.70599826939833,
165,3/12/2020,45.41199653947385,
165,5/23/2020,90.82399307821667,
165,6/17/2020,51.89942461595341,
165,7/15/2020,63.683552068096716,
165,9/23/2020,84.33656500173711,
165,10/22/2020,68.11799480887217,
165,11/21/2020,61.63056673171543,
165,12/23/2020,51.89942461663058,
165,1/23/2021,20.99664688566687,
165,2/7/2021,61.63056673233878,
165,3/16/2021,29.19342634655507,
165,4/14/2021,57.37111272047479,
165,5/7/2021,31.55455291501658,
165,5/23/2021,38.17513349,
165,6/6/2021,62.723635651124944,
165,8/17/2021,55.14313865450486,
165,9/11/2021,58.38685269311014,
165,9/30/2021,39.443191143824556,
165,10/11/2021,32.43714038516036,
165,11/11/2021,29.19342634655507,
165,12/9/2021,74.60542289,
165,1/12/2022,35.680854423711814,
165,2/11/2022,37.90882848895073,
165,3/5/2022,38.924568462317104,
165,4/26/2022,35.680854423711814,
165,5/17/2022,61.630566731661595,
165,7/15/2022,63.10910583014083,
165,9/5/2022,68.11799480887217,
165,9/16/2022,47.33182937,
165,11/18/2022,45.41199653947385,
165,12/17/2022,55.14313865450486,
165,1/25/2023,19.154142998658987,
165,2/9/2023,58.38685269311014,
165,6/18/2023,42.168282500922395,
165,7/28/2023,55.14313865455869,
165,9/7/2023,43.43634014918953,
165,10/6/2023,40.017637381780446,
165,11/7/2023,38.924568462317104,
166,5/6/2017,25.949712308111287,
166,6/5/2017,42.16828250051438,
166,8/2/2017,48.280932353192476,
166,9/27/2017,67.30192285,
166,10/14/2017,35.306076199448505,
166,11/27/2017,38.549790238053795,
166,12/23/2017,,no intersection
166,1/6/2018,22.70599826955983,
166,2/10/2018,68.11799480862567,
166,3/27/2018,42.16828250051438,
166,4/2/2018,45.41199653911966,
166,6/10/2018,32.437140384698516,
166,7/15/2018,62.21570492539292,
166,8/31/2018,61.25578850755979,
166,9/13/2018,69.14442673669078,
166,10/15/2018,63.10910583288638,
166,11/16/2018,57.57078073486722,
166,12/13/2018,35.680854423303806,
166,1/1/2019,38.92456846190909,
166,2/22/2019,19.462284231631727,
166,4/30/2019,43.94427088,
166,5/20/2019,25.883196797879297,
166,6/18/2019,38.92456846185526,
166,7/17/2019,68.11799480800232,
166,8/19/2019,81.09285096231581,
166,9/8/2019,64.87428077002038,
166,10/7/2019,51.524646391797766,
166,11/22/2019,51.89942461627641,
166,12/5/2019,45.41199653844249,
166,1/31/2020,29.19342634677041,
166,2/12/2020,20.796978873266312,
166,3/12/2020,42.16828250046055,
166,5/23/2020,94.06770711673695,
166,6/17/2020,51.89942461565306,
166,7/15/2020,69.97131213395225,
166,9/23/2020,82.11928289043475,
166,10/22/2020,58.386852692863634,
166,11/21/2020,61.63056673141509,
166,12/23/2020,48.65571057772496,
166,1/23/2021,20.796978873266312,
166,2/7/2021,57.57078073486722,
166,3/16/2021,25.94971230816512,
166,4/14/2021,57.57078073486722,
166,5/7/2021,30.661152008976646,
166,5/23/2021,45.41199653911966,
166,6/6/2021,48.65571057704778,
166,8/17/2021,61.63056673141509,
166,9/11/2021,55.143138654881696,
166,9/30/2021,42.16828250051438,
166,10/11/2021,35.680854423303806,
166,11/11/2021,35.173045178876855,
166,12/9/2021,68.11799480800232,
166,1/12/2022,38.92456846190909,
166,2/11/2022,34.864782465307385,
166,3/5/2022,35.680854423303806,
166,4/26/2022,32.43714038532187,
166,5/17/2022,55.14313865425835,
166,7/15/2022,48.65571057767112,
166,9/5/2022,74.60542288515906,
166,9/16/2022,42.62038967386672,
166,11/18/2022,45.41199653911966,
166,12/17/2022,56.169570582323466,
166,1/25/2023,16.218570192349258,
166,2/9/2023,51.89942461565306,
166,6/18/2023,45.41199653911966,
166,7/28/2023,51.965940125885055,
166,9/7/2023,51.89942461565306,
166,10/6/2023,35.680854423303806,
166,11/7/2023,41.66047325608743,
167,5/6/2017,29.19342634655507,
167,6/5/2017,42.16828250086856,
167,8/2/2017,42.16828250086856,
167,9/27/2017,67.50159084477714,
167,10/14/2017,39.61830137218612,
167,11/27/2017,29.19342634655507,
167,12/23/2017,,no intersection
167,1/6/2018,25.949712307949785,
167,2/10/2018,64.87428077089024,
167,3/27/2018,41.460805259194004,
167,4/2/2018,49.34944348794814,
167,6/10/2018,29.193426347232254,
167,7/15/2018,58.386852693733495,
167,8/31/2018,68.11799480876451,
167,9/13/2018,70.99774405851814,
167,10/15/2018,58.38685269305631,
167,11/16/2018,61.33077189,
167,12/13/2018,22.70599826939833,
167,1/1/2019,39.443191143609226,
167,2/22/2019,22.530888040767607,
167,4/30/2019,38.92456846226327,
167,5/20/2019,25.68352880173954,
167,6/18/2019,41.551878536827346,
167,7/17/2019,61.63056673233878,
167,8/19/2019,87.58027904028856,
167,9/8/2019,64.57448593,
167,10/7/2019,47.331829372309535,
167,11/22/2019,48.039306613984095,
167,12/5/2019,42.168282500814726,
167,1/31/2020,23.84102491473166,
167,2/12/2020,25.949712307949785,
167,3/12/2020,39.443191143609226,
167,5/23/2020,77.84913692452653,
167,6/17/2020,50.750653639491716,
167,7/15/2020,64.87428077021306,
167,9/23/2020,81.09285096313182,
167,10/22/2020,48.65571057797146,
167,11/21/2020,48.65571058,
167,12/23/2020,48.65571057797146,
167,1/23/2021,27.084738953336945,
167,2/7/2021,51.89942461657675,
167,3/16/2021,25.94971230800362,
167,4/14/2021,61.63056673228495,
167,5/7/2021,38.92456846226327,
167,5/23/2021,48.65571057734812,
167,6/6/2021,42.168282500814726,
167,8/17/2021,58.38685269305631,
167,9/11/2021,58.38685269305631,
167,9/30/2021,38.92456846226327,
167,10/11/2021,32.43714038510653,
167,11/11/2021,25.949712307949785,
167,12/9/2021,66.96922383235665,
167,1/12/2022,42.16828250086856,
167,2/11/2022,25.949712307949785,
167,3/5/2022,42.168282500814726,
167,4/26/2022,48.76154212095182,
167,5/17/2022,51.17260415740196,
167,7/15/2022,38.92456846226327,
167,9/5/2022,77.66028236419793,
167,9/16/2022,35.680854423657976,
167,11/18/2022,42.16828250086856,
167,12/17/2022,53.125524539597265,
167,1/25/2023,14.642249812067295,
167,2/9/2023,58.386852693733495,
167,6/18/2023,38.92456846226327,
167,7/28/2023,48.65571058,
167,9/7/2023,,no intersection
167,10/6/2023,42.86201541,
167,11/7/2023,48.039306613984095,
168,5/6/2017,21.84796858687779,
168,6/5/2017,47.74856532254198,
168,8/2/2017,45.41199653844249,
168,9/27/2017,67.70125886008475,
168,10/14/2017,35.680854423303806,
168,11/27/2017,29.19342634609323,
168,12/23/2017,,no intersection
168,1/6/2018,29.19342634609323,
168,2/10/2018,55.143138654881696,
168,3/27/2018,42.16828250051438,
168,4/2/2018,55.63720355167297,
168,6/10/2018,22.705998269505997,
168,7/15/2018,58.386852692863634,
168,8/31/2018,69.54376274676963,
168,9/13/2018,64.87428077002038,
168,10/15/2018,50.43460573057514,
168,11/16/2018,58.38685269,
168,12/13/2018,20.39764286245645,
168,1/1/2019,42.16828250051438,
168,2/22/2019,22.70599826955983,
168,4/30/2019,42.16828250046055,
168,5/20/2019,29.19342634609323,
168,6/18/2019,39.859927093410995,
168,7/17/2019,64.87428076939703,
168,8/19/2019,90.82399307750832,
168,9/8/2019,64.87428076939703,
168,10/7/2019,42.16828250046055,
168,11/22/2019,48.238974629184035,
168,12/5/2019,48.65571057767112,
168,1/31/2020,29.19342634677041,
168,2/12/2020,23.641356901061737,
168,3/12/2020,38.507832514045354,
168,5/23/2020,84.38933616424842,
168,6/17/2020,55.14313865420452,
168,7/15/2020,58.38685269,
168,9/23/2020,77.46061435295056,
168,10/22/2020,43.594050438658336,
168,11/21/2020,57.97011674494606,
168,12/23/2020,42.16828250051438,
168,1/23/2021,23.641356901061737,
168,2/7/2021,51.89942461565306,
168,3/16/2021,35.680854423303806,
168,4/14/2021,51.89942461565306,
168,5/7/2021,45.41199653911966,
168,5/23/2021,45.41199653838865,
168,6/6/2021,47.79768089504291,
168,8/17/2021,55.14313865420452,
168,9/11/2021,61.63056673141509,
168,9/30/2021,47.30727158840086,
168,10/11/2021,32.437140384698516,
168,11/11/2021,26.885070939667024,
168,12/9/2021,61.63056673141509,
168,1/12/2022,35.680854423303806,
168,2/11/2022,24.13176620770379,
168,3/5/2022,42.16828250046055,
168,4/26/2022,38.92456846190909,
168,5/17/2022,49.64018478172779,
168,7/15/2022,38.92456846190909,
168,9/5/2022,74.60542288583625,
168,9/16/2022,45.41199653906583,
168,11/18/2022,48.65571057772496,
168,12/17/2022,51.89942461627641,
168,1/25/2023,16.218570192349258,
168,2/9/2023,55.14313865425835,
168,6/18/2023,42.16828250051438,
168,7/28/2023,49.12156209803579,
168,9/7/2023,40.819843511190285,
168,10/6/2023,42.16828250051438,
168,11/7/2023,48.65571057704778,
169,5/6/2017,23.665914687285287,
169,6/5/2017,48.43864263576199,
169,8/2/2017,45.41199653911966,
169,9/27/2017,64.87428077002038,
169,10/14/2017,29.19342634677041,
169,11/27/2017,29.19342634677041,
169,12/23/2017,,no intersection
169,1/6/2018,29.19342634677041,
169,2/10/2018,61.63056673141509,
169,3/27/2018,42.16828250046055,
169,4/2/2018,51.68235667436728,
169,6/10/2018,29.19342634677041,
169,7/15/2018,58.38685269,
169,8/31/2018,58.386852692863634,
169,9/13/2018,58.386852692863634,
169,10/15/2018,51.89942461565306,
169,11/16/2018,51.89942461627641,
169,12/13/2018,20.19797485655568,
169,1/1/2019,45.41199653906583,
169,2/22/2019,16.218570192349258,
169,4/30/2019,43.345266860202806,
169,5/20/2019,25.949712308111287,
169,6/18/2019,38.70750051994612,
169,7/17/2019,63.326173774795514,
169,8/19/2019,90.60692513622254,
169,9/8/2019,58.38685269,
169,10/7/2019,45.63622233129782,
169,11/22/2019,48.43864263576199,
169,12/5/2019,38.92456846190909,
169,1/31/2020,26.685402933089076,
169,2/12/2020,25.94971230748794,
169,3/12/2020,41.95121455855141,
169,5/23/2020,90.82399308,
169,6/17/2020,48.65571057704778,
169,7/15/2020,50.35131762,
169,9/23/2020,77.84913692376435,
169,10/22/2020,35.680854423303806,
169,11/21/2020,58.681249584269814,
169,12/23/2020,45.41199653911966,
169,1/23/2021,32.437140384698516,
169,2/7/2021,51.89942461627641,
169,3/16/2021,29.19342634677041,
169,4/14/2021,51.89942461627641,
169,5/7/2021,42.16828250051438,
169,5/23/2021,48.65571057772496,
169,6/6/2021,35.786685966553335,
169,8/17/2021,51.89942461633024,
169,9/11/2021,58.386852692863634,
169,9/30/2021,48.65571057772496,
169,10/11/2021,42.16828250051438,
169,11/11/2021,32.437140384698516,
169,12/9/2021,55.143138654881696,
169,1/12/2022,35.015334896930696,
169,2/11/2022,27.575148252263684,
169,3/5/2022,45.41199653911966,
169,4/26/2022,38.92456846185526,
169,5/17/2022,55.14313865420452,
169,7/15/2022,45.41199653906583,
169,9/5/2022,68.11799480862567,
169,9/16/2022,45.41199653911966,
169,11/18/2022,38.92456846190909,
169,12/17/2022,51.89942461627641,
169,1/25/2023,16.218570192349258,
169,2/9/2023,55.14313865420452,
169,6/18/2023,45.41199653906583,
169,7/28/2023,51.89942461627641,
169,9/7/2023,42.16828250051438,
169,10/6/2023,42.16828250051438,
169,11/7/2023,48.43864263576199,
17,5/6/2017,29.794729824426494,
17,6/5/2017,,no intersection
17,8/2/2017,55.14313865450486,
17,9/27/2017,58.38685269311014,
17,10/14/2017,38.92456846226327,
17,11/27/2017,36.99938378,
17,12/23/2017,,no intersection
17,1/6/2018,35.68085442433516,
17,2/10/2018,45.41199653942001,
17,3/27/2018,35.680854423657976,
17,4/2/2018,48.65571058,
17,6/10/2018,25.149805634223803,
17,7/15/2018,42.168282500814726,
17,8/31/2018,55.037307111932506,
17,9/13/2018,55.14313865450486,
17,10/15/2018,49.53294619825626,
17,11/16/2018,36.99938378,
17,12/13/2018,25.949712308573133,
17,1/1/2019,32.35445959,
17,2/22/2019,32.43714038578371,
17,4/30/2019,51.89942461589957,
17,5/20/2019,38.92456846226327,
17,6/18/2019,51.89942461595341,
17,7/17/2019,73.64015461919817,
17,8/19/2019,81.09285096313182,
17,9/8/2019,65.47558424808449,
17,10/7/2019,58.38685269305631,
17,11/22/2019,38.84188767,
17,12/5/2019,25.949712308573133,
17,1/31/2020,32.437140385729876,
17,2/12/2020,25.949712308626967,
17,3/12/2020,29.193426346501237,
17,5/23/2020,55.14313865450486,
17,6/17/2020,49.97423993304339,
17,7/15/2020,62.50780235,
17,9/23/2020,64.87428077021306,
17,10/22/2020,38.92456846226327,
17,11/21/2020,64.87428077021306,
17,12/23/2020,,no intersection
17,1/23/2021,35.68085442433516,
17,2/7/2021,45.41199653874283,
17,3/16/2021,45.41199653942001,
17,4/14/2021,55.14313865450486,
17,5/7/2021,46.01330001666808,
17,5/23/2021,68.11799480876451,
17,6/6/2021,45.41199653942001,
17,8/17/2021,71.96301232524122,
17,9/11/2021,59.26408831334111,
17,9/30/2021,35.680854423657976,
17,10/11/2021,38.92456846226327,
17,11/11/2021,35.68085442433516,
17,12/9/2021,55.22046760106368,
17,1/12/2022,29.193426346501237,
17,2/11/2022,32.437140385729876,
17,3/5/2022,51.89942461657675,
17,4/26/2022,38.92456846226327,
17,5/17/2022,51.89942461589957,
17,7/15/2022,49.25701405521954,
17,9/5/2022,64.87428077021306,
17,9/16/2022,,no intersection
17,11/18/2022,45.41199653874283,
17,12/17/2022,51.89942461589957,
17,1/25/2023,29.19342634717842,
17,2/9/2023,,no intersection
17,6/18/2023,51.89942461595341,
17,7/28/2023,52.500728093824826,
17,9/7/2023,55.14313865450486,
17,10/6/2023,48.65571057734812,
17,11/7/2023,38.92456846226327,
170,5/6/2017,25.949712307949785,
170,6/5/2017,47.349229320609126,
170,8/2/2017,46.90793558592966,
170,9/27/2017,68.11799480881834,
170,10/14/2017,25.949712307949785,
170,11/27/2017,32.86103417180941,
170,12/23/2017,,no intersection
170,1/6/2018,32.86103417180941,
170,2/10/2018,54.684444971063954,
170,3/27/2018,45.39459659,
170,4/2/2018,55.14313865450486,
170,6/10/2018,29.19342634655507,
170,7/15/2018,61.63056673171543,
170,8/31/2018,51.89942461595341,
170,9/13/2018,58.38685269378733,
170,10/15/2018,45.41199653947385,
170,11/16/2018,55.23786754936327,
170,12/13/2018,19.462284230793042,
170,1/1/2019,42.16828250086856,
170,2/22/2019,19.88617802,
170,4/30/2019,48.197016894584394,
170,5/20/2019,23.665914686262436,
170,6/18/2019,42.168282500191374,
170,7/17/2019,61.630566731661595,
170,8/19/2019,87.58027903966521,
170,9/8/2019,68.11799480881834,
170,10/7/2019,42.168282500922395,
170,11/22/2019,48.638310629317694,
170,12/5/2019,35.77558331857023,
170,1/31/2020,22.70599827007551,
170,2/12/2020,19.46228423152406,
170,3/12/2020,38.924568461586084,
170,5/23/2020,87.58027904,
170,6/17/2020,48.65571058,
170,7/15/2020,51.89942461663058,
170,9/23/2020,77.06127834940268,
170,10/22/2020,31.554552915070413,
170,11/21/2020,64.87428077032072,
170,12/23/2020,45.41199653947385,
170,1/23/2021,29.19342634655507,
170,2/7/2021,48.65571057734812,
170,3/16/2021,29.19342634655507,
170,4/14/2021,55.23786754936327,
170,5/7/2021,38.924568462317104,
170,5/23/2021,45.41199653947385,
170,6/6/2021,32.43714038510653,
170,8/17/2021,62.05446051836448,
170,9/11/2021,61.63056673171543,
170,9/30/2021,42.16828250086856,
170,10/11/2021,32.43714038516036,
170,11/11/2021,26.48573493821868,
170,12/9/2021,58.481581587968556,
170,1/12/2022,32.43714038516036,
170,2/11/2022,32.43714038510653,
170,3/5/2022,39.34846224896614,
170,4/26/2022,45.41199653879666,
170,5/17/2022,55.14313865450486,
170,7/15/2022,50.59294335921441,
170,9/5/2022,64.85688082223646,
170,9/16/2022,42.16828250086856,
170,11/18/2022,43.99338643916884,
170,12/17/2022,55.23786754936327,
170,1/25/2023,16.21857019224159,
170,2/9/2023,48.65571057734812,
170,6/18/2023,45.41199653874283,
170,7/28/2023,51.89942461595341,
170,9/7/2023,44.43468017452548,
170,10/6/2023,45.50672543433226,
170,11/7/2023,48.65571057734812,
171,5/6/2017,19.462284230954545,
171,6/5/2017,45.411996539011994,
171,8/2/2017,48.65571057761729,
171,9/27/2017,62.92683776819324,
171,10/14/2017,22.705998269505997,
171,11/27/2017,32.43714038464468,
171,12/23/2017,,no intersection
171,1/6/2018,29.193426346039395,
171,2/10/2018,48.65571057761729,
171,3/27/2018,42.16828250040671,
171,4/2/2018,48.65571057761729,
171,6/10/2018,25.949712308111287,
171,7/15/2018,60.12441746451392,
171,8/31/2018,38.92456846185526,
171,9/13/2018,49.95198161,
171,10/15/2018,46.035558337361756,
171,11/16/2018,48.65571057761729,
171,12/13/2018,19.46228423090071,
171,1/1/2019,48.65571057694011,
171,2/22/2019,19.46228423090071,
171,4/30/2019,42.16828250046055,
171,5/20/2019,19.46228423090071,
171,6/18/2019,35.68085442387331,
171,7/17/2019,61.63056673130742,
171,8/19/2019,84.33656500149061,
171,9/8/2019,74.60542289,
171,10/7/2019,51.899424616168744,
171,11/22/2019,48.65571057761729,
171,12/5/2019,35.68085442324997,
171,1/31/2020,22.705998269505997,
171,2/12/2020,22.705998269505997,
171,3/12/2020,35.68085442387331,
171,5/23/2020,84.07753933004226,
171,6/17/2020,51.899424616168744,
171,7/15/2020,51.899424616168744,
171,9/23/2020,74.60542288572857,
171,10/22/2020,37.41841919495408,
171,11/21/2020,61.630566731361256,
171,12/23/2020,48.65571057761729,
171,1/23/2021,32.43714038526803,
171,2/7/2021,45.411996539011994,
171,3/16/2021,21.928349915365835,
171,4/14/2021,51.793593072973046,
171,5/7/2021,35.68085442324997,
171,5/23/2021,48.65571057761729,
171,6/6/2021,35.68085442324997,
171,8/17/2021,64.87428076991272,
171,9/11/2021,74.60542288567474,
171,9/30/2021,42.16828250040671,
171,10/11/2021,35.57591530821537,
171,11/11/2021,38.92456846180142,
171,12/9/2021,58.386852692755966,
171,1/12/2022,29.193426346039395,
171,2/11/2022,32.77349500453605,
171,3/5/2022,42.16828250040671,
171,4/26/2022,45.411996539011994,
171,5/17/2022,58.386852692755966,
171,7/15/2022,45.411996539011994,
171,9/5/2022,68.11799480851799,
171,9/16/2022,42.16828250040671,
171,11/18/2022,48.55077146258269,
171,12/17/2022,51.89942461554539,
171,1/25/2023,16.218570192295424,
171,2/9/2023,45.411996539011994,
171,6/18/2023,42.16828250040671,
171,7/28/2023,51.121776262082406,
171,9/7/2023,45.411996539011994,
171,10/6/2023,42.16828250040671,
171,11/7/2023,43.90584727216466,
172,5/6/2017,19.462284231470225,
172,6/5/2017,51.89942461595341,
172,8/2/2017,47.33182937,
172,9/27/2017,64.87428077026689,
172,10/14/2017,23.52922806691107,
172,11/27/2017,19.462284231470225,
172,12/23/2017,,no intersection
172,1/6/2018,25.949712308626967,
172,2/10/2018,48.65571058,
172,3/27/2018,45.41199653947385,
172,4/2/2018,52.28136067810949,
172,6/10/2018,22.70599826939833,
172,7/15/2018,58.327495020532936,
172,8/31/2018,35.680854423711814,
172,9/13/2018,64.87428077026689,
172,10/15/2018,42.16828250086856,
172,11/16/2018,42.16828250086856,
172,12/13/2018,26.772942105462523,
172,1/1/2019,42.16828250086856,
172,2/22/2019,14.954046660672734,
172,4/30/2019,35.66674040822907,
172,5/20/2019,25.94971230800362,
172,6/18/2019,38.924568462317104,
172,7/17/2019,55.14313865455869,
172,8/19/2019,84.33656500111377,
172,9/8/2019,81.09285096313182,
172,10/7/2019,49.47894037486085,
172,11/22/2019,49.03764663955804,
172,12/5/2019,28.615445991793226,
172,1/31/2020,25.949712307949785,
172,2/12/2020,29.33011296590644,
172,3/12/2020,42.16828250086856,
172,5/23/2020,90.82399307889385,
172,6/17/2020,51.89942461595341,
172,7/15/2020,51.89942461595341,
172,9/23/2020,71.36170884742363,
172,10/22/2020,45.10738942346856,
172,11/21/2020,71.30235117422308,
172,12/23/2020,48.65571057734812,
172,1/23/2021,25.949712307949785,
172,2/7/2021,45.41199653942001,
172,3/16/2021,25.949712308626967,
172,4/14/2021,58.38685269311014,
172,5/7/2021,39.74779825915266,
172,5/23/2021,51.89942461657675,
172,6/6/2021,37.66004493007107,
172,8/17/2021,61.630566731661595,
172,9/11/2021,68.11799480949553,
172,9/30/2021,42.16828250086856,
172,10/11/2021,35.680854423711814,
172,11/11/2021,35.680854423711814,
172,12/9/2021,51.89942461657675,
172,1/12/2022,26.527692662711633,
172,2/11/2022,38.924568462317104,
172,3/5/2022,45.10738942346856,
172,4/26/2022,42.16828250086856,
172,5/17/2022,58.327495020532936,
172,7/15/2022,45.79393260162993,
172,9/5/2022,74.60542288602892,
172,9/16/2022,42.16828250086856,
172,11/18/2022,61.63056673171543,
172,12/17/2022,55.14313865455869,
172,1/25/2023,16.218570192864938,
172,2/9/2023,45.41199653942001,
172,6/18/2023,38.924568462317104,
172,7/28/2023,48.65571058,
172,9/7/2023,45.41199653942001,
172,10/6/2023,45.41199653879666,
172,11/7/2023,42.16828250086856,
173,5/6/2017,22.70599826955983,
173,6/5/2017,45.41199653911966,
173,8/2/2017,46.30893156401126,
173,9/27/2017,65.45588484586905,
173,10/14/2017,22.70599826955983,
173,11/27/2017,16.218570192349258,
173,12/23/2017,,no intersection
173,1/6/2018,22.70599826955983,
173,2/10/2018,,no intersection
173,3/27/2018,38.861587069021404,
173,4/2/2018,48.65571057704778,
173,6/10/2018,19.46228423090071,
173,7/15/2018,58.38685269343315,
173,8/31/2018,39.44319114554726,
173,9/13/2018,64.87428077002038,
173,10/15/2018,33.334075410267296,
173,11/16/2018,38.92456846253244,
173,12/13/2018,25.886730915277433,
173,1/1/2019,42.16828250046055,
173,2/22/2019,17.241468003016237,
173,4/30/2019,29.19342634677041,
173,5/20/2019,19.462284230954545,
173,6/18/2019,35.680854423303806,
173,7/17/2019,55.143138654881696,
173,8/19/2019,81.09285096236964,
173,9/8/2019,74.60542288515906,
173,10/7/2019,46.30893156401126,
173,11/22/2019,42.16828250051438,
173,12/5/2019,25.44543718113631,
173,1/31/2020,21.241806724805567,
173,2/12/2020,29.193426346716574,
173,3/12/2020,45.41199653906583,
173,5/23/2020,97.31142115,
173,6/17/2020,55.143138654881696,
173,7/15/2020,55.143138654881696,
173,9/23/2020,68.11799480862567,
173,10/22/2020,45.41199653906583,
173,11/21/2020,64.87428077007422,
173,12/23/2020,58.38685269,
173,1/23/2021,31.554552916416274,
173,2/7/2021,48.65571057767112,
173,3/16/2021,29.193426346716574,
173,4/14/2021,63.10910583283255,
173,5/7/2021,48.65571057767112,
173,5/23/2021,45.41199653838865,
173,6/6/2021,61.630566731468925,
173,8/17/2021,60.81096065534336,
173,9/11/2021,61.63056673141509,
173,9/30/2021,38.92456846185526,
173,10/11/2021,38.92456846190909,
173,11/11/2021,35.680854423303806,
173,12/9/2021,55.143138654881696,
173,1/12/2022,32.43714039,
173,2/11/2022,35.680854423303806,
173,3/5/2022,44.592390463047934,
173,4/26/2022,42.16828250051438,
173,5/17/2022,55.143138654881696,
173,7/15/2022,46.75022529815239,
173,9/5/2022,74.60542288515906,
173,9/16/2022,42.16828250046055,
173,11/18/2022,61.63056673141509,
173,12/17/2022,61.63056673141509,
173,1/25/2023,12.97485615374397,
173,2/9/2023,51.89942461633024,
173,6/18/2023,35.680854423303806,
173,7/28/2023,48.65571057767112,
173,9/7/2023,48.65571057699394,
173,10/6/2023,45.41199653906583,
173,11/7/2023,48.65571057704778,
174,5/6/2017,22.705998269505997,
174,6/5/2017,46.55055729405932,
174,8/2/2017,46.109263559133346,
174,9/27/2017,61.63056673,
174,10/14/2017,22.44334887200956,
174,11/27/2017,15.777276458046634,
174,12/23/2017,,no intersection
174,1/6/2018,22.705998269505997,
174,2/10/2018,22.705998269505997,
174,3/27/2018,35.418205026376874,
174,4/2/2018,45.411996539011994,
174,6/10/2018,22.705998269505997,
174,7/15/2018,58.38685269337932,
174,8/31/2018,34.100999934007696,
174,9/13/2018,68.11799480857184,
174,10/15/2018,38.92456846185526,
174,11/16/2018,49.79427133266461,
174,12/13/2018,29.19342634666274,
174,1/1/2019,45.411996539011994,
174,2/22/2019,19.462284230954545,
174,4/30/2019,33.21841246551011,
174,5/20/2019,22.705998269505997,
174,6/18/2019,45.411996539011994,
174,7/17/2019,59.08411971350066,
174,8/19/2019,84.59253828668598,
174,9/8/2019,77.84913692365669,
174,10/7/2019,57.24161582676195,
174,11/22/2019,46.19326861920025,
174,12/5/2019,31.733197253576634,
174,1/31/2020,29.193426346716574,
174,2/12/2020,32.43714038464468,
174,3/12/2020,48.65571057694011,
174,5/23/2020,100.64955045234584,
174,6/17/2020,58.38685269343315,
174,7/15/2020,58.386852692755966,
174,9/23/2020,77.84913692433386,
174,10/22/2020,45.411996539011994,
174,11/21/2020,64.87428076996655,
174,12/23/2020,58.38685269343315,
174,1/23/2021,32.43714038526803,
174,2/7/2021,50.83819280961828,
174,3/16/2021,32.43714038464468,
174,4/14/2021,55.14313865415068,
174,5/7/2021,45.411996539011994,
174,5/23/2021,45.411996539011994,
174,6/6/2021,56.28169941,
174,8/17/2021,61.63056673130742,
174,9/11/2021,68.11799480851799,
174,9/30/2021,52.00525615809508,
174,10/11/2021,36.81941517824345,
174,11/11/2021,36.462126504061565,
174,12/9/2021,48.65571057761729,
174,1/12/2022,24.888480502184173,
174,2/11/2022,38.924568462478604,
174,3/5/2022,45.411996539011994,
174,4/26/2022,45.411996539011994,
174,5/17/2022,58.386852692755966,
174,7/15/2022,48.65571057761729,
174,9/5/2022,64.87428076991272,
174,9/16/2022,45.41199653906583,
174,11/18/2022,64.87428076996655,
174,12/17/2022,64.87428076996655,
174,1/25/2023,21.042138720142987,
174,2/9/2023,48.65571057761729,
174,6/18/2023,34.01699487456414,
174,7/28/2023,45.411996539011994,
174,9/7/2023,51.89942461559923,
174,10/6/2023,42.16828250040671,
174,11/7/2023,45.411996539011994,
175,5/6/2017,19.462284231470225,
175,6/5/2017,55.14313865455869,
175,8/2/2017,51.89942461657675,
175,9/27/2017,55.14313865450486,
175,10/14/2017,22.705998270021677,
175,11/27/2017,25.949712308626967,
175,12/23/2017,21.283764458144354,
175,1/6/2018,22.70599827007551,
175,2/10/2018,19.462284231470225,
175,3/27/2018,32.43714038516036,
175,4/2/2018,38.92456846226327,
175,6/10/2018,20.88451804,
175,7/15/2018,58.38685269378733,
175,8/31/2018,35.680854423711814,
175,9/13/2018,61.630566731661595,
175,10/15/2018,35.680854423711814,
175,11/16/2018,48.65571057734812,
175,12/13/2018,22.70599827007551,
175,1/1/2019,45.41199653879666,
175,2/22/2019,22.70599827007551,
175,4/30/2019,32.43714038510653,
175,5/20/2019,25.949712307949785,
175,6/18/2019,42.16828250086856,
175,7/17/2019,55.14313865450486,
175,8/19/2019,84.33656500173711,
175,9/8/2019,77.84913692458036,
175,10/7/2019,48.65571058,
175,11/22/2019,42.16828250086856,
175,12/5/2019,29.19342634655507,
175,1/31/2020,25.949712307949785,
175,2/12/2020,35.680854423711814,
175,3/12/2020,42.16828250086856,
175,5/23/2020,84.33656500173711,
175,6/17/2020,58.38685269311014,
175,7/15/2020,58.38685269311014,
175,9/23/2020,64.87428077026689,
175,10/22/2020,51.89942461595341,
175,11/21/2020,63.97066964052037,
175,12/23/2020,57.48324156336363,
175,1/23/2021,32.43714038510653,
175,2/7/2021,45.41199653947385,
175,3/16/2021,35.680854423711814,
175,4/14/2021,51.89942461595341,
175,5/7/2021,48.65571057734812,
175,5/23/2021,63.52937590516372,
175,6/6/2021,57.52528888267677,
175,8/17/2021,61.630566731661595,
175,9/11/2021,74.60542288597509,
175,9/30/2021,51.89942461657675,
175,10/11/2021,45.41199653879666,
175,11/11/2021,35.680854423711814,
175,12/9/2021,48.65571058,
175,1/12/2022,22.70599826939833,
175,2/11/2022,38.92456846226327,
175,3/5/2022,47.752099447601594,
175,4/26/2022,44.949679144406794,
175,5/17/2022,58.38685269311014,
175,7/15/2022,58.38685269311014,
175,9/5/2022,71.36170884742363,
175,9/16/2022,48.65571058,
175,11/18/2022,61.630566731661595,
175,12/17/2022,58.38685269311014,
175,1/25/2023,19.462284231470225,
175,2/9/2023,45.41199653947385,
175,6/18/2023,29.19342634655507,
175,7/28/2023,45.41199653947385,
175,9/7/2023,48.65571058,
175,10/6/2023,42.168282500191374,
175,11/7/2023,48.65571058,
176,5/6/2017,16.218570192972606,
176,6/5/2017,53.08003270643584,
176,8/2/2017,48.65571057704778,
176,9/27/2017,55.14313865425835,
176,10/14/2017,19.462284230954545,
176,11/27/2017,29.19342634609323,
176,12/23/2017,17.39917828313203,
176,1/6/2018,16.218570192349258,
176,2/10/2018,19.462284230954545,
176,3/27/2018,35.68085442392715,
176,4/2/2018,42.16828250051438,
176,6/10/2018,19.80299365822753,
176,7/15/2018,59.12616704882811,
176,8/31/2018,29.49135735740509,
176,9/13/2018,56.32374674504112,
176,10/15/2018,35.68085442392715,
176,11/16/2018,49.39493532250076,
176,12/13/2018,19.462284230954545,
176,1/1/2019,48.65571057704778,
176,2/22/2019,19.462284230954545,
176,4/30/2019,35.680854423303806,
176,5/20/2019,29.19342634609323,
176,6/18/2019,40.105176552691866,
176,7/17/2019,61.630566731468925,
176,8/19/2019,79.02974501454712,
176,9/8/2019,69.29860289873126,
176,10/7/2019,51.89942461565306,
176,11/22/2019,45.41199653844249,
176,12/5/2019,25.94971230816512,
176,1/31/2020,35.614856326697534,
176,2/12/2020,42.16828250051438,
176,3/12/2020,42.16828250051438,
176,5/23/2020,81.09285096236964,
176,6/17/2020,55.14313865425835,
176,7/15/2020,68.11799480800232,
176,9/23/2020,81.09285096236964,
176,10/22/2020,67.92571793208043,
176,11/21/2020,61.630566731468925,
176,12/23/2020,51.89942461565306,
176,1/23/2021,32.43714039,
176,2/7/2021,47.331829374624405,
176,3/16/2021,31.77515497823109,
176,4/14/2021,58.38685269,
176,5/7/2021,45.41199653911966,
176,5/23/2021,68.11799480857184,
176,6/6/2021,51.89942461627641,
176,8/17/2021,65.17221178070889,
176,9/11/2021,74.60542288515906,
176,9/30/2021,55.14313865425835,
176,10/11/2021,48.65571057704778,
176,11/11/2021,38.92456846190909,
176,12/9/2021,42.16828250051438,
176,1/12/2022,32.43714038464468,
176,2/11/2022,33.61765886429262,
176,3/5/2022,48.65571057772496,
176,4/26/2022,42.16828250051438,
176,5/17/2022,59.12607743826278,
176,7/15/2022,64.87428077002038,
176,9/5/2022,71.36170884723096,
176,9/16/2022,61.40996466960027,
176,11/18/2022,71.46754038953414,
176,12/17/2022,58.386852692863634,
176,1/25/2023,19.462284230954545,
176,2/9/2023,52.63873897229472,
176,6/18/2023,25.949712308111287,
176,7/28/2023,35.680854423303806,
176,9/7/2023,48.65571057704778,
176,10/6/2023,38.703966400094274,
176,11/7/2023,47.99372517058035,
177,5/6/2017,16.218570192187755,
177,6/5/2017,45.951553287140875,
177,8/2/2017,48.753973590281845,
177,9/27/2017,50.03598666319396,
177,10/14/2017,25.928778242252058,
177,11/27/2017,32.43714038510653,
177,12/23/2017,16.21857019224159,
177,1/6/2018,16.218570192864938,
177,2/10/2018,14.838294107019097,
177,3/27/2018,33.41799086761452,
177,4/2/2018,42.168282500191374,
177,6/10/2018,32.43714038516036,
177,7/15/2018,51.89942461589957,
177,8/31/2018,45.41199653942001,
177,9/13/2018,57.08390555382312,
177,10/15/2018,38.92456846226327,
177,11/16/2018,51.89942461657675,
177,12/13/2018,19.462284231470225,
177,1/1/2019,43.54855858603721,
177,2/22/2019,19.462284231470225,
177,4/30/2019,35.680854423711814,
177,5/20/2019,29.19342634655507,
177,6/18/2019,38.92456846226327,
177,7/17/2019,64.87428077089024,
177,8/19/2019,74.60542288659843,
177,9/8/2019,68.21625782107489,
177,10/7/2019,51.89942461657675,
177,11/22/2019,42.168282500191374,
177,12/5/2019,29.613786015590644,
177,1/31/2020,32.43714038516036,
177,2/12/2020,35.680854423711814,
177,3/12/2020,51.03777121207686,
177,5/23/2020,74.60542288597509,
177,6/17/2020,58.38685269305631,
177,7/15/2020,71.36170885,
177,9/23/2020,81.09285096307799,
177,10/22/2020,58.92640944077718,
177,11/21/2020,61.630566731661595,
177,12/23/2020,55.14313865450486,
177,1/23/2021,35.680854423711814,
177,2/7/2021,45.41199653942001,
177,3/16/2021,31.575486981283824,
177,4/14/2021,51.89942461595341,
177,5/7/2021,,no intersection
177,5/23/2021,70.99774405851814,
177,6/6/2021,51.899424616522914,
177,8/17/2021,74.14319508481304,
177,9/11/2021,74.60542288597509,
177,9/30/2021,58.386852693733495,
177,10/11/2021,58.38685269305631,
177,11/11/2021,38.92456846226327,
177,12/9/2021,35.680854423711814,
177,1/12/2022,22.70599826939833,
177,2/11/2022,35.680854423711814,
177,3/5/2022,61.630566731661595,
177,4/26/2022,45.41199653874283,
177,5/17/2022,61.630566731661595,
177,7/15/2022,55.14313865518204,
177,9/5/2022,68.11799481,
177,9/16/2022,58.386852693733495,
177,11/18/2022,74.14319508481304,
177,12/17/2022,61.630566731661595,
177,1/25/2023,,no intersection
177,2/9/2023,45.41199653942001,
177,6/18/2023,25.949712308626967,
177,7/28/2023,25.949712308573133,
177,9/7/2023,55.143138655128205,
177,10/6/2023,38.92456846226327,
177,11/7/2023,47.79405717352541,
178,5/6/2017,14.113506520464464,
178,6/5/2017,48.65571057767112,
178,8/2/2017,52.07815856454044,
178,9/27/2017,46.991940639304104,
178,10/14/2017,23.487180739075097,
178,11/27/2017,39.103302410173114,
178,12/23/2017,,no intersection
178,1/6/2018,25.94971230748794,
178,2/10/2018,19.46228423090071,
178,3/27/2018,27.529656408349556,
178,4/2/2018,40.50451256277071,
178,6/10/2018,16.218570192349258,
178,7/15/2018,48.65571057767112,
178,8/31/2018,48.65571057704778,
178,9/13/2018,51.89942461565306,
178,10/15/2018,38.92456846185526,
178,11/16/2018,55.14313865420452,
178,12/13/2018,19.64101817921857,
178,1/1/2019,42.16828250046055,
178,2/22/2019,19.462284230954545,
178,4/30/2019,38.92456846190909,
178,5/20/2019,24.28594237042145,
178,6/18/2019,38.92456846190909,
178,7/17/2019,64.87428076939703,
178,8/19/2019,74.60542288515906,
178,9/8/2019,68.11799480862567,
178,10/7/2019,,no intersection
178,11/22/2019,40.50451256277071,
178,12/5/2019,26.28960104286208,
178,1/31/2020,25.94971230748794,
178,2/12/2020,32.43714039,
178,3/12/2020,55.143138654881696,
178,5/23/2020,71.36170884717713,
178,6/17/2020,58.386852692863634,
178,7/15/2020,71.36170884660761,
178,9/23/2020,77.84913692376435,
178,10/22/2020,58.38685269343315,
178,11/21/2020,63.10910583283255,
178,12/23/2020,55.14313865425835,
178,1/23/2021,33.21832285421378,
178,2/7/2021,42.16828250051438,
178,3/16/2021,37.86324704468564,
178,4/14/2021,58.38685269343315,
178,5/7/2021,47.33182937467824,
178,5/23/2021,71.36170884723096,
178,6/6/2021,56.28178902097884,
178,8/17/2021,68.11799480800232,
178,9/11/2021,77.84913692376435,
178,9/30/2021,58.386852692863634,
178,10/11/2021,48.65571057704778,
178,11/11/2021,32.174580599498604,
178,12/9/2021,29.19342634609323,
178,1/12/2022,25.687152522288024,
178,2/11/2022,34.01708448556013,
178,3/5/2022,53.64052350289378,
178,4/26/2022,48.39315079184786,
178,5/17/2022,64.87428077002038,
178,7/15/2022,42.16828250046055,
178,9/5/2022,69.41779996115575,
178,9/16/2022,61.80930067967912,
178,11/18/2022,68.11799480862567,
178,12/17/2022,61.63056673141509,
178,1/25/2023,19.462284230954545,
178,2/9/2023,32.437140384698516,
178,6/18/2023,16.21857019302644,
178,7/28/2023,29.19342634677041,
178,9/7/2023,48.65571057767112,
178,10/6/2023,42.16828250046055,
178,11/7/2023,47.331829374624405,
179,5/6/2017,,no intersection
179,6/5/2017,71.36170884723096,
179,8/2/2017,46.95342741978243,
179,9/27/2017,42.30850323,
179,10/14/2017,25.949712308111287,
179,11/27/2017,45.41199653906583,
179,12/23/2017,,no intersection
179,1/6/2018,24.48561037632222,
179,2/10/2018,25.949712308111287,
179,3/27/2018,25.949712308111287,
179,4/2/2018,38.92456846185526,
179,6/10/2018,23.28751273244331,
179,7/15/2018,42.16828250046055,
179,8/31/2018,45.41199653911966,
179,9/13/2018,45.41199653906583,
179,10/15/2018,,no intersection
179,11/16/2018,50.19714145833388,
179,12/13/2018,25.949712308111287,
179,1/1/2019,51.89942461565306,
179,2/22/2019,16.59697214724507,
179,4/30/2019,38.92456846185526,
179,5/20/2019,22.705998269505997,
179,6/18/2019,50.63843519247501,
179,7/17/2019,61.63056673141509,
179,8/19/2019,70.99774406196353,
179,9/8/2019,71.36170884655378,
179,10/7/2019,45.41199653844249,
179,11/22/2019,45.41199653906583,
179,12/5/2019,32.43714038532187,
179,1/31/2020,29.193426346716574,
179,2/12/2020,31.176150961574294,
179,3/12/2020,50.63843519247501,
179,5/23/2020,59.92828357352641,
179,6/17/2020,51.89942461627641,
179,7/15/2020,71.29881707,
179,9/23/2020,80.35048422288358,
179,10/22/2020,58.386852692863634,
179,11/21/2020,61.630566731468925,
179,12/23/2020,48.65571057767112,
179,1/23/2021,29.193426346716574,
179,2/7/2021,42.749796963344025,
179,3/16/2021,32.43714038464468,
179,4/14/2021,,no intersection
179,5/7/2021,51.89942461627641,
179,5/23/2021,77.84913692376435,
179,6/6/2021,55.220467603809226,
179,8/17/2021,64.87428077002038,
179,9/11/2021,77.84913692,
179,9/30/2021,61.329493726016324,
179,10/11/2021,51.89942461627641,
179,11/11/2021,29.193426346716574,
179,12/9/2021,32.43714038532187,
179,1/12/2022,22.705998269505997,
179,2/11/2022,35.68085442324997,
179,3/5/2022,56.92275076169791,
179,4/26/2022,45.349104759197175,
179,5/17/2022,64.87428077002038,
179,7/15/2022,48.65571057767112,
179,9/5/2022,61.63056673141509,
179,9/16/2022,61.630566731468925,
179,11/18/2022,58.386852693486986,
179,12/17/2022,64.87428077002038,
179,1/25/2023,25.949712308111287,
179,2/9/2023,32.43714038532187,
179,6/18/2023,23.084400224455642,
179,7/28/2023,32.43714038532187,
179,9/7/2023,51.89942461627641,
179,10/6/2023,42.16828250046055,
179,11/7/2023,42.1682825,
18,5/6/2017,25.949712308111287,
18,6/5/2017,,no intersection
18,8/2/2017,51.89942461627641,
18,9/27/2017,61.63056673141509,
18,10/14/2017,45.41199653906583,
18,11/27/2017,40.04342980681884,
18,12/23/2017,,no intersection
18,1/6/2018,35.680854423303806,
18,2/10/2018,42.16828250046055,
18,3/27/2018,36.481825913952626,
18,4/2/2018,35.39850561629315,
18,6/10/2018,29.994397836742053,
18,7/15/2018,41.126750104478326,
18,8/31/2018,49.45668206837377,
18,9/13/2018,51.89942461565306,
18,10/15/2018,55.14313865425835,
18,11/16/2018,38.92456846190909,
18,12/13/2018,22.705998268882652,
18,1/1/2019,32.15479157768786,
18,2/22/2019,35.680854423303806,
18,4/30/2019,46.530857883975585,
18,5/20/2019,42.16828250046055,
18,6/18/2019,48.65571057767112,
18,7/17/2019,71.36170884723096,
18,8/19/2019,77.84913692376435,
18,9/8/2019,65.55184838078901,
18,10/7/2019,55.14313865420452,
18,11/22/2019,35.68085442324997,
18,12/5/2019,29.19342634609323,
18,1/31/2020,32.437140384698516,
18,2/12/2020,29.19342634609323,
18,3/12/2020,25.94971230748794,
18,5/23/2020,48.65571057767112,
18,6/17/2020,51.89942461627641,
18,7/15/2020,64.87428077002038,
18,9/23/2020,65.55184838078901,
18,10/22/2020,32.43714038464468,
18,11/21/2020,59.06442030363227,
18,12/23/2020,,no intersection
18,1/23/2021,35.680854423303806,
18,2/7/2021,43.28714384542413,
18,3/16/2021,45.41199653906583,
18,4/14/2021,51.89942461627641,
18,5/7/2021,48.65571057767112,
18,5/23/2021,61.63056673141509,
18,6/6/2021,45.41199653906583,
18,8/17/2021,70.19677257126088,
18,9/11/2021,61.63056673141509,
18,9/30/2021,49.45668206837377,
18,10/11/2021,45.41199653906583,
18,11/11/2021,35.680854423303806,
18,12/9/2021,48.65571057767112,
18,1/12/2022,25.94971230748794,
18,2/11/2022,32.437140384698516,
18,3/5/2022,51.89942461565306,
18,4/26/2022,38.92456846185526,
18,5/17/2022,55.143138654881696,
18,7/15/2022,45.41199653906583,
18,9/5/2022,61.63056673141509,
18,9/16/2022,,no intersection
18,11/18/2022,46.21296802976849,
18,12/17/2022,45.41199653911966,
18,1/25/2023,32.437140384698516,
18,2/9/2023,,no intersection
18,6/18/2023,45.41199653906583,
18,7/28/2023,49.45668206837377,
18,9/7/2023,55.14313865420452,
18,10/6/2023,45.41199653906583,
18,11/7/2023,38.642219654844595,
180,5/6/2017,,no intersection
180,6/5/2017,58.38685269311014,
180,8/2/2017,46.75375942426603,
180,9/27/2017,50.63499067761238,
180,10/14/2017,25.949712308626967,
180,11/27/2017,33.01521033315004,
180,12/23/2017,13.552926102356993,
180,1/6/2018,18.442920547962398,
180,2/10/2018,29.193426346501237,
180,3/27/2018,32.43714038516036,
180,4/2/2018,42.168282500191374,
180,6/10/2018,22.705998270021677,
180,7/15/2018,38.92456846226327,
180,8/31/2018,42.168282500814726,
180,9/13/2018,35.680854423657976,
180,10/15/2018,49.233780526014975,
180,11/16/2018,49.233780526014975,
180,12/13/2018,22.705998270021677,
180,1/1/2019,25.890265041252228,
180,2/22/2019,19.462284231470225,
180,4/30/2019,43.95133912050171,
180,5/20/2019,32.43714038516036,
180,6/18/2019,43.95133912050171,
180,7/17/2019,61.63056673233878,
180,8/19/2019,68.11799481,
180,9/8/2019,71.36170884742363,
180,10/7/2019,44.147562600455636,
180,11/22/2019,45.41199653942001,
180,12/5/2019,29.193426346501237,
180,1/31/2020,25.949712308626967,
180,2/12/2020,33.01521033315004,
180,3/12/2020,45.41199653879666,
180,5/23/2020,58.52362890631269,
180,6/17/2020,48.65571057797146,
180,7/15/2020,68.11799480949553,
180,9/23/2020,84.33656500168328,
180,10/22/2020,53.87870471621766,
180,11/21/2020,64.87428077089024,
180,12/23/2020,36.25892437170149,
180,1/23/2021,20.040354179513734,
180,2/7/2021,39.06134467551964,
180,3/16/2021,29.193426346501237,
180,4/14/2021,,no intersection
180,5/7/2021,48.65571057734812,
180,5/23/2021,54.904720750563854,
180,6/6/2021,55.22046760106368,
180,8/17/2021,64.87428077089024,
180,9/11/2021,71.36170884799314,
180,9/30/2021,45.41199653942001,
180,10/11/2021,47.391276639060926,
180,11/11/2021,29.19342634717842,
180,12/9/2021,48.65571057734812,
180,1/12/2022,25.949712308626967,
180,2/11/2022,31.55455291485508,
180,3/5/2022,51.89942461657675,
180,4/26/2022,48.65571057734812,
180,5/17/2022,64.87428077021306,
180,7/15/2022,48.65571058,
180,9/5/2022,64.87428077089024,
180,9/16/2022,62.32035653869454,
180,11/18/2022,55.14313865450486,
180,12/17/2022,68.11799480949553,
180,1/25/2023,23.28406821806519,
180,2/9/2023,31.172706446819333,
180,6/18/2023,22.705998270021677,
180,7/28/2023,23.28406821806519,
180,9/7/2023,45.41199653942001,
180,10/6/2023,35.680854423711814,
180,11/7/2023,31.55455291485508,
181,5/6/2017,0,
181,6/5/2017,48.65571057704778,
181,8/2/2017,45.41199653911966,
181,9/27/2017,45.41199653911966,
181,10/14/2017,25.94971230816512,
181,11/27/2017,25.94971230816512,
181,12/23/2017,,no intersection
181,1/6/2018,19.462284230954545,
181,2/10/2018,48.65571057767112,
181,3/27/2018,31.372374461211763,
181,4/2/2018,38.92456846190909,
181,6/10/2018,23.483736232080776,
181,7/15/2018,36.017298651683625,
181,8/31/2018,42.16828250051438,
181,9/13/2018,25.94971230816512,
181,10/15/2018,42.16828250051438,
181,11/16/2018,42.16828250051438,
181,12/13/2018,20.240022193475486,
181,1/1/2019,25.94971230816512,
181,2/22/2019,19.462284230954545,
181,4/30/2019,42.16828250051438,
181,5/20/2019,29.19342634609323,
181,6/18/2019,38.92456846190909,
181,7/17/2019,59.16459065538458,
181,8/19/2019,64.87428077007422,
181,9/8/2019,61.630566731468925,
181,10/7/2019,35.68085442398098,
181,11/22/2019,48.65571057704778,
181,12/5/2019,31.813668195352882,
181,1/31/2020,22.70599826955983,
181,2/12/2020,29.19342634677041,
181,3/12/2020,42.16828250051438,
181,5/23/2020,61.96701095984875,
181,6/17/2020,42.16828250051438,
181,7/15/2020,61.630566731468925,
181,9/23/2020,86.51551311541628,
181,10/22/2020,48.65571057772496,
181,11/21/2020,55.143138654881696,
181,12/23/2020,29.19342634677041,
181,1/23/2021,16.218570192349258,
181,2/7/2021,28.128660422606472,
181,3/16/2021,26.727450270686063,
181,4/14/2021,51.64030933677029,
181,5/7/2021,35.68085442398098,
181,5/23/2021,51.89942461633024,
181,6/6/2021,48.99215480610478,
181,8/17/2021,58.386852692863634,
181,9/11/2021,65.57508190897073,
181,9/30/2021,41.90916722,
181,10/11/2021,35.68085442398098,
181,11/11/2021,22.70599826955983,
181,12/9/2021,38.92456846253244,
181,1/12/2022,29.19342634609323,
181,2/11/2022,34.020528992500616,
181,3/5/2022,48.65571057772496,
181,4/26/2022,48.65571057772496,
181,5/17/2022,65.21072499845404,
181,7/15/2022,51.89942461633024,
181,9/5/2022,61.630566731468925,
181,9/16/2022,59.16459065538458,
181,11/18/2022,48.65571057704778,
181,12/17/2022,58.386852692863634,
181,1/25/2023,23.483736232080776,
181,2/9/2023,22.70599826955983,
181,6/18/2023,25.94971230816512,
181,7/28/2023,29.19342634677041,
181,9/7/2023,42.16828250051438,
181,10/6/2023,41.90916722,
181,11/7/2023,32.43714039,
182,5/6/2017,0,
182,6/5/2017,42.16828250086856,
182,8/2/2017,49.633116537740015,
182,9/27/2017,42.16828250086856,
182,10/14/2017,22.70599826939833,
182,11/27/2017,22.70599826939833,
182,12/23/2017,19.462284230846876,
182,1/6/2018,19.462284230846876,
182,2/10/2018,53.28314522,
182,3/27/2018,31.55455291501658,
182,4/2/2018,42.16828250086856,
182,6/10/2018,17.19597615195631,
182,7/15/2018,27.774726652107056,
182,8/31/2018,42.16828250086856,
182,9/13/2018,30.577146955301863,
182,10/15/2018,42.16828250086856,
182,11/16/2018,42.16828250086856,
182,12/13/2018,19.462284230846876,
182,1/1/2019,25.49092902979636,
182,2/22/2019,23.683404229113048,
182,4/30/2019,48.65571058,
182,5/20/2019,19.462284230793042,
182,6/18/2019,38.92456846226327,
182,7/17/2019,55.14313865455869,
182,8/19/2019,70.49661092,
182,9/8/2019,58.38685269311014,
182,10/7/2019,29.19342634655507,
182,11/22/2019,51.89942461663058,
182,12/5/2019,36.65826038342653,
182,1/31/2020,22.68850872654772,
182,2/12/2020,36.65826038342653,
182,3/12/2020,43.55200310961535,
182,5/23/2020,58.386852693733495,
182,6/17/2020,45.41199653947385,
182,7/15/2020,65.37541390892373,
182,9/23/2020,89.95889515165453,
182,10/22/2020,55.14313865518204,
182,11/21/2020,48.65571058,
182,12/23/2020,29.19342634655507,
182,1/23/2021,16.21857019224159,
182,2/7/2021,32.43714038516036,
182,3/16/2021,23.683404229113048,
182,4/14/2021,55.14313865450486,
182,5/7/2021,35.680854423711814,
182,5/23/2021,48.65571058,
182,6/6/2021,48.65571058,
182,8/17/2021,58.38685269311014,
182,9/11/2021,68.11799480887217,
182,9/30/2021,38.924568462317104,
182,10/11/2021,30.577146955301863,
182,11/11/2021,32.43714038516036,
182,12/9/2021,35.680854423711814,
182,1/12/2022,20.439690190561596,
182,2/11/2022,32.43714038510653,
182,3/5/2022,46.35442341286399,
182,4/26/2022,45.41199653879666,
182,5/17/2022,64.87428077089024,
182,7/15/2022,46.35442341286399,
182,9/5/2022,61.630566731661595,
182,9/16/2022,59.36425865282486,
182,11/18/2022,38.059470535023934,
182,12/17/2022,58.38685269311014,
182,1/25/2023,23.665914686262436,
182,2/9/2023,16.21857019224159,
182,6/18/2023,29.19342634655507,
182,7/28/2023,32.43714038516036,
182,9/7/2023,42.16828250086856,
182,10/6/2023,42.16828250086856,
182,11/7/2023,29.19342634655507,
183,5/6/2017,0,
183,6/5/2017,36.86490702210374,
183,8/2/2017,45.411996539011994,
183,9/27/2017,42.16828250040671,
183,10/14/2017,19.46228423090071,
183,11/27/2017,23.88307224075993,
183,12/23/2017,19.46228423090071,
183,1/6/2018,16.218570192295424,
183,2/10/2018,60.52384308157385,
183,3/27/2018,29.193426346716574,
183,4/2/2018,,no intersection
183,6/10/2018,19.46228423090071,
183,7/15/2018,25.949712308111287,
183,8/31/2018,48.65571057694011,
183,9/13/2018,35.68085442319614,
183,10/15/2018,42.91104137,
183,11/16/2018,38.924568462478604,
183,12/13/2018,16.218570192295424,
183,1/1/2019,38.924568462478604,
183,2/22/2019,16.218570192295424,
183,4/30/2019,57.28012904296856,
183,5/20/2019,22.705998269505997,
183,6/18/2019,41.502852584868094,
183,7/17/2019,55.14313865415068,
183,8/19/2019,64.87428076991272,
183,9/8/2019,58.386852692755966,
183,10/7/2019,22.705998269505997,
183,11/22/2019,48.65571057761729,
183,12/5/2019,30.370500317293324,
183,1/31/2020,19.46228423090071,
183,2/12/2020,32.43714038526803,
183,3/12/2020,48.65571057694011,
183,5/23/2020,58.38685269337932,
183,6/17/2020,45.411996539011994,
183,7/15/2020,63.10910583,
183,9/23/2020,87.58027903941871,
183,10/22/2020,51.89942461554539,
183,11/21/2020,45.411996539011994,
183,12/23/2020,27.133764906965066,
183,1/23/2021,12.974856153690135,
183,2/7/2021,29.193426346716574,
183,3/16/2021,20.63935820215464,
183,4/14/2021,46.596049137865776,
183,5/7/2021,23.88307224075993,
183,5/23/2021,46.154755402939806,
183,6/6/2021,45.411996539011994,
183,8/17/2021,56.320212625404615,
183,9/11/2021,64.87428076991272,
183,9/30/2021,46.154755402939806,
183,10/11/2021,30.37747894489317,
183,11/11/2021,20.63935820215464,
183,12/9/2021,35.68085442319614,
183,1/12/2022,19.46228423090071,
183,2/11/2022,33.62119298349846,
183,3/5/2022,49.832784548194034,
183,4/26/2022,35.46369687023717,
183,5/17/2022,61.630566731361256,
183,7/15/2022,42.16828250040671,
183,9/5/2022,61.63056673130742,
183,9/16/2022,55.14313865415068,
183,11/18/2022,42.16828250040671,
183,12/17/2022,55.14313865415068,
183,1/25/2023,19.245126677887914,
183,2/9/2023,22.48884071581602,
183,6/18/2023,19.46228423090071,
183,7/28/2023,38.92456846180142,
183,9/7/2023,42.16828250040671,
183,10/6/2023,41.509831212521775,
183,11/7/2023,22.48884071581602,
184,5/6/2017,0,
184,6/5/2017,42.16828250046055,
184,8/2/2017,42.16828250051438,
184,9/27/2017,42.16828250046055,
184,10/14/2017,25.483950400711816,
184,11/27/2017,19.462284230954545,
184,12/23/2017,25.94971230816512,
184,1/6/2018,22.70599826955983,
184,2/10/2018,64.87428077002038,
184,3/27/2018,35.68085442392715,
184,4/2/2018,46.396381129480126,
184,6/10/2018,19.46228423090071,
184,7/15/2018,24.131676594738593,
184,8/31/2018,43.545024479745955,
184,9/13/2018,40.301310441140664,
184,10/15/2018,32.437140384698516,
184,11/16/2018,34.822735127710395,
184,12/13/2018,17.595312171580833,
184,1/1/2019,29.19342634609323,
184,2/22/2019,25.94971230816512,
184,4/30/2019,58.38685269,
184,5/20/2019,22.70599826955983,
184,6/18/2019,38.92456846185526,
184,7/17/2019,42.16828250051438,
184,8/19/2019,60.33115370168056,
184,9/8/2019,52.44251547260341,
184,10/7/2019,28.77660078526429,
184,11/22/2019,45.41199653838865,
184,12/5/2019,25.94971230816512,
184,1/31/2020,24.082740248791406,
184,2/12/2020,29.19342634609323,
184,3/12/2020,38.92456846185526,
184,5/23/2020,58.38685269,
184,6/17/2020,45.41199653906583,
184,7/15/2020,64.87428077002038,
184,9/23/2020,87.58027903952637,
184,10/22/2020,52.44251547260341,
184,11/21/2020,38.92456846185526,
184,12/23/2020,29.19342634609323,
184,1/23/2021,7.888638229130985,
184,2/7/2021,35.68085442324997,
184,3/16/2021,19.462284230954545,
184,4/14/2021,48.65571057699394,
184,5/7/2021,25.949712308111287,
184,5/23/2021,45.41199653911966,
184,6/6/2021,38.92456846185526,
184,8/17/2021,51.89942461565306,
184,9/11/2021,61.630566731468925,
184,9/30/2021,48.65571057772496,
184,10/11/2021,33.81388236393009,
184,11/11/2021,25.949712308111287,
184,12/9/2021,35.68085442324997,
184,1/12/2022,20.83902621018612,
184,2/11/2022,38.92456846185526,
184,3/5/2022,48.65571057772496,
184,4/26/2022,38.507742900402974,
184,5/17/2022,58.92994355,
184,7/15/2022,42.71137335684138,
184,9/5/2022,63.00730871,
184,9/16/2022,51.89942461565306,
184,11/18/2022,38.92456846185526,
184,12/17/2022,51.89942461627641,
184,1/25/2023,22.70599826955983,
184,2/9/2023,22.289172708107547,
184,6/18/2023,22.70599826955983,
184,7/28/2023,42.16828250051438,
184,9/7/2023,42.16828250051438,
184,10/6/2023,38.92456846185526,
184,11/7/2023,24.082740248791406,
185,5/6/2017,0,
185,6/5/2017,42.16828250086856,
185,8/2/2017,38.92456846226327,
185,9/27/2017,35.680854423711814,
185,10/14/2017,25.94971230800362,
185,11/27/2017,12.974856154313484,
185,12/23/2017,35.680854423711814,
185,1/6/2018,25.333218750734584,
185,2/10/2018,57.32906540110782,
185,3/27/2018,38.92456846226327,
185,4/2/2018,46.19671313380222,
185,6/10/2018,17.44458052198044,
185,7/15/2018,23.665914686262436,
185,8/31/2018,38.924568462317104,
185,9/13/2018,37.86678116963759,
185,10/15/2018,32.43714038510653,
185,11/16/2018,24.28240824353147,
185,12/13/2018,17.44458052198044,
185,1/1/2019,29.19342634655507,
185,2/22/2019,25.949712307949785,
185,4/30/2019,61.63056673233878,
185,5/20/2019,22.70599826939833,
185,6/18/2019,41.902188587993805,
185,7/17/2019,45.41199653947385,
185,8/19/2019,60.13148570435645,
185,9/8/2019,48.65571058,
185,10/7/2019,25.949712307949785,
185,11/22/2019,42.95299909519692,
185,12/5/2019,22.70599826939833,
185,1/31/2020,22.089504712129298,
185,2/12/2020,29.19342634655507,
185,3/12/2020,48.65571058,
185,5/23/2020,58.38685269378733,
185,6/17/2020,45.41199653947385,
185,7/15/2020,61.63056673171543,
185,9/23/2020,87.58027904028856,
185,10/22/2020,41.110495208242874,
185,11/21/2020,42.16828250086856,
185,12/23/2020,35.680854423711814,
185,1/23/2021,12.974856154313484,
185,2/7/2021,35.680854423711814,
185,3/16/2021,19.462284230793042,
185,4/14/2021,45.41199653947385,
185,5/7/2021,19.462284230846876,
185,5/23/2021,42.16828250086856,
185,6/6/2021,32.43714038516036,
185,8/17/2021,61.630566731661595,
185,9/11/2021,58.38685269311014,
185,9/30/2021,42.16828250086856,
185,10/11/2021,38.92456846226327,
185,11/11/2021,19.462284230846876,
185,12/9/2021,38.92456846226327,
185,1/12/2022,29.19342634655507,
185,2/11/2022,35.680854423711814,
185,3/5/2022,55.14313865450486,
185,4/26/2022,40.059684701093595,
185,5/17/2022,64.87428077026689,
185,7/15/2022,45.41199653947385,
185,9/5/2022,64.87428077026689,
185,9/16/2022,61.630566731661595,
185,11/18/2022,42.16828250086856,
185,12/17/2022,45.41199653947385,
185,1/25/2023,19.462284230793042,
185,2/9/2023,25.94971230800362,
185,6/18/2023,25.333218750734584,
185,7/28/2023,45.75541939844557,
185,9/7/2023,37.86678116963759,
185,10/6/2023,35.680854423711814,
185,11/7/2023,25.94971230800362,
186,5/6/2017,0,
186,6/5/2017,48.65571057761729,
186,8/2/2017,35.68085442319614,
186,9/27/2017,39.50961704639828,
186,10/14/2017,29.193426346039395,
186,11/27/2017,9.731142115138683,
186,12/23/2017,44.154541236816314,
186,1/6/2018,29.193426346039395,
186,2/10/2018,68.11799480784082,
186,3/27/2018,40.25935271244013,
186,4/2/2018,46.74678078965071,
186,6/10/2018,22.705998269505997,
186,7/15/2018,22.63957236827813,
186,8/31/2018,42.16828250040671,
186,9/13/2018,45.41199653833482,
186,10/15/2018,34.21321837015553,
186,11/16/2018,16.218570192972606,
186,12/13/2018,19.46228423090071,
186,1/1/2019,22.705998269505997,
186,2/22/2019,25.949712308111287,
186,4/30/2019,64.87428076991272,
186,5/20/2019,19.46228423090071,
186,6/18/2019,,no intersection
186,7/17/2019,35.68085442319614,
186,8/19/2019,61.630566731361256,
186,9/8/2019,51.89942461554539,
186,10/7/2019,31.62097881737497,
186,11/22/2019,45.411996539011994,
186,12/5/2019,19.46228423090071,
186,1/31/2020,25.949712307434105,
186,2/12/2020,22.705998269505997,
186,3/12/2020,45.411996539011994,
186,5/23/2020,68.11799480851799,
186,6/17/2020,38.92456846180142,
186,7/15/2020,55.14313865415068,
186,9/23/2020,86.84144642,
186,10/22/2020,55.14313865415068,
186,11/21/2020,39.50961704639828,
186,12/23/2020,29.193426346039395,
186,1/23/2021,12.974856153690135,
186,2/7/2021,29.193426346716574,
186,3/16/2021,16.218570192972606,
186,4/14/2021,42.16828250040671,
186,5/7/2021,25.949712308111287,
186,5/23/2021,35.68085442319614,
186,6/6/2021,32.43714038464468,
186,8/17/2021,56.919216639715366,
186,9/11/2021,58.38685269337932,
186,9/30/2021,45.41199653833482,
186,10/11/2021,32.43714038464468,
186,11/11/2021,25.949712307434105,
186,12/9/2021,40.25935271244013,
186,1/12/2022,27.725790292998788,
186,2/11/2022,38.92456846185526,
186,3/5/2022,47.188074523899495,
186,4/26/2022,48.65571057761729,
186,5/17/2022,61.77432158165549,
186,7/15/2022,40.700646447366104,
186,9/5/2022,61.63056673130742,
186,9/16/2022,51.89942461554539,
186,11/18/2022,47.39825528,
186,12/17/2022,45.41199653833482,
186,1/25/2023,16.218570192972606,
186,2/9/2023,24.482076254393498,
186,6/18/2023,21.23836221578821,
186,7/28/2023,55.14313865415068,
186,9/7/2023,38.924568462478604,
186,10/6/2023,32.43714038464468,
186,11/7/2023,22.705998268828818,
187,5/6/2017,0,
187,6/5/2017,54.835087017137155,
187,8/2/2017,38.92456846226327,
187,9/27/2017,42.16828250086856,
187,10/14/2017,29.19342634717842,
187,11/27/2017,16.218570192918772,
187,12/23/2017,48.65571058,
187,1/6/2018,32.43714038510653,
187,2/10/2018,64.56622913289918,
187,3/27/2018,35.680854423711814,
187,4/2/2018,42.168282500191374,
187,6/10/2018,16.218570192918772,
187,7/15/2018,20.288958550399215,
187,8/31/2018,48.599797426810504,
187,9/13/2018,45.41199653942001,
187,10/15/2018,35.680854423711814,
187,11/16/2018,19.462284231470225,
187,12/13/2018,17.04524451179393,
187,1/1/2019,16.218570192918772,
187,2/22/2019,35.680854423711814,
187,4/30/2019,61.630566731661595,
187,5/20/2019,25.949712308626967,
187,6/18/2019,39.05781055962887,
187,7/17/2019,42.16828250086856,
187,8/19/2019,55.14313865518204,
187,9/8/2019,47.19858727521311,
187,10/7/2019,29.19342634717842,
187,11/22/2019,45.41199653879666,
187,12/5/2019,22.705998270021677,
187,1/31/2020,25.949712307949785,
187,2/12/2020,19.462284231470225,
187,3/12/2020,40.45902071122627,
187,5/23/2020,68.11799480887217,
187,6/17/2020,35.680854423711814,
187,7/15/2020,55.14313865518204,
187,9/23/2020,77.84913692458036,
187,10/22/2020,51.89942461663058,
187,11/21/2020,32.43714038510653,
187,12/23/2020,25.949712307949785,
187,1/23/2021,16.218570192864938,
187,2/7/2021,21.69016870199662,
187,3/16/2021,22.705998270021677,
187,4/14/2021,35.680854423711814,
187,5/7/2021,22.70599827007551,
187,5/23/2021,35.680854423711814,
187,6/6/2021,25.949712308626967,
187,8/17/2021,56.48843565556466,
187,9/11/2021,55.14313865518204,
187,9/30/2021,38.92456846226327,
187,10/11/2021,29.19342634655507,
187,11/11/2021,22.705998270021677,
187,12/9/2021,38.92456846226327,
187,1/12/2022,25.949712307949785,
187,2/11/2022,25.949712307949785,
187,3/5/2022,45.41199653942001,
187,4/26/2022,41.152452932789664,
187,5/17/2022,68.11799480881834,
187,7/15/2022,38.92456846226327,
187,9/5/2022,61.63056673233878,
187,9/16/2022,55.14313865518204,
187,11/18/2022,48.65571058,
187,12/17/2022,40.711159198056365,
187,1/25/2023,16.218570192918772,
187,2/9/2023,22.705998270021677,
187,6/18/2023,24.933882740548075,
187,7/28/2023,48.65571058,
187,9/7/2023,35.680854423711814,
187,10/6/2023,32.82252096930222,
187,11/7/2023,22.705998270021677,
188,5/6/2017,0,
188,6/5/2017,48.65571057772496,
188,8/2/2017,38.92456846185526,
188,9/27/2017,42.50119261144223,
188,10/14/2017,22.70599826955983,
188,11/27/2017,16.218570192349258,
188,12/23/2017,51.89942461559923,
188,1/6/2018,35.866566995960284,
188,2/10/2018,58.386852693486986,
188,3/27/2018,33.06414669,
188,4/2/2018,42.16828250051438,
188,6/10/2018,19.79519434193623,
188,7/15/2018,16.21857019302644,
188,8/31/2018,48.65571057767112,
188,9/13/2018,35.68085442392715,
188,10/15/2018,42.16828250046055,
188,11/16/2018,25.94971230748794,
188,12/13/2018,19.462284230954545,
188,1/1/2019,13.601862461218754,
188,2/22/2019,35.680854423303806,
188,4/30/2019,66.46120349,
188,5/20/2019,22.70599826955983,
188,6/18/2019,36.013764534285485,
188,7/17/2019,42.50119261144223,
188,8/19/2019,51.89942461565306,
188,9/8/2019,45.41199653906583,
188,10/7/2019,36.013764534285485,
188,11/22/2019,48.65571057772496,
188,12/5/2019,25.94971230816512,
188,1/31/2020,35.680854423303806,
188,2/12/2020,19.462284230954545,
188,3/12/2020,40.658688724811185,
188,5/23/2020,55.143138654881696,
188,6/17/2020,35.680854423303806,
188,7/15/2020,51.89942461559923,
188,9/23/2020,74.60542288515906,
188,10/22/2020,51.64384345416842,
188,11/21/2020,32.437140384698516,
188,12/23/2020,28.125126305154502,
188,1/23/2021,16.84557649982404,
188,2/7/2021,21.490500690295907,
188,3/16/2021,25.94971230748794,
188,4/14/2021,35.680854423303806,
188,5/7/2021,19.462284230954545,
188,5/23/2021,32.437140384698516,
188,6/6/2021,22.70599826955983,
188,8/17/2021,61.63056673141509,
188,9/11/2021,55.14313865420452,
188,9/30/2021,35.680854423303806,
188,10/11/2021,22.70599826955983,
188,11/11/2021,19.462284231631727,
188,12/9/2021,29.19342634677041,
188,1/12/2022,32.43714039,
188,2/11/2022,27.97792877,
188,3/5/2022,37.856268420916535,
188,4/26/2022,45.41199653911966,
188,5/17/2022,64.87428077002038,
188,7/15/2022,42.16828250046055,
188,9/5/2022,58.38685269,
188,9/16/2022,61.63056673141509,
188,11/18/2022,48.65571057704778,
188,12/17/2022,45.41199653911966,
188,1/25/2023,19.462284230954545,
188,2/9/2023,22.70599826955983,
188,6/18/2023,25.94971230748794,
188,7/28/2023,51.89942461627641,
188,9/7/2023,35.680854423303806,
188,10/6/2023,38.92456846185526,
188,11/7/2023,25.94971230816512,
189,5/6/2017,0,
189,6/5/2017,55.14313865415068,
189,8/2/2017,55.143138654827865,
189,9/27/2017,48.655710577563454,
189,10/14/2017,25.949712308111287,
189,11/27/2017,19.88962253365908,
189,12/23/2017,55.143138654827865,
189,1/6/2018,46.79925125871097,
189,2/10/2018,61.63056673,
189,3/27/2018,35.68085442387331,
189,4/2/2018,45.411996539011994,
189,6/10/2018,19.46228423090071,
189,7/15/2018,19.46228423090071,
189,8/31/2018,58.386852692702135,
189,9/13/2018,38.92456846185526,
189,10/15/2018,38.924568462478604,
189,11/16/2018,24.534546724077106,
189,12/13/2018,22.705998269505997,
189,1/1/2019,19.46228423090071,
189,2/22/2019,38.92456846185526,
189,4/30/2019,64.87428077058989,
189,5/20/2019,22.705998269505997,
189,6/18/2019,38.92456846185526,
189,7/17/2019,42.700860615889475,
189,8/19/2019,55.14313865415068,
189,9/8/2019,45.411996539011994,
189,10/7/2019,32.43714038464468,
189,11/22/2019,42.16828250040671,
189,12/5/2019,25.949712308111287,
189,1/31/2020,35.68085442324997,
189,2/12/2020,18.59365219389355,
189,3/12/2020,42.16828250040671,
189,5/23/2020,55.14313865477403,
189,6/17/2020,38.92456846185526,
189,7/15/2020,45.411996539011994,
189,9/23/2020,71.36170884649994,
189,10/22/2020,45.411996539011994,
189,11/21/2020,35.68085442324997,
189,12/23/2020,29.179470914548972,
189,1/23/2021,23.133336571587186,
189,2/7/2021,24.534546724077106,
189,3/16/2021,22.705998269505997,
189,4/14/2021,32.43714038464468,
189,5/7/2021,29.19342634666274,
189,5/23/2021,31.0219748,
189,6/6/2021,19.46228423090071,
189,8/17/2021,55.143138654827865,
189,9/11/2021,38.924568462478604,
189,9/30/2021,32.43714038532187,
189,10/11/2021,25.949712307434105,
189,11/11/2021,32.43714038464468,
189,12/9/2021,21.396072498303884,
189,1/12/2022,32.43714038532187,
189,2/11/2022,29.193426346039395,
189,3/5/2022,45.411996539011994,
189,4/26/2022,44.102070767809884,
189,5/17/2022,55.22046760327088,
189,7/15/2022,42.16828250040671,
189,9/5/2022,61.630566731361256,
189,9/16/2022,61.630566731361256,
189,11/18/2022,54.68788948773429,
189,12/17/2022,40.31182318217758,
189,1/25/2023,16.645908495053792,
189,2/9/2023,22.705998269505997,
189,6/18/2023,29.193426346039395,
189,7/28/2023,47.787078540610125,
189,9/7/2023,29.193426346716574,
189,10/6/2023,35.68085442392715,
189,11/7/2023,32.43714038464468,
19,5/6/2017,19.462284230954545,
19,6/5/2017,,no intersection
19,8/2/2017,55.14313865420452,
19,9/27/2017,61.63056673141509,
19,10/14/2017,47.33182937467824,
19,11/27/2017,42.16828250046055,
19,12/23/2017,,no intersection
19,1/6/2018,38.92456846185526,
19,2/10/2018,32.43714038464468,
19,3/27/2018,32.43714038464468,
19,4/2/2018,35.68085442392715,
19,6/10/2018,22.665275190004678,
19,7/15/2018,38.92456846190909,
19,8/31/2018,46.41263604,
19,9/13/2018,45.41199653906583,
19,10/15/2018,45.01142588380269,
19,11/16/2018,38.92456846190909,
19,12/13/2018,16.21857019302644,
19,1/1/2019,38.92456846190909,
19,2/22/2019,35.68085442324997,
19,4/30/2019,51.89942461559923,
19,5/20/2019,38.92456846185526,
19,6/18/2019,51.89942461559923,
19,7/17/2019,68.59589441276252,
19,8/19/2019,77.84913692376435,
19,9/8/2019,64.87428077002038,
19,10/7/2019,51.89942461559923,
19,11/22/2019,32.43714038464468,
19,12/5/2019,29.193426346716574,
19,1/31/2020,29.193426346716574,
19,2/12/2020,25.94971230816512,
19,3/12/2020,25.94971230816512,
19,5/23/2020,48.65571057699394,
19,6/17/2020,49.574903915949086,
19,7/15/2020,71.36170884655378,
19,9/23/2020,71.36170884655378,
19,10/22/2020,35.680854423303806,
19,11/21/2020,61.63056673141509,
19,12/23/2020,,no intersection
19,1/23/2021,32.43714038532187,
19,2/7/2021,39.925207959189706,
19,3/16/2021,46.41263604,
19,4/14/2021,42.1682825,
19,5/7/2021,45.41199653838865,
19,5/23/2021,63.10910583288638,
19,6/6/2021,43.168921997171644,
19,8/17/2021,65.87492026667765,
19,9/11/2021,59.38749219014425,
19,9/30/2021,51.89942461559923,
19,10/11/2021,43.168921997171644,
19,11/11/2021,29.193426346716574,
19,12/9/2021,46.41263604,
19,1/12/2022,29.19342634609323,
19,2/11/2022,35.68085442392715,
19,3/5/2022,50.97611406854667,
19,4/26/2022,33.797627457740944,
19,5/17/2022,51.89942461559923,
19,7/15/2022,48.65571057699394,
19,9/5/2022,61.63056673141509,
19,9/16/2022,,no intersection
19,11/18/2022,42.1682825,
19,12/17/2022,52.90006411293367,
19,1/25/2023,35.68085442392715,
19,2/9/2023,,no intersection
19,6/18/2023,45.41199653906583,
19,7/28/2023,45.41199653838865,
19,9/7/2023,58.38685269,
19,10/6/2023,46.41263604,
19,11/7/2023,38.92456846185526,
190,5/6/2017,0,
190,6/5/2017,42.45923487791928,
190,8/2/2017,51.89942461595341,
190,9/27/2017,42.16828250086856,
190,10/14/2017,29.193426347232254,
190,11/27/2017,19.689954535980796,
190,12/23/2017,55.14313865518204,
190,1/6/2018,45.41199653947385,
190,2/10/2018,55.14313865455869,
190,3/27/2018,32.728092762157246,
190,4/2/2018,42.168282500922395,
190,6/10/2018,20.194530343254243,
190,7/15/2018,22.70599827007551,
190,8/31/2018,51.89942461663058,
190,9/13/2018,30.82230680334023,
190,10/15/2018,38.924568462317104,
190,11/16/2018,22.70599827007551,
190,12/13/2018,12.974856154313484,
190,1/1/2019,19.462284231470225,
190,2/22/2019,35.680854423711814,
190,4/30/2019,68.11799480887217,
190,5/20/2019,22.70599827007551,
190,6/18/2019,,no intersection
190,7/17/2019,48.65571058,
190,8/19/2019,49.387956689809315,
190,9/8/2019,48.65571058,
190,10/7/2019,42.16828250086856,
190,11/22/2019,48.442087147125385,
190,12/5/2019,22.70599827007551,
190,1/31/2020,45.41199653947385,
190,2/12/2020,19.462284231470225,
190,3/12/2020,38.924568462317104,
190,5/23/2020,58.38685269311014,
190,6/17/2020,35.46723099348909,
190,7/15/2020,45.41199653947385,
190,9/23/2020,70.26549794711094,
190,10/22/2020,30.82230680334023,
190,11/21/2020,33.169386496890546,
190,12/23/2020,35.46723099348909,
190,1/23/2021,19.462284231470225,
190,2/7/2021,29.19342634655507,
190,3/16/2021,24.334878726183486,
190,4/14/2021,29.193426347232254,
190,5/7/2021,22.70599827007551,
190,5/23/2021,24.334878726183486,
190,6/6/2021,29.193426347232254,
190,8/17/2021,64.87428077026689,
190,9/11/2021,43.35586922224323,
190,9/30/2021,35.46723099348909,
190,10/11/2021,19.462284231470225,
190,11/11/2021,35.46723099348909,
190,12/9/2021,12.974856153636301,
190,1/12/2022,29.19342634655507,
190,2/11/2022,25.94971231,
190,3/5/2022,42.16828250086856,
190,4/26/2022,32.437140385837544,
190,5/17/2022,55.14313865450486,
190,7/15/2022,42.90052861259874,
190,9/5/2022,58.38685269378733,
190,9/16/2022,58.38685269378733,
190,11/18/2022,52.63167072836077,
190,12/17/2022,38.255604422449885,
190,1/25/2023,19.689954535980796,
190,2/9/2023,22.70599827007551,
190,6/18/2023,25.94971231,
190,7/28/2023,48.65571057807913,
190,9/7/2023,22.70599827007551,
190,10/6/2023,38.924568462317104,
190,11/7/2023,32.43714038516036,
191,5/6/2017,0,
191,6/5/2017,44.06011304353227,
191,8/2/2017,55.14313865425835,
191,9/27/2017,42.16828250051438,
191,10/14/2017,25.94971230816512,
191,11/27/2017,25.94971230748794,
191,12/23/2017,58.38685269,
191,1/6/2018,46.39991524943964,
191,2/10/2018,55.14313865425835,
191,3/27/2018,23.17529429686499,
191,4/2/2018,42.16828250046055,
191,6/10/2018,19.462284230954545,
191,7/15/2018,19.462284230954545,
191,8/31/2018,51.89942461565306,
191,9/13/2018,29.19342634609323,
191,10/15/2018,38.92456846190909,
191,11/16/2018,29.19342634677041,
191,12/13/2018,15.777276458208137,
191,1/1/2019,9.731142115815864,
191,2/22/2019,35.680854423303806,
191,4/30/2019,61.21727528981466,
191,5/20/2019,25.94971230816512,
191,6/18/2019,44.99870509751923,
191,7/17/2019,50.98883485488397,
191,8/19/2019,55.14313865425835,
191,9/8/2019,50.98883485488397,
191,10/7/2019,48.65571057772496,
191,11/22/2019,48.65571057767112,
191,12/5/2019,30.62263879117767,
191,1/31/2020,44.99870509751923,
191,2/12/2020,20.394198356193147,
191,3/12/2020,42.16828250046055,
191,5/23/2020,54.72984721328126,
191,6/17/2020,29.19342634677041,
191,7/15/2020,48.65571057772496,
191,9/23/2020,68.11799480862567,
191,10/22/2020,25.94971230748794,
191,11/21/2020,35.680854423303806,
191,12/23/2020,32.02384894377526,
191,1/23/2021,19.462284230954545,
191,2/7/2021,30.62263879117767,
191,3/16/2021,32.437140384698516,
191,4/14/2021,37.110066868388245,
191,5/7/2021,25.94971230816512,
191,5/23/2021,29.19342634609323,
191,6/6/2021,25.94971230816512,
191,8/17/2021,57.91755666550465,
191,9/11/2021,45.41199653911966,
191,9/30/2021,29.19342634677041,
191,10/11/2021,19.462284230954545,
191,11/11/2021,38.511277020308654,
191,12/9/2021,15.30798043090298,
191,1/12/2022,35.680854423303806,
191,2/11/2022,29.19342634609323,
191,3/5/2022,42.16828250051438,
191,4/26/2022,32.437140384698516,
191,5/17/2022,45.41199653906583,
191,7/15/2022,38.511277020308654,
191,9/5/2022,58.38685269,
191,9/16/2022,59.31876682,
191,11/18/2022,54.28855347851679,
191,12/17/2022,27.322920167544847,
191,1/25/2023,22.73400056210052,
191,2/9/2023,25.94971230748794,
191,6/18/2023,29.19342634609323,
191,7/28/2023,52.83133874089166,
191,9/7/2023,22.70599826955983,
191,10/6/2023,38.511277020308654,
191,11/7/2023,32.437140384698516,
192,5/6/2017,0,
192,6/5/2017,35.680854423657976,
192,8/2/2017,51.89942461589957,
192,9/27/2017,44.79903709954911,
192,10/14/2017,25.949712308626967,
192,11/27/2017,19.462284231470225,
192,12/23/2017,48.65571058,
192,1/6/2018,40.05615058342629,
192,2/10/2018,55.83342704088074,
192,3/27/2018,35.680854423711814,
192,4/2/2018,39.61485684869299,
192,6/10/2018,22.53433256499175,
192,7/15/2018,22.53433256499175,
192,8/31/2018,48.65571057797146,
192,9/13/2018,25.949712307949785,
192,10/15/2018,38.92456846226327,
192,11/16/2018,19.462284231470225,
192,12/13/2018,22.53433256499175,
192,1/1/2019,16.218570192864938,
192,2/22/2019,29.193426346501237,
192,4/30/2019,58.38685269305631,
192,5/20/2019,22.705998269344494,
192,6/18/2019,38.92456846226327,
192,7/17/2019,55.143138655128205,
192,8/19/2019,47.331829372309535,
192,9/8/2019,41.55532306094383,
192,10/7/2019,45.41199653942001,
192,11/22/2019,45.41199653942001,
192,12/5/2019,29.193426346501237,
192,1/31/2020,38.92456846226327,
192,2/12/2020,16.218570192918772,
192,3/12/2020,36.37114281,
192,5/23/2020,55.14313865518204,
192,6/17/2020,35.680854423657976,
192,7/15/2020,48.65571058,
192,9/23/2020,66.6224479,
192,10/22/2020,29.19342634655507,
192,11/21/2020,33.568722506269545,
192,12/23/2020,32.43714038510653,
192,1/23/2021,19.462284231470225,
192,2/7/2021,19.462284230793042,
192,3/16/2021,25.949712307949785,
192,4/14/2021,32.43714038510653,
192,5/7/2021,21.133122413394346,
192,5/23/2021,22.70599827007551,
192,6/6/2021,25.949712308626967,
192,8/17/2021,51.89942461657675,
192,9/11/2021,47.60145740269008,
192,9/30/2021,29.193426346501237,
192,10/11/2021,19.462284231470225,
192,11/11/2021,29.193426346501237,
192,12/9/2021,16.218570192864938,
192,1/12/2022,22.70599827007551,
192,2/11/2022,25.949712307949785,
192,3/5/2022,38.92456846226327,
192,4/26/2022,29.193426347232254,
192,5/17/2022,45.41199653942001,
192,7/15/2022,40.05615058342629,
192,9/5/2022,51.89942461657675,
192,9/16/2022,51.89942461657675,
192,11/18/2022,51.89942461657675,
192,12/17/2022,32.43714038510653,
192,1/25/2023,16.046904487835008,
192,2/9/2023,19.462284231470225,
192,6/18/2023,27.081294429112802,
192,7/28/2023,45.41199653942001,
192,9/7/2023,19.462284231470225,
192,10/6/2023,32.43714038510653,
192,11/7/2023,29.19342634655507,
193,5/6/2017,0,
193,6/5/2017,37.15202459245052,
193,8/2/2017,51.89942461565306,
193,9/27/2017,41.35565505,
193,10/14/2017,19.462284230954545,
193,11/27/2017,12.97485615374397,
193,12/23/2017,47.40178939190455,
193,1/6/2018,40.255818597226536,
193,2/10/2018,51.89942461565306,
193,3/27/2018,32.437140384698516,
193,4/2/2018,39.81452486308542,
193,6/10/2018,17.549820327666705,
193,7/15/2018,25.578378590626965,
193,8/31/2018,45.41199653911966,
193,9/13/2018,29.19342634609323,
193,10/15/2018,38.92456846190909,
193,11/16/2018,19.462284230954545,
193,12/13/2018,16.218570192349258,
193,1/1/2019,17.549820327666705,
193,2/22/2019,35.680854423303806,
193,4/30/2019,55.220467603755395,
193,5/20/2019,19.462284230954545,
193,6/18/2019,38.92456846190909,
193,7/17/2019,55.143138654881696,
193,8/19/2019,46.74324667438328,
193,9/8/2019,42.16828250051438,
193,10/7/2019,42.16828250051438,
193,11/22/2019,48.65571057767112,
193,12/5/2019,33.76839052001596,
193,1/31/2020,35.680854423303806,
193,2/12/2020,19.462284230954545,
193,3/12/2020,30.083382747269553,
193,5/23/2020,55.14313865425835,
193,6/17/2020,38.92456846190909,
193,7/15/2020,51.89942461559923,
193,9/23/2020,69.66649392664608,
193,10/22/2020,22.70599826955983,
193,11/21/2020,35.680854423303806,
193,12/23/2020,38.92456846190909,
193,1/23/2021,24.03724840487728,
193,2/7/2021,22.70599826955983,
193,3/16/2021,37.012104558621246,
193,4/14/2021,38.92456846190909,
193,5/7/2021,20.933454400101265,
193,5/23/2021,22.70599826955983,
193,6/6/2021,35.169600672613555,
193,8/17/2021,55.14313865420452,
193,9/11/2021,51.89942461627641,
193,9/30/2021,25.94971230748794,
193,10/11/2021,16.218570192349258,
193,11/11/2021,40.255818597226536,
193,12/9/2021,12.463602403053718,
193,1/12/2022,19.090950513416388,
193,2/11/2022,22.70599826955983,
193,3/5/2022,37.012104558621246,
193,4/26/2022,22.70599826955983,
193,5/17/2022,39.95444489691469,
193,7/15/2022,38.92456846190909,
193,9/5/2022,51.89942461559923,
193,9/16/2022,51.89942461559923,
193,11/18/2022,51.89942461565306,
193,12/17/2022,38.92456846190909,
193,1/25/2023,19.462284230954545,
193,2/9/2023,19.462284230954545,
193,6/18/2023,25.94971230748794,
193,7/28/2023,43.49953263583183,
193,9/7/2023,19.090950513416388,
193,10/6/2023,32.437140384698516,
193,11/7/2023,22.70599826955983,
194,5/6/2017,0,
194,6/5/2017,31.554552916416274,
194,8/2/2017,47.33182937467824,
194,9/27/2017,41.155987042203314,
194,10/14/2017,22.394412524770352,
194,11/27/2017,16.218570192972606,
194,12/23/2017,55.14313865425835,
194,1/6/2018,40.45548660318114,
194,2/10/2018,51.89942461627641,
194,3/27/2018,35.68085442324997,
194,4/2/2018,40.014192869040016,
194,6/10/2018,23.66591468733912,
194,7/15/2018,29.193426346039395,
194,8/31/2018,51.89942461627641,
194,9/13/2018,35.68085442392715,
194,10/15/2018,38.92456846185526,
194,11/16/2018,30.72434448804246,
194,12/13/2018,16.218570192972606,
194,1/1/2019,14.5057743,
194,2/22/2019,32.43714038532187,
194,4/30/2019,52.98904902346117,
194,5/20/2019,25.949712308111287,
194,6/18/2019,39.44319114554726,
194,7/17/2019,61.63056673141509,
194,8/19/2019,48.65571057704778,
194,9/8/2019,42.1682825,
194,10/7/2019,38.92456846190909,
194,11/22/2019,47.33182937467824,
194,12/5/2019,32.43714038532187,
194,1/31/2020,29.19342634609323,
194,2/12/2020,17.490072354864193,
194,3/12/2020,29.193426346716574,
194,5/23/2020,48.65571057767112,
194,6/17/2020,38.92456846185526,
194,7/15/2020,51.89942461627641,
194,9/23/2020,71.36170884660761,
194,10/22/2020,25.949712308111287,
194,11/21/2020,42.16828250046055,
194,12/23/2020,35.68085442324997,
194,1/23/2021,25.37871058399518,
194,2/7/2021,22.705998269505997,
194,3/16/2021,26.779920736538934,
194,4/14/2021,42.16828250046055,
194,5/7/2021,22.705998269505997,
194,5/23/2021,32.437140384698516,
194,6/6/2021,35.68085442324997,
194,8/17/2021,55.143138654881696,
194,9/11/2021,48.65571057772496,
194,9/30/2021,35.68085442392715,
194,10/11/2021,14.5057743,
194,11/11/2021,29.193426346716574,
194,12/9/2021,12.97485615374397,
194,1/12/2022,22.705998269505997,
194,2/11/2022,24.23691641083188,
194,3/5/2022,30.02363477514422,
194,4/26/2022,19.46228423090071,
194,5/17/2022,38.92456846185526,
194,7/15/2022,32.43714038532187,
194,9/5/2022,47.331829374624405,
194,9/16/2022,48.65571057767112,
194,11/18/2022,45.80091123335236,
194,12/17/2022,32.437140384698516,
194,1/25/2023,19.46228423090071,
194,2/9/2023,24.23691641083188,
194,6/18/2023,27.48063044943717,
194,7/28/2023,45.41199653911966,
194,9/7/2023,30.72434448804246,
194,10/6/2023,30.02363477514422,
194,11/7/2023,22.705998269505997,
195,5/6/2017,0,
195,6/5/2017,41.61507101557016,
195,8/2/2017,51.89942461663058,
195,9/27/2017,38.924568462317104,
195,10/14/2017,23.66591468631627,
195,11/27/2017,19.462284230793042,
195,12/23/2017,55.03122090461694,
195,1/6/2018,35.680854423711814,
195,2/10/2018,51.89942461663058,
195,3/27/2018,35.680854423711814,
195,4/2/2018,42.16828250086856,
195,6/10/2018,22.70599827007551,
195,7/15/2018,32.43714038516036,
195,8/31/2018,42.3575292,
195,9/13/2018,42.168282500191374,
195,10/15/2018,42.16828250086856,
195,11/16/2018,32.43714038510653,
195,12/13/2018,22.705998269344494,
195,1/1/2019,14.046690321173173,
195,2/22/2019,25.94971231,
195,4/30/2019,49.286251009474505,
195,5/20/2019,22.70599827007551,
195,6/18/2019,35.680854423711814,
195,7/17/2019,64.87428077026689,
195,8/19/2019,55.22046760138668,
195,9/8/2019,45.41199653879666,
195,10/7/2019,35.680854423711814,
195,11/22/2019,49.94500297973478,
195,12/5/2019,26.580252740076173,
195,1/31/2020,42.168282500922395,
195,2/12/2020,20.534118397652733,
195,3/12/2020,25.94971230800362,
195,5/23/2020,46.04253697092305,
195,6/17/2020,38.924568462317104,
195,7/15/2020,48.65571058,
195,9/23/2020,66.60486690727919,
195,10/22/2020,25.94971231,
195,11/21/2020,42.168282500922395,
195,12/23/2020,29.193426347232254,
195,1/23/2021,21.935328549927316,
195,2/7/2021,29.823966778681463,
195,3/16/2021,29.193426347232254,
195,4/14/2021,45.41199653947385,
195,5/7/2021,23.77783243625802,
195,5/23/2021,35.680854423711814,
195,6/6/2021,32.43714038510653,
195,8/17/2021,51.89942461663058,
195,9/11/2021,42.3575292,
195,9/30/2021,32.437140385837544,
195,10/11/2021,12.974856153636301,
195,11/11/2021,29.193426347232254,
195,12/9/2021,12.974856153690135,
195,1/12/2022,29.19342634655507,
195,2/11/2022,19.462284231470225,
195,3/5/2022,32.437140385837544,
195,4/26/2022,12.974856153690135,
195,5/17/2022,38.924568462317104,
195,7/15/2022,29.193426347232254,
195,9/5/2022,48.65571058,
195,9/16/2022,42.16828250086856,
195,11/18/2022,45.41199653947385,
195,12/17/2022,34.46889096883032,
195,1/25/2023,19.462284231470225,
195,2/9/2023,19.462284231470225,
195,6/18/2023,33.067680816555736,
195,7/28/2023,45.41199653947385,
195,9/7/2023,29.193426347232254,
195,10/6/2023,29.823966778681463,
195,11/7/2023,25.94971231,
196,5/6/2017,0,
196,6/5/2017,35.68085442319614,
196,8/2/2017,48.65571057761729,
196,9/27/2017,45.411996539011994,
196,10/14/2017,12.974856154367318,
196,11/27/2017,19.46228423090071,
196,12/23/2017,44.000365072375956,
196,1/6/2018,32.43714038532187,
196,2/10/2018,58.386852692755966,
196,3/27/2018,38.571024990818955,
196,4/2/2018,47.33182937419373,
196,6/10/2018,29.193426346716574,
196,7/15/2018,35.68085442387331,
196,8/31/2018,55.143138654827865,
196,9/13/2018,38.92456846185526,
196,10/15/2018,42.16828250040671,
196,11/16/2018,32.43714038532187,
196,12/13/2018,22.705998269505997,
196,1/1/2019,29.19342634666274,
196,2/22/2019,24.97937458,
196,4/30/2019,48.65571057761729,
196,5/20/2019,25.949712308111287,
196,6/18/2019,35.76860468719347,
196,7/17/2019,71.36170884712328,
196,8/19/2019,64.87428077058989,
196,9/8/2019,58.37643137855601,
196,10/7/2019,35.68085442392715,
196,11/22/2019,48.65571057761729,
196,12/5/2019,32.43714038532187,
196,1/31/2020,38.924568462478604,
196,2/12/2020,22.705998269505997,
196,3/12/2020,20.95124464671079,
196,5/23/2020,48.65571057761729,
196,6/17/2020,35.68085442392715,
196,7/15/2020,58.38685269343315,
196,9/23/2020,68.11799480851799,
196,10/22/2020,35.68085442324997,
196,11/21/2020,48.65571057699394,
196,12/23/2020,42.16828250046055,
196,1/23/2021,15.777276458046634,
196,2/7/2021,45.411996539011994,
196,3/16/2021,45.411996539011994,
196,4/14/2021,55.14313865415068,
196,5/7/2021,32.43714038526803,
196,5/23/2021,42.59915492045555,
196,6/6/2021,32.43714038526803,
196,8/17/2021,53.29021345321201,
196,9/11/2021,55.143138654827865,
196,9/30/2021,39.012318725798764,
196,10/11/2021,12.974856154367318,
196,11/11/2021,23.66591468706995,
196,12/9/2021,18.933240233385597,
196,1/12/2022,15.777276458046634,
196,2/11/2022,28.22308861427549,
196,3/5/2022,32.43714038532187,
196,4/26/2022,22.705998269505997,
196,5/17/2022,37.95423072941417,
196,7/15/2022,35.68085442392715,
196,9/5/2022,45.411996539011994,
196,9/16/2022,48.64528926279399,
196,11/18/2022,48.65571057761729,
196,12/17/2022,29.193426346039395,
196,1/25/2023,19.46228423090071,
196,2/9/2023,25.949712308111287,
196,6/18/2023,32.43714038532187,
196,7/28/2023,51.899424616222575,
196,9/7/2023,35.68085442392715,
196,10/6/2023,35.68085442392715,
196,11/7/2023,32.43714038532187,
197,5/6/2017,0,
197,6/5/2017,32.43714038516036,
197,8/2/2017,64.87428077094407,
197,9/27/2017,45.41199653947385,
197,10/14/2017,16.218570192918772,
197,11/27/2017,22.993416529643092,
197,12/23/2017,32.43714038510653,
197,1/6/2018,29.19342634655507,
197,2/10/2018,55.14313865518204,
197,3/27/2018,32.43714038510653,
197,4/2/2018,45.41199653947385,
197,6/10/2018,42.16828250086856,
197,7/15/2018,37.26365129298163,
197,8/31/2018,47.54191868604931,
197,9/13/2018,43.80069707372866,
197,10/15/2018,41.054490609515916,
197,11/16/2018,38.924568462317104,
197,12/13/2018,16.21857019224159,
197,1/1/2019,42.16828250086856,
197,2/22/2019,32.43714038510653,
197,4/30/2019,48.65571058,
197,5/20/2019,45.25812106430813,
197,6/18/2019,43.856910912710724,
197,7/17/2019,71.36170884742363,
197,8/19/2019,74.60542288602892,
197,9/8/2019,58.38685269378733,
197,10/7/2019,35.680854423711814,
197,11/22/2019,52.130629037893286,
197,12/5/2019,29.19342634655507,
197,1/31/2020,38.924568462317104,
197,2/12/2020,22.993416529643092,
197,3/12/2020,12.974856154313484,
197,5/23/2020,48.65571058,
197,6/17/2020,29.19342634655507,
197,7/15/2020,55.14313865455869,
197,9/23/2020,61.630566731661595,
197,10/22/2020,20.13478238746622,
197,11/21/2020,58.38685269378733,
197,12/23/2020,42.45570076111332,
197,1/23/2021,29.19342634655507,
197,2/7/2021,48.65571058,
197,3/16/2021,55.14313865518204,
197,4/14/2021,55.14313865518204,
197,5/7/2021,32.72455864540512,
197,5/23/2021,48.65571058,
197,6/6/2021,45.41199653947385,
197,8/17/2021,53.09054545408021,
197,9/11/2021,64.87428077026689,
197,9/30/2021,38.92456846226327,
197,10/11/2021,12.974856154313484,
197,11/11/2021,24.779706577668914,
197,12/9/2021,29.193426347232254,
197,1/12/2022,12.246144158658241,
197,2/11/2022,19.462284230846876,
197,3/5/2022,35.96827268395658,
197,4/26/2022,42.168282500191374,
197,5/17/2022,44.24199080913914,
197,7/15/2022,43.856910912710724,
197,9/5/2022,35.680854423711814,
197,9/16/2022,58.38685269378733,
197,11/18/2022,52.186842876875346,
197,12/17/2022,22.70599826939833,
197,1/25/2023,19.462284230793042,
197,2/9/2023,32.43714038516036,
197,6/18/2023,39.443191143824556,
197,7/28/2023,55.22046760133285,
197,9/7/2023,35.680854423711814,
197,10/6/2023,35.680854423711814,
197,11/7/2023,32.43714038510653,
198,5/6/2017,0,
198,6/5/2017,31.508760377535232,
198,8/2/2017,66.30702733255679,
198,9/27/2017,45.41199653911966,
198,10/14/2017,19.462284231631727,
198,11/27/2017,23.178828414316957,
198,12/23/2017,32.43714039,
198,1/6/2018,25.94971230816512,
198,2/10/2018,48.70150312,
198,3/27/2018,45.41199653906583,
198,4/2/2018,48.65571057772496,
198,6/10/2018,38.92456846258627,
198,7/15/2018,,no intersection
198,8/31/2018,29.19342634609323,
198,9/13/2018,41.25415862161613,
198,10/15/2018,43.601029063050795,
198,11/16/2018,42.16828250051438,
198,12/13/2018,12.974856154421152,
198,1/1/2019,45.41199653911966,
198,2/22/2019,25.94971230816512,
198,4/30/2019,48.65571057772496,
198,5/20/2019,42.16828250051438,
198,6/18/2019,45.41199653911966,
198,7/17/2019,70.95195152308249,
198,8/19/2019,81.09285096236964,
198,9/8/2019,68.11799480862567,
198,10/7/2019,31.067466643447943,
198,11/22/2019,55.14313865425835,
198,12/5/2019,32.43714039,
198,1/31/2020,32.43714039,
198,2/12/2020,22.70599826955983,
198,3/12/2020,9.731142115138683,
198,5/23/2020,51.89942461633024,
198,6/17/2020,32.43714039,
198,7/15/2020,51.89942461627641,
198,9/23/2020,61.63056673141509,
198,10/22/2020,22.70599826955983,
198,11/21/2020,58.386852692863634,
198,12/23/2020,47.300292964008406,
198,1/23/2021,29.19342634677041,
198,2/7/2021,45.41199653844249,
198,3/16/2021,55.14313865425835,
198,4/14/2021,58.386852692863634,
198,5/7/2021,35.68085442398098,
198,5/23/2021,55.14313865425835,
198,6/6/2021,55.143138654881696,
198,8/17/2021,64.87428077002038,
198,9/11/2021,64.46452344587192,
198,9/30/2021,49.14279685074712,
198,10/11/2021,23.178828414316957,
198,11/11/2021,22.70599826955983,
198,12/9/2021,42.16828250051438,
198,1/12/2022,15.290190185185974,
198,2/11/2022,19.462284230954545,
198,3/5/2022,42.16828250051438,
198,4/26/2022,42.16828250046055,
198,5/17/2022,42.16828250051438,
198,7/15/2022,47.28603684,
198,9/5/2022,37.113600985840215,
198,9/16/2022,42.16828250051438,
198,11/18/2022,45.41199653911966,
198,12/17/2022,32.437140384698516,
198,1/25/2023,19.462284230954545,
198,2/9/2023,29.19342634609323,
198,6/18/2023,47.331829374624405,
198,7/28/2023,64.87428077007422,
198,9/7/2023,42.16828250051438,
198,10/6/2023,35.68085442398098,
198,11/7/2023,35.680854423303806,
199,5/6/2017,0,
199,6/5/2017,26.195172851439573,
199,8/2/2017,73.99599755659452,
199,9/27/2017,48.65571057761729,
199,10/14/2017,21.577950257680136,
199,11/27/2017,25.949712308057453,
199,12/23/2017,33.12389466,
199,1/6/2018,22.705998269505997,
199,2/10/2018,51.899424616222575,
199,3/27/2018,42.16828250040671,
199,4/2/2018,45.411996539011994,
199,6/10/2018,45.24386494480392,
199,7/15/2018,42.16828250040671,
199,8/31/2018,32.43714038464468,
199,9/13/2018,45.411996539011994,
199,10/15/2018,46.645075096670496,
199,11/16/2018,45.411996539011994,
199,12/13/2018,15.090522180523392,
199,1/1/2019,51.899424616222575,
199,2/22/2019,29.193426346716574,
199,4/30/2019,47.086368830919284,
199,5/20/2019,39.170029005129706,
199,6/18/2019,45.411996539011994,
199,7/17/2019,70.99774406131752,
199,8/19/2019,84.58202554419553,
199,9/8/2019,74.60542288572857,
199,10/7/2019,35.68085442387331,
199,11/22/2019,51.899424616222575,
199,12/5/2019,28.478970472427076,
199,1/31/2020,32.43714038526803,
199,2/12/2020,19.46228423090071,
199,3/12/2020,9.731142115138683,
199,5/23/2020,47.33182937424757,
199,6/17/2020,32.43714038532187,
199,7/15/2020,48.65571057761729,
199,9/23/2020,58.38685269343315,
199,10/22/2020,22.705998269505997,
199,11/21/2020,54.97500706,
199,12/23/2020,48.65571057761729,
199,1/23/2021,25.949712308111287,
199,2/7/2021,48.65571057694011,
199,3/16/2021,58.386852692755966,
199,4/14/2021,51.731293021337315,
199,5/7/2021,31.55455292,
199,5/23/2021,58.386852692755966,
199,6/6/2021,51.899424616222575,
199,8/17/2021,64.87428076996655,
199,9/11/2021,74.60542288572857,
199,9/30/2021,48.65571057761729,
199,10/11/2021,23.39275254702924,
199,11/11/2021,25.949712308111287,
199,12/9/2021,48.65571057761729,
199,1/12/2022,,no intersection
199,2/11/2022,19.462284230954545,
199,3/5/2022,38.924568462478604,
199,4/26/2022,37.79652045002939,
199,5/17/2022,42.44144464044742,
199,7/15/2022,51.899424616222575,
199,9/5/2022,38.92456846180142,
199,9/16/2022,35.51272282904189,
199,11/18/2022,45.41199653906583,
199,12/17/2022,32.43714038532187,
199,1/25/2023,25.949712308111287,
199,2/9/2023,25.949712307434105,
199,6/18/2023,48.65571057694011,
199,7/28/2023,59.61993125036063,
199,9/7/2023,48.65571057694011,
199,10/6/2023,33.12389466,
199,11/7/2023,35.68085442392715,
2,5/6/2017,37.41343933578649,
2,6/5/2017,,no intersection
2,8/2/2017,39.111816383131945,
2,9/27/2017,,no intersection
2,10/14/2017,29.193426346501237,
2,11/27/2017,,no intersection
2,12/23/2017,,no intersection
2,1/6/2018,32.43714038510653,
2,2/10/2018,25.949712307949785,
2,3/27/2018,45.41199653942001,
2,4/2/2018,45.41199653942001,
2,6/10/2018,48.65571058,
2,7/15/2018,63.10910582976399,
2,8/31/2018,64.87428077021306,
2,9/13/2018,70.99774406,
2,10/15/2018,61.630566731607765,
2,11/16/2018,58.38685269305631,
2,12/13/2018,24.735750077221063,
2,1/1/2019,29.19342634655507,
2,2/22/2019,29.19342634655507,
2,4/30/2019,32.768515145583805,
2,5/20/2019,37.71060623153454,
2,6/18/2019,35.680854423711814,
2,7/17/2019,48.65571058,
2,8/19/2019,51.89942461657675,
2,9/8/2019,55.14313865518204,
2,10/7/2019,55.47451341565932,
2,11/22/2019,35.680854423711814,
2,12/5/2019,29.19342634655507,
2,1/31/2020,29.19342634655507,
2,2/12/2020,32.43714038510653,
2,3/12/2020,32.43714038510653,
2,5/23/2020,47.00045461183226,
2,6/17/2020,,no intersection
2,7/15/2020,64.87428077021306,
2,9/23/2020,62.777731069286716,
2,10/22/2020,29.19342634655507,
2,11/21/2020,42.168282500814726,
2,12/23/2020,,no intersection
2,1/23/2021,25.949712307949785,
2,2/7/2021,29.19342634655507,
2,3/16/2021,25.949712307949785,
2,4/14/2021,32.43714038510653,
2,5/7/2021,35.680854423711814,
2,5/23/2021,58.38685269305631,
2,6/6/2021,25.949712307949785,
2,8/17/2021,48.65571057797146,
2,9/11/2021,48.65571057797146,
2,9/30/2021,38.92456846226327,
2,10/11/2021,31.223178154377802,
2,11/11/2021,25.949712307949785,
2,12/9/2021,32.43714038510653,
2,1/12/2022,25.949712308626967,
2,2/11/2022,23.665914686154768,
2,3/5/2022,22.70599826939833,
2,4/26/2022,12.974856154313484,
2,5/17/2022,19.462284230793042,
2,7/15/2022,25.949712307949785,
2,9/5/2022,42.16828250086856,
2,9/16/2022,,no intersection
2,11/18/2022,45.41199653942001,
2,12/17/2022,45.41199653942001,
2,1/25/2023,25.949712307949785,
2,2/9/2023,,no intersection
2,6/18/2023,38.92456846226327,
2,7/28/2023,51.89942461657675,
2,9/7/2023,51.89942461657675,
2,10/6/2023,42.168282500814726,
2,11/7/2023,29.19342634655507,
20,5/6/2017,25.949712307949785,
20,6/5/2017,,no intersection
20,8/2/2017,55.14313865450486,
20,9/27/2017,61.630566731661595,
20,10/14/2017,48.65571057734812,
20,11/27/2017,38.92456846226327,
20,12/23/2017,,no intersection
20,1/6/2018,38.92456846226327,
20,2/10/2018,38.92456846226327,
20,3/27/2018,31.55455291490891,
20,4/2/2018,35.68085442433516,
20,6/10/2018,25.949712307949785,
20,7/15/2018,38.92456846226327,
20,8/31/2018,42.16828250086856,
20,9/13/2018,43.36858999248122,
20,10/15/2018,45.41199653942001,
20,11/16/2018,32.437140385729876,
20,12/13/2018,20.662591723082887,
20,1/1/2019,36.88116191594782,
20,2/22/2019,32.437140385729876,
20,4/30/2019,48.65571057734812,
20,5/20/2019,36.88116191594782,
20,6/18/2019,48.65571057734812,
20,7/17/2019,71.36170885,
20,8/19/2019,68.11799480881834,
20,9/8/2019,68.11799480881834,
20,10/7/2019,55.22046760106368,
20,11/22/2019,35.78668596690751,
20,12/5/2019,30.35424542329625,
20,1/31/2020,29.19342634717842,
20,2/12/2020,19.46228423141639,
20,3/12/2020,22.705998270021677,
20,5/23/2020,55.14313865450486,
20,6/17/2020,48.65571057734812,
20,7/15/2020,68.11799480881834,
20,9/23/2020,71.36170885,
20,10/22/2020,36.84167349977581,
20,11/21/2020,64.87428077089024,
20,12/23/2020,,no intersection
20,1/23/2021,32.43714038578371,
20,2/7/2021,35.680854423711814,
20,3/16/2021,46.61230403103267,
20,4/14/2021,36.88116191594782,
20,5/7/2021,42.168282500814726,
20,5/23/2021,64.87428077021306,
20,6/6/2021,42.168282500814726,
20,8/17/2021,77.84913692452653,
20,9/11/2021,55.14313865518204,
20,9/30/2021,42.88780784209158,
20,10/11/2021,36.88116191594782,
20,11/11/2021,32.43714038578371,
20,12/9/2021,48.65571057734812,
20,1/12/2022,25.949712308626967,
20,2/11/2022,36.88116191594782,
20,3/5/2022,51.89942461657675,
20,4/26/2022,42.168282500814726,
20,5/17/2022,58.38685269311014,
20,7/15/2022,48.65571057734812,
20,9/5/2022,64.87428077021306,
20,9/16/2022,,no intersection
20,11/18/2022,44.73031172847612,
20,12/17/2022,46.13152188069687,
20,1/25/2023,36.88116191594782,
20,2/9/2023,,no intersection
20,6/18/2023,48.65571057734812,
20,7/28/2023,48.65571057734812,
20,9/7/2023,55.14313865450486,
20,10/6/2023,44.73031172847612,
20,11/7/2023,36.88116191594782,
200,5/6/2017,0,
200,6/5/2017,,no intersection
200,8/2/2017,68.11799480881834,
200,9/27/2017,45.41199653942001,
200,10/14/2017,22.70599827007551,
200,11/27/2017,28.237344734210367,
200,12/23/2017,35.680854423711814,
200,1/6/2018,22.70599826939833,
200,2/10/2018,46.88670083,
200,3/27/2018,45.41199653879666,
200,4/2/2018,42.16828250086856,
200,6/10/2018,48.65571058,
200,7/15/2018,45.41199653947385,
200,8/31/2018,35.680854423711814,
200,9/13/2018,48.65571058,
200,10/15/2018,51.89942461595341,
200,11/16/2018,42.16828250086856,
200,12/13/2018,13.861278428976664,
200,1/1/2019,58.38685269311014,
200,2/22/2019,29.19342634655507,
200,4/30/2019,46.88670083,
200,5/20/2019,35.680854423711814,
200,6/18/2019,45.41199653947385,
200,7/17/2019,77.84913692390319,
200,8/19/2019,87.58027904028856,
200,9/8/2019,77.84913692390319,
200,10/7/2019,37.15555871756398,
200,11/22/2019,58.38685269311014,
200,12/5/2019,42.16828250086856,
200,1/31/2020,38.924568462317104,
200,2/12/2020,22.70599826939833,
200,3/12/2020,12.974856154313484,
200,5/23/2020,48.65571058,
200,6/17/2020,22.70599826939833,
200,7/15/2020,52.78584689061658,
200,9/23/2020,64.87428077026689,
200,10/22/2020,27.42441660185578,
200,11/21/2020,61.63056673233878,
200,12/23/2020,54.77533906208015,
200,1/23/2021,25.94971230800362,
200,2/7/2021,55.14313865518204,
200,3/16/2021,61.630566731661595,
200,4/14/2021,71.36170884742363,
200,5/7/2021,38.924568462317104,
200,5/23/2021,65.90769132938574,
200,6/6/2021,58.38685269311014,
200,8/17/2021,64.87428077026689,
200,9/11/2021,81.09285096313182,
200,9/30/2021,45.41199653947385,
200,10/11/2021,29.19342634655507,
200,11/11/2021,29.19342634655507,
200,12/9/2021,47.32799456800547,
200,1/12/2022,15.262488580574068,
200,2/11/2022,22.70599826939833,
200,3/5/2022,47.699628965680596,
200,4/26/2022,45.41199653879666,
200,5/17/2022,51.89942461595341,
200,7/15/2022,51.89942461595341,
200,9/5/2022,42.16828250086856,
200,9/16/2022,32.43714038510653,
200,11/18/2022,42.16828250086856,
200,12/17/2022,32.43714038516036,
200,1/25/2023,25.94971230800362,
200,2/9/2023,29.193426347232254,
200,6/18/2023,51.53162502347486,
200,7/28/2023,64.87428077094407,
200,9/7/2023,51.89942461663058,
200,10/6/2023,35.680854423711814,
200,11/7/2023,32.43714038510653,
201,5/6/2017,0,
201,6/5/2017,35.88435724475435,
201,8/2/2017,68.11799480862567,
201,9/27/2017,48.65571057767112,
201,10/14/2017,25.949712308111287,
201,11/27/2017,25.94971230748794,
201,12/23/2017,35.680854423303806,
201,1/6/2018,25.94971230748794,
201,2/10/2018,48.65571057767112,
201,3/27/2018,45.28582266711233,
201,4/2/2018,,no intersection
201,6/10/2018,42.16828250046055,
201,7/15/2018,48.65571057767112,
201,8/31/2018,29.19342634677041,
201,9/13/2018,61.630566731468925,
201,10/15/2018,61.630566731468925,
201,11/16/2018,42.16828250046055,
201,12/13/2018,19.462284230954545,
201,1/1/2019,68.11799480794848,
201,2/22/2019,29.19342634609323,
201,4/30/2019,55.143138654881696,
201,5/20/2019,36.325650978895474,
201,6/18/2019,45.41199653906583,
201,7/17/2019,71.36170884723096,
201,8/19/2019,87.58027903952637,
201,9/8/2019,76.84037558358244,
201,10/7/2019,43.443318780481285,
201,11/22/2019,49.93074685763803,
201,12/5/2019,45.41199653911966,
201,1/31/2020,46.68703281903274,
201,2/12/2020,25.823538436157783,
201,3/12/2020,22.705998269505997,
201,5/23/2020,55.143138654881696,
201,6/17/2020,,no intersection
201,7/15/2020,54.38672505792961,
201,9/23/2020,77.84913692376435,
201,10/22/2020,35.68085442392715,
201,11/21/2020,57.81938508671518,
201,12/23/2020,51.89942461627641,
201,1/23/2021,32.43714038532187,
201,2/7/2021,61.63056673141509,
201,3/16/2021,63.10910583283255,
201,4/14/2021,,no intersection
201,5/7/2021,38.92456846253244,
201,5/23/2021,68.11799480862567,
201,6/6/2021,55.143138654881696,
201,8/17/2021,68.11799480862567,
201,9/11/2021,72.00650540219928,
201,9/30/2021,44.655582942113746,
201,10/11/2021,32.437140384698516,
201,11/11/2021,29.193426346716574,
201,12/9/2021,35.68085442324997,
201,1/12/2022,16.218570192349258,
201,2/11/2022,22.705998268882652,
201,3/5/2022,48.65571057704778,
201,4/26/2022,35.68085442392715,
201,5/17/2022,55.143138654881696,
201,7/15/2022,51.89942461627641,
201,9/5/2022,35.680854423303806,
201,9/16/2022,41.60081489436592,
201,11/18/2022,,no intersection
201,12/17/2022,,no intersection
201,1/25/2023,29.193426346716574,
201,2/9/2023,32.43714038464468,
201,6/18/2023,48.65571057767112,
201,7/28/2023,77.84913692444154,
201,9/7/2023,58.386852693486986,
201,10/6/2023,42.16828250046055,
201,11/7/2023,32.437140384698516,
202,5/6/2017,0,
202,6/5/2017,22.705998270021677,
202,8/2/2017,61.63056673228495,
202,9/27/2017,48.65571057797146,
202,10/14/2017,29.193426346501237,
202,11/27/2017,27.466374327671925,
202,12/23/2017,35.680854423711814,
202,1/6/2018,26.794176856581483,
202,2/10/2018,44.41395720104382,
202,3/27/2018,45.41199653942001,
202,4/2/2018,45.41199653942001,
202,6/10/2018,51.34267901361105,
202,7/15/2018,49.73107886228313,
202,8/31/2018,34.16419240393584,
202,9/13/2018,65.50835531968374,
202,10/15/2018,71.36170885,
202,11/16/2018,38.92456846226327,
202,12/13/2018,22.82145013752307,
202,1/1/2019,52.743889165208444,
202,2/22/2019,29.193426346501237,
202,4/30/2019,51.89942461657675,
202,5/20/2019,29.19342634655507,
202,6/18/2019,45.41199653942001,
202,7/17/2019,74.60542288597509,
202,8/19/2019,87.58027904028856,
202,9/8/2019,73.60738354754506,
202,10/7/2019,55.143138655128205,
202,11/22/2019,54.145099316752024,
202,12/5/2019,45.41199653942001,
202,1/31/2020,48.65571057797146,
202,2/12/2020,38.59872659497752,
202,3/12/2020,29.308878214679808,
202,5/23/2020,55.143138655128205,
202,6/17/2020,42.168282500814726,
202,7/15/2020,61.63056673228495,
202,9/23/2020,86.77502051591875,
202,10/22/2020,38.92456846226327,
202,11/21/2020,61.63056673228495,
202,12/23/2020,51.89942461657675,
202,1/23/2021,29.19342634655507,
202,2/7/2021,58.386852693733495,
202,3/16/2021,58.386852693733495,
202,4/14/2021,71.36170884742363,
202,5/7/2021,47.33182937236337,
202,5/23/2021,61.63056673228495,
202,6/6/2021,39.769033010894965,
202,8/17/2021,74.60542288592124,
202,9/11/2021,71.36170885,
202,9/30/2021,48.65571057797146,
202,10/11/2021,50.901385278200564,
202,11/11/2021,29.193426346501237,
202,12/9/2021,37.92652912388708,
202,1/12/2022,16.218570192918772,
202,2/11/2022,22.705998269344494,
202,3/5/2022,51.13228901382669,
202,4/26/2022,24.663954024530952,
202,5/17/2022,51.89942461657675,
202,7/15/2022,48.65571057797146,
202,9/5/2022,29.193426347232254,
202,9/16/2022,,no intersection
202,11/18/2022,55.143138655128205,
202,12/17/2022,51.89942461657675,
202,1/25/2023,25.729701983590566,
202,2/9/2023,32.43714038510653,
202,6/18/2023,48.65571057797146,
202,7/28/2023,74.60542288592124,
202,9/7/2023,48.65571057797146,
202,10/6/2023,33.95380240482867,
202,11/7/2023,42.168282500814726,
203,5/6/2017,0,
203,6/5/2017,34.19542812589205,
203,8/2/2017,,no intersection
203,9/27/2017,60.66376311769533,
203,10/14/2017,26.99384487138192,
203,11/27/2017,25.94971230816512,
203,12/23/2017,30.23755890998721,
203,1/6/2018,32.43714038532187,
203,2/10/2018,40.24156246833815,
203,3/27/2018,58.38685269,
203,4/2/2018,51.89942461627641,
203,6/10/2018,45.41199653911966,
203,7/15/2018,45.41199653906583,
203,8/31/2018,39.44319114554726,
203,9/13/2018,71.36170884723096,
203,10/15/2018,68.11799480862567,
203,11/16/2018,36.724986986520605,
203,12/13/2018,25.94971230816512,
203,1/1/2019,48.65571057772496,
203,2/22/2019,25.94971230816512,
203,4/30/2019,48.65571057767112,
203,5/20/2019,38.12619714,
203,6/18/2019,51.10105329286216,
203,7/17/2019,74.60542289,
203,8/19/2019,90.82399307750832,
203,9/8/2019,79.68475361,
203,10/7/2019,60.66376311769533,
203,11/22/2019,55.143138654881696,
203,12/5/2019,47.331829374624405,
203,1/31/2020,38.92456846185526,
203,2/12/2020,32.437140384698516,
203,3/12/2020,42.16828250046055,
203,5/23/2020,61.63056673141509,
203,6/17/2020,51.89942461565306,
203,7/15/2020,58.386852693486986,
203,9/23/2020,93.26933579332271,
203,10/22/2020,42.16828250046055,
203,11/21/2020,67.31962348521142,
203,12/23/2020,55.143138654881696,
203,1/23/2021,38.92456846190909,
203,2/7/2021,61.630566731468925,
203,3/16/2021,51.89942461565306,
203,4/14/2021,71.36170884655378,
203,5/7/2021,48.65571057772496,
203,5/23/2021,71.36170884723096,
203,6/6/2021,51.89942461627641,
203,8/17/2021,77.84913692,
203,9/11/2021,71.36170884717713,
203,9/30/2021,51.54234702700329,
203,10/11/2021,54.34476733146745,
203,11/11/2021,38.92456846190909,
203,12/9/2021,34.88248310051291,
203,1/12/2022,19.46228423090071,
203,2/11/2022,22.70599826955983,
203,3/5/2022,51.89942461633024,
203,4/26/2022,29.193426346039395,
203,5/17/2022,58.386852692863634,
203,7/15/2022,48.65571057699394,
203,9/5/2022,32.437140384698516,
203,9/16/2022,56.18727121747515,
203,11/18/2022,51.89942461627641,
203,12/17/2022,51.89942461627641,
203,1/25/2023,38.399058582330454,
203,2/9/2023,34.88248310051291,
203,6/18/2023,48.65571057767112,
203,7/28/2023,71.36170884717713,
203,9/7/2023,55.143138654881696,
203,10/6/2023,39.44319114554726,
203,11/7/2023,36.997848430356214,
204,5/6/2017,0,
204,6/5/2017,48.65571057772496,
204,8/2/2017,51.89942461559923,
204,9/27/2017,56.38693922410694,
204,10/14/2017,25.94971230748794,
204,11/27/2017,29.193426346039395,
204,12/23/2017,32.437140384698516,
204,1/6/2018,25.94971230748794,
204,2/10/2018,50.85942756472948,
204,3/27/2018,48.65571057767112,
204,4/2/2018,42.16828250046055,
204,6/10/2018,45.41199653906583,
204,7/15/2018,42.16828250046055,
204,8/31/2018,48.65571057767112,
204,9/13/2018,63.10910583288638,
204,10/15/2018,55.14313865420452,
204,11/16/2018,38.199390575644834,
204,12/13/2018,25.94971230748794,
204,1/1/2019,38.92456846185526,
204,2/22/2019,22.705998269505997,
204,4/30/2019,45.41199653906583,
204,5/20/2019,30.310752346567686,
204,6/18/2019,35.68085442324997,
204,7/17/2019,68.11799480862567,
204,8/19/2019,84.33656500097493,
204,9/8/2019,74.60542288515906,
204,10/7/2019,58.38685269,
204,11/22/2019,48.65571057699394,
204,12/5/2019,53.97666703385297,
204,1/31/2020,38.92456846185526,
204,2/12/2020,38.92456846185526,
204,3/12/2020,45.41199653844249,
204,5/23/2020,61.63056673141509,
204,6/17/2020,42.16828250046055,
204,7/15/2020,48.65571057699394,
204,9/23/2020,84.33656500097493,
204,10/22/2020,41.443104614250124,
204,11/21/2020,64.87428077002038,
204,12/23/2020,49.33174284338111,
204,1/23/2021,42.16828250046055,
204,2/7/2021,58.38685269,
204,3/16/2021,51.89942461627641,
204,4/14/2021,73.43895126480751,
204,5/7/2021,43.41208307036297,
204,5/23/2021,68.11799480862567,
204,6/6/2021,42.16828250046055,
204,8/17/2021,84.13000979840267,
204,9/11/2021,71.36170884655378,
204,9/30/2021,51.89942461559923,
204,10/11/2021,45.41199653906583,
204,11/11/2021,33.55446638517297,
204,12/9/2021,25.66582815604199,
204,1/12/2022,14.21865672364639,
204,2/11/2022,19.46228423090071,
204,3/5/2022,56.38693922410694,
204,4/26/2022,29.19342634677041,
204,5/17/2022,51.89942461559923,
204,7/15/2022,51.89942461627641,
204,9/5/2022,42.16828250046055,
204,9/16/2022,53.14322518550165,
204,11/18/2022,45.41199653906583,
204,12/17/2022,55.14313865420452,
204,1/25/2023,48.65571057699394,
204,2/9/2023,29.19342634609323,
204,6/18/2023,48.65571057767112,
204,7/28/2023,70.76300553039466,
204,9/7/2023,43.41208307036297,
204,10/6/2023,35.68085442324997,
204,11/7/2023,35.68085442324997,
205,5/6/2017,0,
205,6/5/2017,53.25837635661377,
205,8/2/2017,42.168282500814726,
205,9/27/2017,53.34289317962687,
205,10/14/2017,25.949712307949785,
205,11/27/2017,33.88060894815664,
205,12/23/2017,32.43714038510653,
205,1/6/2018,29.193426346501237,
205,2/10/2018,42.16828250013754,
205,3/27/2018,43.611751063864844,
205,4/2/2018,48.65571057797146,
205,6/10/2018,48.697968989478014,
205,7/15/2018,46.85546510247013,
205,8/31/2018,51.89942461657675,
205,9/13/2018,58.386852693733495,
205,10/15/2018,61.66563726671387,
205,11/16/2018,37.99972258055911,
205,12/13/2018,22.705998269344494,
205,1/1/2019,32.43714038510653,
205,2/22/2019,16.218570192864938,
205,4/30/2019,54.744103331224274,
205,5/20/2019,29.193426346501237,
205,6/18/2019,41.76924717691079,
205,7/17/2019,64.87428077089024,
205,8/19/2019,87.18124372,
205,9/8/2019,80.69381563917405,
205,10/7/2019,58.386852693733495,
205,11/22/2019,45.41199653942001,
205,12/5/2019,53.34289317962687,
205,1/31/2020,37.99972258055911,
205,2/12/2020,37.12432299,
205,3/12/2020,54.30280959570612,
205,5/23/2020,69.12016963708132,
205,6/17/2020,45.41199653942001,
205,7/15/2020,50.09917914102158,
205,9/23/2020,80.69381563917405,
205,10/22/2020,32.43714038510653,
205,11/21/2020,59.83032125678361,
205,12/23/2020,49.13207485,
205,1/23/2021,40.368037025313384,
205,2/7/2021,60.26442711511647,
205,3/16/2021,50.97457873487259,
205,4/14/2021,77.00880786578163,
205,5/7/2021,45.41199653942001,
205,5/23/2021,58.386852693733495,
205,6/6/2021,39.443191143609226,
205,8/17/2021,74.60542288592124,
205,9/11/2021,68.11799480881834,
205,9/30/2021,48.65571058,
205,10/11/2021,45.41199653942001,
205,11/11/2021,41.24343661916439,
205,12/9/2021,25.949712307949785,
205,1/12/2022,12.974856154313484,
205,2/11/2022,12.974856154313484,
205,3/5/2022,53.776999037959726,
205,4/26/2022,39.92674328984907,
205,5/17/2022,51.50038929261898,
205,7/15/2022,55.143138655128205,
205,9/5/2022,51.89942461657675,
205,9/16/2022,53.776999037959726,
205,11/18/2022,45.41199653942001,
205,12/17/2022,46.85546510247013,
205,1/25/2023,42.168282500814726,
205,2/9/2023,33.354798390410245,
205,6/18/2023,42.16828250086856,
205,7/28/2023,55.220467601009844,
205,9/7/2023,45.41199653942001,
205,10/6/2023,35.680854423711814,
205,11/7/2023,28.931647827861273,
206,5/6/2017,0,
206,6/5/2017,42.92883161153622,
206,8/2/2017,35.922780851310826,
206,9/27/2017,51.89942461627641,
206,10/14/2017,24.349134849487264,
206,11/27/2017,29.43535277410025,
206,12/23/2017,31.554552916416274,
206,1/6/2018,22.70599826955983,
206,2/10/2018,38.725201155151645,
206,3/27/2018,42.16828250046055,
206,4/2/2018,45.41199653911966,
206,6/10/2018,51.89942461565306,
206,7/15/2018,48.65571057767112,
206,8/31/2018,38.92456846190909,
206,9/13/2018,63.10910583288638,
206,10/15/2018,61.63056673141509,
206,11/16/2018,35.68085442324997,
206,12/13/2018,22.70599826955983,
206,1/1/2019,30.836562926020658,
206,2/22/2019,6.487428077156742,
206,4/30/2019,48.65571057767112,
206,5/20/2019,25.949712308111287,
206,6/18/2019,38.92456846185526,
206,7/17/2019,60.0647591,
206,8/19/2019,77.84913692376435,
206,9/8/2019,74.60542288515906,
206,10/7/2019,58.38685269,
206,11/22/2019,48.65571057767112,
206,12/5/2019,50.29884715765238,
206,1/31/2020,48.65571057767112,
206,2/12/2020,38.92456846185526,
206,3/12/2020,49.373700567389555,
206,5/23/2020,64.87428077002038,
206,6/17/2020,48.76154212029731,
206,7/15/2020,51.89942461627641,
206,9/23/2020,84.13719769427132,
206,10/22/2020,25.949712308111287,
206,11/21/2020,56.78627523418578,
206,12/23/2020,50.29884715765238,
206,1/23/2021,40.56770504183652,
206,2/7/2021,58.38685269,
206,3/16/2021,48.65571057699394,
206,4/14/2021,71.36170884723096,
206,5/7/2021,43.81141908044181,
206,5/23/2021,64.87428077002038,
206,6/6/2021,48.93240683330227,
206,8/17/2021,77.84913692376435,
206,9/11/2021,74.60542288515906,
206,9/30/2021,42.41020893,
206,10/11/2021,45.41199653906583,
206,11/11/2021,38.92456846185526,
206,12/9/2021,35.48148711722354,
206,1/12/2022,12.97485615374397,
206,2/11/2022,10.890425839675418,
206,3/5/2022,50.29884715765238,
206,4/26/2022,38.24134829970711,
206,5/17/2022,55.143138654881696,
206,7/15/2022,58.38685269,
206,9/5/2022,61.63056673141509,
206,9/16/2022,51.89942461559923,
206,11/18/2022,43.81141908044181,
206,12/17/2022,45.41199653906583,
206,1/25/2023,42.16828250051438,
206,2/9/2023,35.68085442324997,
206,6/18/2023,47.33182937467824,
206,7/28/2023,74.60542288515906,
206,9/7/2023,45.41199653906583,
206,10/6/2023,35.68085442324997,
206,11/7/2023,28.99405904001296,
207,5/6/2017,0,
207,6/5/2017,52.85904034505023,
207,8/2/2017,37.52365899843314,
207,9/27/2017,48.65571057734812,
207,10/14/2017,25.949712307949785,
207,11/27/2017,29.19342634655507,
207,12/23/2017,38.81873691933674,
207,1/6/2018,29.19342634655507,
207,2/10/2018,38.924568462317104,
207,3/27/2018,42.16828250086856,
207,4/2/2018,50.13394898800624,
207,6/10/2018,58.38685269311014,
207,7/15/2018,48.65571057734812,
207,8/31/2018,35.680854423711814,
207,9/13/2018,61.630566731661595,
207,10/15/2018,61.630566731661595,
207,11/16/2018,38.92456846226327,
207,12/13/2018,25.949712307949785,
207,1/1/2019,32.43714038516036,
207,2/22/2019,6.487428077156742,
207,4/30/2019,48.65571058,
207,5/20/2019,29.19342634655507,
207,6/18/2019,38.924568462317104,
207,7/17/2019,64.87428077026689,
207,8/19/2019,77.84913692458036,
207,9/8/2019,74.60542288602892,
207,10/7/2019,61.630566731661595,
207,11/22/2019,51.89942461595341,
207,12/5/2019,58.38685269311014,
207,1/31/2020,38.92456846226327,
207,2/12/2020,32.95546237890054,
207,3/12/2020,48.65571058,
207,5/23/2020,61.70759499072232,
207,6/17/2020,44.08781464625997,
207,7/15/2020,48.65571058,
207,9/23/2020,75.64236756127656,
207,10/22/2020,25.949712307949785,
207,11/21/2020,64.87428077026689,
207,12/23/2020,55.14313865450486,
207,1/23/2021,42.16828250086856,
207,2/7/2021,58.38685269311014,
207,3/16/2021,45.41199653947385,
207,4/14/2021,68.11799480881834,
207,5/7/2021,48.65571057734812,
207,5/23/2021,61.630566731661595,
207,6/6/2021,48.65571057734812,
207,8/17/2021,74.60542288597509,
207,9/11/2021,77.84913692458036,
207,9/30/2021,32.43714038510653,
207,10/11/2021,42.16828250086856,
207,11/11/2021,32.95546237890054,
207,12/9/2021,20.421899959943705,
207,1/12/2022,16.218570192918772,
207,2/11/2022,21.305088805568204,
207,3/5/2022,58.38685269311014,
207,4/26/2022,39.443191143770726,
207,5/17/2022,51.89942461595341,
207,7/15/2022,61.630566731661595,
207,9/5/2022,68.11799480881834,
207,9/16/2022,61.63056673171543,
207,11/18/2022,45.41199653942001,
207,12/17/2022,40.84410060765469,
207,1/25/2023,35.680854423711814,
207,2/9/2023,42.16828250086856,
207,6/18/2023,47.33152868481143,
207,7/28/2023,68.11829549658562,
207,9/7/2023,42.16828250086856,
207,10/6/2023,35.680854423711814,
207,11/7/2023,25.94971230800362,
208,5/6/2017,0,
208,6/5/2017,57.70423392367255,
208,8/2/2017,35.68085442387331,
208,9/27/2017,55.143138654827865,
208,10/14/2017,26.709660026207246,
208,11/27/2017,34.479612970851385,
208,12/23/2017,42.48693648430771,
208,1/6/2018,35.88082312271796,
208,2/10/2018,31.235898932246098,
208,3/27/2018,38.92456846185526,
208,4/2/2018,55.143138654827865,
208,6/10/2018,51.899424616222575,
208,7/15/2018,51.776784865197605,
208,8/31/2018,31.55455292,
208,9/13/2018,61.630566731361256,
208,10/15/2018,64.87428076996655,
208,11/16/2018,51.89942461554539,
208,12/13/2018,18.261042778502127,
208,1/1/2019,29.193426346039395,
208,2/22/2019,7.888638229023317,
208,4/30/2019,55.14313865409685,
208,5/20/2019,29.193426346039395,
208,6/18/2019,38.92456846180142,
208,7/17/2019,71.36170884712328,
208,8/19/2019,81.09285096226198,
208,9/8/2019,81.93012762947814,
208,10/7/2019,64.87428076996655,
208,11/22/2019,48.65571057694011,
208,12/5/2019,61.630566731361256,
208,1/31/2020,58.386852692755966,
208,2/12/2020,42.16828250040671,
208,3/12/2020,51.899424616168744,
208,5/23/2020,61.63056673130742,
208,6/17/2020,48.655710577563454,
208,7/15/2020,58.386852692702135,
208,9/23/2020,81.09285096220813,
208,10/22/2020,42.16828250040671,
208,11/21/2020,64.87428076996655,
208,12/23/2020,58.386852692755966,
208,1/23/2021,45.411996539011994,
208,2/7/2021,55.143138654827865,
208,3/16/2021,45.411996539011994,
208,4/14/2021,68.11799480851799,
208,5/7/2021,45.411996539011994,
208,5/23/2021,66.15285117137766,
208,6/6/2021,48.655710577563454,
208,8/17/2021,74.60542289,
208,9/11/2021,78.88638229039466,
208,9/30/2021,35.68085442319614,
208,10/11/2021,45.411996539011994,
208,11/11/2021,38.92456846185526,
208,12/9/2021,42.16828250040671,
208,1/12/2022,16.218570192972606,
208,2/11/2022,19.46228423090071,
208,3/5/2022,60.42932527896267,
208,4/26/2022,43.76946135174128,
208,5/17/2022,51.89942461554539,
208,7/15/2022,69.71917365985257,
208,9/5/2022,68.11799480851799,
208,9/16/2022,61.630566731361256,
208,11/18/2022,48.65571057694011,
208,12/17/2022,48.65571057694011,
208,1/25/2023,32.43714038532187,
208,2/9/2023,42.16828250040671,
208,6/18/2023,45.61196523847999,
208,7/28/2023,61.630566731361256,
208,9/7/2023,42.16828250040671,
208,10/6/2023,38.92456846180142,
208,11/7/2023,32.63710908411267,
209,5/6/2017,35.639197396715986,
209,6/5/2017,50.01526370300371,
209,8/2/2017,32.43714038464468,
209,9/27/2017,58.38685269,
209,10/14/2017,35.680854423303806,
209,11/27/2017,31.554552916470108,
209,12/23/2017,29.19342634609323,
209,1/6/2018,28.191852901726122,
209,2/10/2018,32.437140384698516,
209,3/27/2018,42.16828250046055,
209,4/2/2018,55.14313865420452,
209,6/10/2018,48.65571057699394,
209,7/15/2018,51.89942461627641,
209,8/31/2018,35.680854423303806,
209,9/13/2018,59.46575508672779,
209,10/15/2018,58.38685269,
209,11/16/2018,45.41199653906583,
209,12/13/2018,16.218570192349258,
209,1/1/2019,29.193426346716574,
209,2/22/2019,8.890211673498092,
209,4/30/2019,51.89942461627641,
209,5/20/2019,29.193426346716574,
209,6/18/2019,,no intersection
209,7/17/2019,,no intersection
209,8/19/2019,84.32751612818194,
209,9/8/2019,77.84913692444154,
209,10/7/2019,64.87428077002038,
209,11/22/2019,48.65571057767112,
209,12/5/2019,58.38685269,
209,1/31/2020,35.68085442324997,
209,2/12/2020,42.16828250046055,
209,3/12/2020,51.89942461627641,
209,5/23/2020,68.11799480794848,
209,6/17/2020,74.60542288583625,
209,7/15/2020,64.87428077002038,
209,9/23/2020,77.84913692444154,
209,10/22/2020,45.81163325,
209,11/21/2020,65.27391747751984,
209,12/23/2020,61.63056673141509,
209,1/23/2021,35.68085442324997,
209,2/7/2021,51.89942461559923,
209,3/16/2021,45.530982515258366,
209,4/14/2021,56.94398551430157,
209,5/7/2021,34.679280978882865,
209,5/23/2021,58.78648940030927,
209,6/6/2021,61.63056673141509,
209,8/17/2021,77.84913692444154,
209,9/11/2021,81.09285096236964,
209,9/30/2021,45.41199653838865,
209,10/11/2021,55.143138654881696,
209,11/11/2021,32.437140384698516,
209,12/9/2021,43.96912935993426,
209,1/12/2022,19.462284230954545,
209,2/11/2022,23.66591468733912,
209,3/5/2022,55.14313865420452,
209,4/26/2022,48.65571057704778,
209,5/17/2022,58.386852693486986,
209,7/15/2022,68.11799480862567,
209,9/5/2022,81.09285096304681,
209,9/16/2022,61.63056673141509,
209,11/18/2022,51.89942461627641,
209,12/17/2022,48.65571057767112,
209,1/25/2023,28.191852901726122,
209,2/9/2023,45.41199653906583,
209,6/18/2023,48.65571057767112,
209,7/28/2023,77.84913692376435,
209,9/7/2023,47.331829374624405,
209,10/6/2023,35.68085442392715,
209,11/7/2023,29.193426346716574,
21,5/6/2017,19.462284230954545,
21,6/5/2017,,no intersection
21,8/2/2017,52.419281946929246,
21,9/27/2017,58.38685269,
21,10/14/2017,49.17556790832395,
21,11/27/2017,45.41199653838865,
21,12/23/2017,,no intersection
21,1/6/2018,32.43714038464468,
21,2/10/2018,38.92456846185526,
21,3/27/2018,25.949712308111287,
21,4/2/2018,35.68085442324997,
21,6/10/2018,25.507183926385984,
21,7/15/2018,38.48450937,
21,8/31/2018,42.16828250046055,
21,9/13/2018,38.92456846185526,
21,10/15/2018,45.41199653838865,
21,11/16/2018,38.92456846185526,
21,12/13/2018,22.705998269505997,
21,1/1/2019,33.837115889604256,
21,2/22/2019,38.92456846185526,
21,4/30/2019,42.16828250046055,
21,5/20/2019,38.92456846185526,
21,6/18/2019,45.41199653906583,
21,7/17/2019,64.87428077002038,
21,8/19/2019,61.63056673141509,
21,9/8/2019,68.11799480862567,
21,10/7/2019,51.89942461559923,
21,11/22/2019,36.642005488721104,
21,12/5/2019,32.43714038464468,
21,1/31/2020,22.705998269505997,
21,2/12/2020,19.46228423090071,
21,3/12/2020,22.705998269505997,
21,5/23/2020,45.41199653906583,
21,6/17/2020,45.41199653906583,
21,7/15/2020,64.87428077002038,
21,9/23/2020,74.60542288515906,
21,10/22/2020,45.41199653906583,
21,11/21/2020,66.27425627497996,
21,12/23/2020,,no intersection
21,1/23/2021,31.554552916470108,
21,2/7/2021,35.68085442324997,
21,3/16/2021,45.41199653906583,
21,4/14/2021,38.92456846185526,
21,5/7/2021,38.92456846185526,
21,5/23/2021,61.63056673141509,
21,6/6/2021,38.92456846185526,
21,8/17/2021,71.36170884655378,
21,9/11/2021,55.14313865420452,
21,9/30/2021,38.92456846185526,
21,10/11/2021,35.68085442324997,
21,11/11/2021,27.349687812447513,
21,12/9/2021,42.16828250046055,
21,1/12/2022,25.949712308111287,
21,2/11/2022,25.94971230748794,
21,3/5/2022,42.16828250046055,
21,4/26/2022,38.92456846185526,
21,5/17/2022,61.63056673141509,
21,7/15/2022,48.65571057767112,
21,9/5/2022,64.87428077002038,
21,9/16/2022,,no intersection
21,11/18/2022,42.16828250046055,
21,12/17/2022,45.41199653906583,
21,1/25/2023,32.43714038464468,
21,2/9/2023,,no intersection
21,6/18/2023,45.41199653906583,
21,7/28/2023,48.65571057767112,
21,9/7/2023,48.65571057767112,
21,10/6/2023,38.92456846185526,
21,11/7/2023,35.68085442324997,
210,5/6/2017,42.16828250086856,
210,6/5/2017,42.16828250086856,
210,8/2/2017,35.680854423711814,
210,9/27/2017,59.266087089349845,
210,10/14/2017,35.680854423711814,
210,11/27/2017,31.55455291501658,
210,12/23/2017,45.41199653942001,
210,1/6/2018,17.980392058571237,
210,2/10/2018,32.43714038510653,
210,3/27/2018,42.16828250086856,
210,4/2/2018,59.266087089349845,
210,6/10/2018,48.65571057734812,
210,7/15/2018,51.89942461595341,
210,8/31/2018,32.43714038510653,
210,9/13/2018,84.33656500173711,
210,10/15/2018,56.02237305079839,
210,11/16/2018,55.14313865455869,
210,12/13/2018,16.21857019224159,
210,1/1/2019,32.43714038510653,
210,2/22/2019,6.381596533907211,
210,4/30/2019,56.46366678615504,
210,5/20/2019,27.71153417427943,
210,6/18/2019,48.65571058,
210,7/17/2019,77.84913692458036,
210,8/19/2019,88.01821970117162,
210,9/8/2019,87.58027904028856,
210,10/7/2019,68.11799480887217,
210,11/22/2019,55.14313865518204,
210,12/5/2019,58.38685269311014,
210,1/31/2020,38.92456846226327,
210,2/12/2020,,no intersection
210,3/12/2020,51.89942461663058,
210,5/23/2020,66.87479562,
210,6/17/2020,58.386852693733495,
210,7/15/2020,68.11799480887217,
210,9/23/2020,77.84913692458036,
210,10/22/2020,51.89942461657675,
210,11/21/2020,68.11799480887217,
210,12/23/2020,58.38685269311014,
210,1/23/2021,29.19342634655507,
210,2/7/2021,51.89942461595341,
210,3/16/2021,45.41199653947385,
210,4/14/2021,55.22046760138668,
210,5/7/2021,38.924568462317104,
210,5/23/2021,61.630566731661595,
210,6/6/2021,51.818742595952344,
210,8/17/2021,84.33656500173711,
210,9/11/2021,77.84913692458036,
210,9/30/2021,45.41199653879666,
210,10/11/2021,64.87428077089024,
210,11/11/2021,38.924568462317104,
210,12/9/2021,48.57502855734706,
210,1/12/2022,19.462284230793042,
210,2/11/2022,23.665914686262436,
210,3/5/2022,48.655710577401955,
210,4/26/2022,45.41199653942001,
210,5/17/2022,61.630566731661595,
210,7/15/2022,64.87428077026689,
210,9/5/2022,84.33656500173711,
210,9/16/2022,71.36170884742363,
210,11/18/2022,55.14313865455869,
210,12/17/2022,48.65571057734812,
210,1/25/2023,25.949712307949785,
210,2/9/2023,48.65571058,
210,6/18/2023,48.65571058,
210,7/28/2023,81.09285096318565,
210,9/7/2023,55.14313865518204,
210,10/6/2023,48.65571058,
210,11/7/2023,35.680854423711814,
211,5/6/2017,39.28224744373125,
211,6/5/2017,46.974150392941084,
211,8/2/2017,35.68085442392715,
211,9/27/2017,55.143138654827865,
211,10/14/2017,45.411996539011994,
211,11/27/2017,28.913076313853114,
211,12/23/2017,48.65571057761729,
211,1/6/2018,19.46228423090071,
211,2/10/2018,33.2361131,
211,3/27/2018,38.92456846185526,
211,4/2/2018,51.899424616222575,
211,6/10/2018,47.93406681055887,
211,7/15/2018,49.776570696566566,
211,8/31/2018,39.604134846609576,
211,9/13/2018,78.52870330908819,
211,10/15/2018,55.82270503958219,
211,11/16/2018,47.93406681055887,
211,12/13/2018,16.37951389441177,
211,1/1/2019,29.193426346716574,
211,2/22/2019,6.3815965342302166,
211,4/30/2019,68.11799480851799,
211,5/20/2019,32.43714038464468,
211,6/18/2019,58.38685269343315,
211,7/17/2019,84.33656500154444,
211,8/19/2019,97.31142115523458,
211,9/8/2019,94.06770711662928,
211,10/7/2019,74.60542288572857,
211,11/22/2019,55.143138654827865,
211,12/5/2019,55.14313865477403,
211,1/31/2020,30.755580199968477,
211,2/12/2020,51.89942461554539,
211,3/12/2020,47.61217941,
211,5/23/2020,60.90892296424901,
211,6/17/2020,61.63056673,
211,7/15/2020,78.52870330908819,
211,9/23/2020,78.88638229034083,
211,10/22/2020,51.899424616222575,
211,11/21/2020,71.36170884712328,
211,12/23/2020,64.87428076996655,
211,1/23/2021,28.913076313853114,
211,2/7/2021,51.89942461554539,
211,3/16/2021,47.61217941,
211,4/14/2021,61.988245713237255,
211,5/7/2021,35.68085442392715,
211,5/23/2021,68.11799480851799,
211,6/6/2021,48.65571057761729,
211,8/17/2021,91.18167205933048,
211,9/11/2021,78.64810964,
211,9/30/2021,43.408548950887955,
211,10/11/2021,58.38685269337932,
211,11/11/2021,38.92456846180142,
211,12/9/2021,51.899424616222575,
211,1/12/2022,22.705998269505997,
211,2/11/2022,22.705998269505997,
211,3/5/2022,45.411996539011994,
211,4/26/2022,38.92456846180142,
211,5/17/2022,68.11799480851799,
211,7/15/2022,64.15263700285429,
211,9/5/2022,84.69424398279709,
211,9/16/2022,68.11799480851799,
211,11/18/2022,57.66520892564372,
211,12/17/2022,58.386852692702135,
211,1/25/2023,22.705998269505997,
211,2/9/2023,55.14313865477403,
211,6/18/2023,48.65571057761729,
211,7/28/2023,77.84913692433386,
211,9/7/2023,55.143138654827865,
211,10/6/2023,45.411996539011994,
211,11/7/2023,38.92456846180142,
212,5/6/2017,44.12683963010487,
212,6/5/2017,51.89942461595341,
212,8/2/2017,38.924568462317104,
212,9/27/2017,51.89942461663058,
212,10/14/2017,51.89942461595341,
212,11/27/2017,29.19342634655507,
212,12/23/2017,46.774482394939795,
212,1/6/2018,23.66591468631627,
212,2/10/2018,35.680854423711814,
212,3/27/2018,29.19342634655507,
212,4/2/2018,48.65571058,
212,6/10/2018,48.65571058,
212,7/15/2018,51.89942461663058,
212,8/31/2018,51.89942461595341,
212,9/13/2018,84.33656500105994,
212,10/15/2018,55.14313865518204,
212,11/16/2018,51.89942461657675,
212,12/13/2018,19.462284231470225,
212,1/1/2019,25.949712307949785,
212,2/22/2019,9.731142116,
212,4/30/2019,65.79547289105338,
212,5/20/2019,29.19342634655507,
212,6/18/2019,58.38685269311014,
212,7/17/2019,90.82399307821667,
212,8/19/2019,94.06770711682196,
212,9/8/2019,90.82399307821667,
212,10/7/2019,70.44039708120224,
212,11/22/2019,64.87428077026689,
212,12/5/2019,58.386852693733495,
212,1/31/2020,52.00525615920293,
212,2/12/2020,48.65571058,
212,3/12/2020,48.65571058,
212,5/23/2020,60.709254966117385,
212,6/17/2020,62.55175885244808,
212,7/15/2020,81.09285096250848,
212,9/23/2020,84.33656500105994,
212,10/22/2020,51.89942461595341,
212,11/21/2020,67.19668304265078,
212,12/23/2020,55.14313865518204,
212,1/23/2021,25.949712307949785,
212,2/7/2021,45.41199653947385,
212,3/16/2021,44.93197850860909,
212,4/14/2021,55.14313865518204,
212,5/7/2021,32.43714038516036,
212,5/23/2021,64.87428077094407,
212,6/6/2021,42.168282500191374,
212,8/17/2021,84.33656500111377,
212,9/11/2021,71.36170884742363,
212,9/30/2021,42.16828250086856,
212,10/11/2021,55.14313865455869,
212,11/11/2021,37.043340279854945,
212,12/9/2021,51.89942461595341,
212,1/12/2022,19.462284231470225,
212,2/11/2022,29.19342634655507,
212,3/5/2022,48.65571058,
212,4/26/2022,32.43714038578371,
212,5/17/2022,65.43162775,
212,7/15/2022,68.11799480887217,
212,9/5/2022,82.9739595,
212,9/16/2022,71.36170884742363,
212,11/18/2022,61.63056673233878,
212,12/17/2022,58.38685269378733,
212,1/25/2023,24.068484125541467,
212,2/9/2023,55.14313865518204,
212,6/18/2023,55.14313865450486,
212,7/28/2023,71.36170884742363,
212,9/7/2023,55.14313865455869,
212,10/6/2023,45.41199653879666,
212,11/7/2023,35.680854423711814,
213,5/6/2017,32.43714038464468,
213,6/5/2017,55.14313865420452,
213,8/2/2017,38.92456846190909,
213,9/27/2017,65.15451114555721,
213,10/14/2017,48.65571057767112,
213,11/27/2017,29.19342634677041,
213,12/23/2017,38.280373301158676,
213,1/6/2018,22.70599826955983,
213,2/10/2018,41.48859645821808,
213,3/27/2018,29.193426346716574,
213,4/2/2018,51.89942461565306,
213,6/10/2018,51.89942461565306,
213,7/15/2018,51.89942461565306,
213,8/31/2018,55.143138654881696,
213,9/13/2018,66.07258949533148,
213,10/15/2018,58.38685269343315,
213,11/16/2018,48.65571057704778,
213,12/13/2018,22.705998269505997,
213,1/1/2019,22.503096842896703,
213,2/22/2019,6.487428077210576,
213,4/30/2019,58.28102115023745,
213,5/20/2019,29.19342634609323,
213,6/18/2019,61.63056673141509,
213,7/17/2019,84.33656500029774,
213,8/19/2019,100.55513519327035,
213,9/8/2019,90.82399307750832,
213,10/7/2019,61.630566731468925,
213,11/22/2019,36.87916314923826,
213,12/5/2019,61.630566731468925,
213,1/31/2020,43.36659122644884,
213,2/12/2020,40.12287718784355,
213,3/12/2020,45.41199653911966,
213,5/23/2020,60.986371570718504,
213,6/17/2020,65.59580487964449,
213,7/15/2020,84.336565,
213,9/23/2020,81.09285096236964,
213,10/22/2020,46.57481438345442,
213,11/21/2020,64.87428077002038,
213,12/23/2020,55.14313865425835,
213,1/23/2021,35.680854423303806,
213,2/7/2021,42.16828250051438,
213,3/16/2021,41.48859645821808,
213,4/14/2021,,no intersection
213,5/7/2021,,no intersection
213,5/23/2021,55.86466276450581,
213,6/6/2021,32.43714038532187,
213,8/17/2021,87.58027903890303,
213,9/11/2021,69.79943533602906,
213,9/30/2021,37.320456883379386,
213,10/11/2021,47.97602453537483,
213,11/11/2021,39.44319114554726,
213,12/9/2021,48.65571057767112,
213,1/12/2022,19.462284230954545,
213,2/11/2022,29.19342634677041,
213,3/5/2022,48.65571057704778,
213,4/26/2022,38.92456846185526,
213,5/17/2022,58.38685269,
213,7/15/2022,71.36170884723096,
213,9/5/2022,93.90664375813266,
213,9/16/2022,68.11799480857184,
213,11/18/2022,59.585161418798094,
213,12/17/2022,61.630566731468925,
213,1/25/2023,30.35624419048181,
213,2/9/2023,57.74265753211322,
213,6/18/2023,51.89942461627641,
213,7/28/2023,74.60542288583625,
213,9/7/2023,48.65571057767112,
213,10/6/2023,45.41199653906583,
213,11/7/2023,42.16828250046055,
214,5/6/2017,38.48650814960702,
214,6/5/2017,45.411996539011994,
214,8/2/2017,38.818736919229075,
214,9/27/2017,55.14313865477403,
214,10/14/2017,32.43714038526803,
214,11/27/2017,29.190192924662192,
214,12/23/2017,22.705998269505997,
214,1/6/2018,22.705998269505997,
214,2/10/2018,32.43714038532187,
214,3/27/2018,38.92456846180142,
214,4/2/2018,45.411996539011994,
214,6/10/2018,55.14313865409685,
214,7/15/2018,47.33182937424757,
214,8/31/2018,63.02854346185063,
214,9/13/2018,64.87428076991272,
214,10/15/2018,55.22370102527143,
214,11/16/2018,39.44642457,
214,12/13/2018,19.462284230954545,
214,1/1/2019,23.669148109124336,
214,2/22/2019,9.731142115815864,
214,4/30/2019,43.56625923094992,
214,5/20/2019,32.43714038459085,
214,6/18/2019,51.45489745997323,
214,7/17/2019,70.91718169087395,
214,8/19/2019,79.24711365414605,
214,9/8/2019,76.08719540798488,
214,10/7/2019,51.899424616168744,
214,11/22/2019,32.43714038526803,
214,12/5/2019,50.57877683479957,
214,1/31/2020,32.43714038526803,
214,2/12/2020,34.80150037675294,
214,3/12/2020,42.168282501083894,
214,5/23/2020,58.386852692755966,
214,6/17/2020,51.89942461554539,
214,7/15/2020,63.02854346185063,
214,9/23/2020,72.75968557698931,
214,10/22/2020,48.65571057694011,
214,11/21/2020,61.63056673130742,
214,12/23/2020,48.655710577563454,
214,1/23/2021,25.949712308057453,
214,2/7/2021,45.411996539011994,
214,3/16/2021,34.80150037675294,
214,4/14/2021,41.28892845328633,
214,5/7/2021,35.68085442319614,
214,5/23/2021,49.177566682309646,
214,6/6/2021,38.48004130555208,
214,8/17/2021,68.11799480851799,
214,9/11/2021,68.11799480851799,
214,9/30/2021,51.899424616168744,
214,10/11/2021,35.68085442319614,
214,11/11/2021,25.949712308057453,
214,12/9/2021,30.591403076528767,
214,1/12/2022,16.218570192972606,
214,2/11/2022,29.190192924662192,
214,3/5/2022,42.690138605776255,
214,4/26/2022,30.591403076528767,
214,5/17/2022,55.14313865409685,
214,7/15/2022,55.22046760327088,
214,9/5/2022,81.09285096220813,
214,9/16/2022,64.95484314035627,
214,11/18/2022,58.38685269337932,
214,12/17/2022,51.899424616222575,
214,1/25/2023,25.94647889,
214,2/9/2023,45.411996539011994,
214,6/18/2023,30.591403076528767,
214,7/28/2023,61.18603957505808,
214,9/7/2023,29.19342634666274,
214,10/6/2023,29.19342634666274,
214,11/7/2023,43.13143234002504,
215,5/6/2017,19.462284231470225,
215,6/5/2017,35.680854423711814,
215,8/2/2017,35.680854423711814,
215,9/27/2017,55.14313865450486,
215,10/14/2017,29.95690818833362,
215,11/27/2017,25.949712307949785,
215,12/23/2017,22.70599826939833,
215,1/6/2018,25.94971230800362,
215,2/10/2018,31.554552915070413,
215,3/27/2018,29.19342634655507,
215,4/2/2018,38.92456846226327,
215,6/10/2018,48.65571058,
215,7/15/2018,45.41199653947385,
215,8/31/2018,58.38685269311014,
215,9/13/2018,58.38685269311014,
215,10/15/2018,64.87428077026689,
215,11/16/2018,,no intersection
215,12/13/2018,22.70599826939833,
215,1/1/2019,25.949712307949785,
215,2/22/2019,12.974856154313484,
215,4/30/2019,42.16828250086856,
215,5/20/2019,26.71319414972833,
215,6/18/2019,38.924568462317104,
215,7/17/2019,61.5114611,
215,8/19/2019,74.60542288602892,
215,9/8/2019,68.11799480887217,
215,10/7/2019,48.65571058,
215,11/22/2019,32.43714038510653,
215,12/5/2019,55.14313865523587,
215,1/31/2020,32.43714038510653,
215,2/12/2020,32.43714038510653,
215,3/12/2020,42.16828250086856,
215,5/23/2020,53.49706934336738,
215,6/17/2020,45.734184645841914,
215,7/15/2020,58.38685269311014,
215,9/23/2020,69.40009933215818,
215,10/22/2020,48.65571057807913,
215,11/21/2020,58.26774706474492,
215,12/23/2020,45.41199653947385,
215,1/23/2021,29.19342634655507,
215,2/7/2021,42.16828250086856,
215,3/16/2021,35.680854423711814,
215,4/14/2021,35.680854423711814,
215,5/7/2021,29.95690818833362,
215,5/23/2021,48.65571057807913,
215,6/6/2021,22.70599826939833,
215,8/17/2021,61.63056673171543,
215,9/11/2021,61.63056673171543,
215,9/30/2021,35.680854423711814,
215,10/11/2021,35.680854423711814,
215,11/11/2021,32.43714038510653,
215,12/9/2021,25.94971230800362,
215,1/12/2022,14.179631730825331,
215,2/11/2022,25.949712307949785,
215,3/5/2022,42.16828250086856,
215,4/26/2022,25.94971230800362,
215,5/17/2022,51.89942461663058,
215,7/15/2022,53.622822874596054,
215,9/5/2022,74.04502352230703,
215,9/16/2022,58.38685269311014,
215,11/18/2022,58.38685269311014,
215,12/17/2022,58.38685269311014,
215,1/25/2023,23.66591468631627,
215,2/9/2023,42.490470607236624,
215,6/18/2023,32.43714038516036,
215,7/28/2023,48.65571058,
215,9/7/2023,29.19342634655507,
215,10/6/2023,38.924568462317104,
215,11/7/2023,45.16713737920276,
216,5/6/2017,12.974856153690135,
216,6/5/2017,32.43714038532187,
216,8/2/2017,38.92456846185526,
216,9/27/2017,55.143138654881696,
216,10/14/2017,32.43714038532187,
216,11/27/2017,25.94971230816512,
216,12/23/2017,19.46228423090071,
216,1/6/2018,25.949712308111287,
216,2/10/2018,39.32067105195659,
216,3/27/2018,29.193426346716574,
216,4/2/2018,35.68085442324997,
216,6/10/2018,47.33182937467824,
216,7/15/2018,42.16828250046055,
216,8/31/2018,53.42315486173365,
216,9/13/2018,55.143138654881696,
216,10/15/2018,64.87428077002038,
216,11/16/2018,45.41199653906583,
216,12/13/2018,18.62488790671209,
216,1/1/2019,22.70599826955983,
216,2/22/2019,16.218570192349258,
216,4/30/2019,42.168282499783366,
216,5/20/2019,27.74702505013303,
216,6/18/2019,42.168282499783366,
216,7/17/2019,55.14313865420452,
216,8/19/2019,77.84913692376435,
216,9/8/2019,75.68785939652902,
216,10/7/2019,50.17944082312836,
216,11/22/2019,32.43714038532187,
216,12/5/2019,53.42315486173365,
216,1/31/2020,29.193426346716574,
216,2/12/2020,29.193426346716574,
216,3/12/2020,38.92456846185526,
216,5/23/2020,56.66686889966176,
216,6/17/2020,45.41199653906583,
216,7/15/2020,51.89942461627641,
216,9/23/2020,68.11799480862567,
216,10/22/2020,48.65571057767112,
216,11/21/2020,60.184165435508724,
216,12/23/2020,38.92456846185526,
216,1/23/2021,29.193426346716574,
216,2/7/2021,42.168282499783366,
216,3/16/2021,32.43714038532187,
216,4/14/2021,40.7218812,
216,5/7/2021,27.74702505013303,
216,5/23/2021,50.45302331969287,
216,6/6/2021,32.43714038464468,
216,8/17/2021,58.06807905225935,
216,9/11/2021,55.143138654881696,
216,9/30/2021,25.949712308111287,
216,10/11/2021,32.43714038532187,
216,11/11/2021,26.513526135843076,
216,12/9/2021,12.974856154367318,
216,1/12/2022,12.974856154367318,
216,2/11/2022,26.34581489821262,
216,3/5/2022,38.92456846185526,
216,4/26/2022,32.43714038532187,
216,5/17/2022,53.42315486173365,
216,7/15/2022,55.14313865420452,
216,9/5/2022,68.11799480862567,
216,9/16/2022,61.63056673141509,
216,11/18/2022,55.143138654881696,
216,12/17/2022,64.87428077002038,
216,1/25/2023,23.26981209723779,
216,2/9/2023,45.41199653906583,
216,6/18/2023,32.43714038532187,
216,7/28/2023,55.143138654881696,
216,9/7/2023,35.68085442324997,
216,10/6/2023,32.43714038464468,
216,11/7/2023,38.92456846185526,
217,5/6/2017,16.218570192864938,
217,6/5/2017,32.43714038510653,
217,8/2/2017,42.16828250086856,
217,9/27/2017,58.38685269305631,
217,10/14/2017,35.680854423711814,
217,11/27/2017,33.03291096973258,
217,12/23/2017,25.949712307949785,
217,1/6/2018,19.462284230793042,
217,2/10/2018,25.949712307949785,
217,3/27/2018,29.193426346501237,
217,4/2/2018,35.680854423657976,
217,6/10/2018,38.92456846226327,
217,7/15/2018,48.65571058,
217,8/31/2018,55.14313865445102,
217,9/13/2018,58.38685269305631,
217,10/15/2018,58.98262327768237,
217,11/16/2018,51.89942461589957,
217,12/13/2018,18.425219911379852,
217,1/1/2019,29.193426346501237,
217,2/22/2019,15.18150587,
217,4/30/2019,40.9215492,
217,5/20/2019,32.43714038510653,
217,6/18/2019,40.9215492,
217,7/17/2019,51.89942461657675,
217,8/19/2019,76.60240362,
217,9/8/2019,71.36170885,
217,10/7/2019,51.89942461657675,
217,11/22/2019,35.680854423711814,
217,12/5/2019,42.764053085494616,
217,1/31/2020,23.665914686154768,
217,2/12/2020,29.19342634655507,
217,3/12/2020,32.43714038510653,
217,5/23/2020,58.386852693733495,
217,6/17/2020,48.57856267469136,
217,7/15/2020,48.65571058,
217,9/23/2020,66.87126150638268,
217,10/22/2020,39.443191143609226,
217,11/21/2020,58.38685269305631,
217,12/23/2020,42.16828250086856,
217,1/23/2021,23.665914686154768,
217,2/7/2021,38.92456846226327,
217,3/16/2021,35.680854423711814,
217,4/14/2021,,no intersection
217,5/7/2021,25.949712307949785,
217,5/23/2021,42.16828250086856,
217,6/6/2021,32.43714038510653,
217,8/17/2021,61.11212509359436,
217,9/11/2021,58.38685269305631,
217,9/30/2021,32.43714038510653,
217,10/11/2021,26.313858140080164,
217,11/11/2021,35.680854423711814,
217,12/9/2021,12.974856154313484,
217,1/12/2022,16.218570192918772,
217,2/11/2022,22.70599826939833,
217,3/5/2022,36.276625008337874,
217,4/26/2022,32.43714038510653,
217,5/17/2022,58.386852693733495,
217,7/15/2022,50.652691314194925,
217,9/5/2022,71.36170885,
217,9/16/2022,64.87428077021306,
217,11/18/2022,58.38685269305631,
217,12/17/2022,58.38685269305631,
217,1/25/2023,25.949712307949785,
217,2/9/2023,51.89942461657675,
217,6/18/2023,32.43714038510653,
217,7/28/2023,51.89942461657675,
217,9/7/2023,42.16828250086856,
217,10/6/2023,29.193426346501237,
217,11/7/2023,38.92456846226327,
218,5/6/2017,16.218570192349258,
218,6/5/2017,25.94971230748794,
218,8/2/2017,45.41199653911966,
218,9/27/2017,58.386852692863634,
218,10/14/2017,37.87750317357403,
218,11/27/2017,30.759114318689807,
218,12/23/2017,29.98886494444304,
218,1/6/2018,23.665914687285287,
218,2/10/2018,35.680854423303806,
218,3/27/2018,29.357904166146053,
218,4/2/2018,32.437140384698516,
218,6/10/2018,42.16828250051438,
218,7/15/2018,48.65571057704778,
218,8/31/2018,55.14313865425835,
218,9/13/2018,60.91245708261616,
218,10/15/2018,64.87428076939703,
218,11/16/2018,55.143138654881696,
218,12/13/2018,20.257722828627173,
218,1/1/2019,29.19342634677041,
218,2/22/2019,20.257722828627173,
218,4/30/2019,38.92456846185526,
218,5/20/2019,29.357904166146053,
218,6/18/2019,35.680854423303806,
218,7/17/2019,51.89942461565306,
218,8/19/2019,77.84913692376435,
218,9/8/2019,68.80109531,
218,10/7/2019,51.89942461565306,
218,11/22/2019,35.680854423303806,
218,12/5/2019,45.13518062435419,
218,1/31/2020,32.437140384698516,
218,2/12/2020,25.94971230748794,
218,3/12/2020,32.437140384698516,
218,5/23/2020,58.386852692863634,
218,6/17/2020,55.14313865425835,
218,7/15/2020,51.89942461565306,
218,9/23/2020,72.04480935029859,
218,10/22/2020,45.41199653906583,
218,11/21/2020,58.386852692863634,
218,12/23/2020,32.437140384698516,
218,1/23/2021,38.92456846190909,
218,2/7/2021,38.92456846190909,
218,3/16/2021,35.680854423303806,
218,4/14/2021,35.68085442392715,
218,5/7/2021,35.680854423303806,
218,5/23/2021,48.65571057767112,
218,6/6/2021,38.92456846190909,
218,8/17/2021,51.89942461627641,
218,9/11/2021,57.33978740452857,
218,9/30/2021,38.92456846253244,
218,10/11/2021,32.437140384698516,
218,11/11/2021,34.63378913496874,
218,12/9/2021,18.41521894261948,
218,1/12/2022,12.97485615374397,
218,2/11/2022,16.218570192295424,
218,3/5/2022,45.41199653844249,
218,4/26/2022,35.680854423303806,
218,5/17/2022,56.26753289209046,
218,7/15/2022,51.89942461565306,
218,9/5/2022,68.80109531,
218,9/16/2022,64.87428076939703,
218,11/18/2022,55.143138654881696,
218,12/17/2022,55.14313865425835,
218,1/25/2023,23.501436867232464,
218,2/9/2023,48.65571057704778,
218,6/18/2023,35.680854423303806,
218,7/28/2023,58.386852692863634,
218,9/7/2023,48.65571057704778,
218,10/6/2023,29.19342634677041,
218,11/7/2023,39.08904628190808,
219,5/6/2017,19.462284230954545,
219,6/5/2017,32.40195019879673,
219,8/2/2017,,no intersection
219,9/27/2017,61.63056673141509,
219,10/14/2017,35.680854423303806,
219,11/27/2017,25.81623518029193,
219,12/23/2017,32.43714038532187,
219,1/6/2018,25.949712308111287,
219,2/10/2018,39.47838133207239,
219,3/27/2018,28.346029064389946,
219,4/2/2018,29.193426346716574,
219,6/10/2018,42.16828250046055,
219,7/15/2018,42.16828250046055,
219,8/31/2018,54.295741372555064,
219,9/13/2018,58.38685269,
219,10/15/2018,58.38685269,
219,11/16/2018,48.65571057767112,
219,12/13/2018,25.91452212158616,
219,1/1/2019,32.43714038464468,
219,2/22/2019,25.91452212158616,
219,4/30/2019,32.43714038532187,
219,5/20/2019,28.346029064389946,
219,6/18/2019,38.92456846190909,
219,7/17/2019,51.89942461627641,
219,8/19/2019,71.36170884723096,
219,9/8/2019,71.84514134434399,
219,10/7/2019,52.82415084753057,
219,11/22/2019,38.92456846190909,
219,12/5/2019,42.16828250046055,
219,1/31/2020,32.437140384698516,
219,2/12/2020,19.462284230954545,
219,3/12/2020,38.077171179582464,
219,5/23/2020,68.11799480794848,
219,6/17/2020,55.14313865420452,
219,7/15/2020,47.80831329534449,
219,9/23/2020,71.84514134434399,
219,10/22/2020,48.17922665700487,
219,11/21/2020,61.63056673141509,
219,12/23/2020,35.680854423303806,
219,1/23/2021,35.68085442324997,
219,2/7/2021,38.92456846190909,
219,3/16/2021,29.158236160191446,
219,4/14/2021,33.80316035066331,
219,5/7/2021,31.589743102995236,
219,5/23/2021,48.65571057767112,
219,6/6/2021,35.64566423672484,
219,8/17/2021,55.14313865420452,
219,9/11/2021,51.89942461627641,
219,9/30/2021,38.92456846185526,
219,10/11/2021,29.193426346716574,
219,11/11/2021,29.193426346716574,
219,12/9/2021,10.137245663378023,
219,1/12/2022,16.218570192349258,
219,2/11/2022,13.96996275810222,
219,3/5/2022,42.16828250046055,
219,4/26/2022,32.40195019879673,
219,5/17/2022,55.143138654881696,
219,7/15/2022,51.89942461627641,
219,9/5/2022,71.36170884723096,
219,9/16/2022,61.63056673141509,
219,11/18/2022,58.38685269,
219,12/17/2022,48.65571057767112,
219,1/25/2023,26.063049679911142,
219,2/9/2023,48.65571057767112,
219,6/18/2023,29.193426346716574,
219,7/28/2023,55.14313865420452,
219,9/7/2023,42.16828250046055,
219,10/6/2023,30.55944631205802,
219,11/7/2023,36.23466729,
22,5/6/2017,19.462284231470225,
22,6/5/2017,,no intersection
22,8/2/2017,55.14313865518204,
22,9/27/2017,64.87428077094407,
22,10/14/2017,48.65571058,
22,11/27/2017,43.76792600399092,
22,12/23/2017,,no intersection
22,1/6/2018,35.680854423711814,
22,2/10/2018,42.16828250086856,
22,3/27/2018,29.19342634655507,
22,4/2/2018,38.924568462317104,
22,6/10/2018,19.462284231470225,
22,7/15/2018,38.92456846163992,
22,8/31/2018,38.92456846226327,
22,9/13/2018,38.92456846226327,
22,10/15/2018,45.41199653947385,
22,11/16/2018,39.443191143770726,
22,12/13/2018,29.19342634655507,
22,1/1/2019,32.43714038510653,
22,2/22/2019,42.16828250086856,
22,4/30/2019,38.924568462317104,
22,5/20/2019,29.19342634655507,
22,6/18/2019,48.65571058,
22,7/17/2019,74.60542288602892,
22,8/19/2019,58.38685269378733,
22,9/8/2019,64.87428077089024,
22,10/7/2019,55.14313865518204,
22,11/22/2019,35.680854423711814,
22,12/5/2019,32.43714038510653,
22,1/31/2020,25.949712307949785,
22,2/12/2020,19.462284231470225,
22,3/12/2020,25.949712307949785,
22,5/23/2020,45.41199653947385,
22,6/17/2020,42.16828250086856,
22,7/15/2020,68.11799480949553,
22,9/23/2020,84.33656500173711,
22,10/22/2020,51.89942461657675,
22,11/21/2020,68.11799480881834,
22,12/23/2020,,no intersection
22,1/23/2021,32.33130884253418,
22,2/7/2021,38.924568462317104,
22,3/16/2021,48.41285019419362,
22,4/14/2021,,no intersection
22,5/7/2021,42.16828250086856,
22,5/23/2021,61.387706348507095,
22,6/6/2021,42.16828250086856,
22,8/17/2021,74.3625625,
22,9/11/2021,58.38685269378733,
22,9/30/2021,55.14313865518204,
22,10/11/2021,38.924568462317104,
22,11/11/2021,33.198623450445666,
22,12/9/2021,38.924568462317104,
22,1/12/2022,19.462284231470225,
22,2/11/2022,25.949712307949785,
22,3/5/2022,48.65571058,
22,4/26/2022,39.68605152760241,
22,5/17/2022,64.87428077026689,
22,7/15/2022,55.14313865518204,
22,9/5/2022,68.11799480887217,
22,9/16/2022,,no intersection
22,11/18/2022,45.41199653947385,
22,12/17/2022,45.41199653942001,
22,1/25/2023,35.680854423711814,
22,2/9/2023,,no intersection
22,6/18/2023,45.41199653947385,
22,7/28/2023,58.70704202376982,
22,9/7/2023,55.46332798516453,
22,10/6/2023,45.41199653947385,
22,11/7/2023,35.680854423711814,
220,5/6/2017,15.023795592497265,
220,6/5/2017,38.92456846226327,
220,8/2/2017,51.89942461657675,
220,9/27/2017,55.86819688854258,
220,10/14/2017,28.545697060022526,
220,11/27/2017,29.19342634655507,
220,12/23/2017,38.92456846226327,
220,1/6/2018,29.19342634655507,
220,2/10/2018,45.41199653879666,
220,3/27/2018,30.80107205000556,
220,4/2/2018,28.958568163674855,
220,6/10/2018,38.924568462317104,
220,7/15/2018,35.680854423711814,
220,8/31/2018,55.14313865523587,
220,9/13/2018,57.739123406577605,
220,10/15/2018,61.630566732392616,
220,11/16/2018,51.89942461663058,
220,12/13/2018,19.462284231470225,
220,1/1/2019,32.43714038516036,
220,2/22/2019,25.714854125069564,
220,4/30/2019,42.16828250024521,
220,5/20/2019,28.545697060022526,
220,6/18/2019,35.680854423711814,
220,7/17/2019,48.65571058,
220,8/19/2019,68.11799480881834,
220,9/8/2019,71.36170884742363,
220,10/7/2019,52.624482849991125,
220,11/22/2019,35.033125136502086,
220,12/5/2019,42.16828250086856,
220,1/31/2020,25.714854125069564,
220,2/12/2020,25.94971231,
220,3/12/2020,35.033125136502086,
220,5/23/2020,58.38685269378733,
220,6/17/2020,55.14313865518204,
220,7/15/2020,58.38685269378733,
220,9/23/2020,77.84913692458036,
220,10/22/2020,48.65571058,
220,11/21/2020,63.109105830086996,
220,12/23/2020,32.43714038516036,
220,1/23/2021,32.43714038510653,
220,2/7/2021,38.92456846226327,
220,3/16/2021,25.949712307949785,
220,4/14/2021,33.60349235387754,
220,5/7/2021,31.55455291501658,
220,5/23/2021,44.76426725221028,
220,6/6/2021,42.16828250024521,
220,8/17/2021,58.38685269378733,
220,9/11/2021,55.14313865523587,
220,9/30/2021,45.41199653947385,
220,10/11/2021,25.94971231,
220,11/11/2021,35.680854423711814,
220,12/9/2021,13.181291706166563,
220,1/12/2022,16.218570192864938,
220,2/11/2022,17.82621589631542,
220,3/5/2022,51.89942461663058,
220,4/26/2022,38.92456846226327,
220,5/17/2022,59.11191092714786,
220,7/15/2022,55.14313865518204,
220,9/5/2022,70.71397956,
220,9/16/2022,64.87428077026689,
220,11/18/2022,58.38685269378733,
220,12/17/2022,51.89942461663058,
220,1/25/2023,22.70599827007551,
220,2/9/2023,42.16828250086856,
220,6/18/2023,32.43714038510653,
220,7/28/2023,55.14313865518204,
220,9/7/2023,35.680854423711814,
220,10/6/2023,25.94971230800362,
220,11/7/2023,29.19342634655507,
221,5/6/2017,16.218570192349258,
221,6/5/2017,38.92456846185526,
221,8/2/2017,48.65571057761729,
221,9/27/2017,55.14313865415068,
221,10/14/2017,31.98907911105104,
221,11/27/2017,35.68085442324997,
221,12/23/2017,42.16828250040671,
221,1/6/2018,29.193426346716574,
221,2/10/2018,41.27892749256428,
221,3/27/2018,19.01422295730707,
221,4/2/2018,28.745365072445754,
221,6/10/2018,38.92456846185526,
221,7/15/2018,38.476507188261614,
221,8/31/2018,45.411996539011994,
221,9/13/2018,51.45136334195175,
221,10/15/2018,58.386852692755966,
221,11/16/2018,45.411996539011994,
221,12/13/2018,19.462284231577893,
221,1/1/2019,33.83158299778975,
221,2/22/2019,22.705998269505997,
221,4/30/2019,35.68085442324997,
221,5/20/2019,29.193426346039395,
221,6/18/2019,48.65571057761729,
221,7/17/2019,48.65571057761729,
221,8/19/2019,68.11799480851799,
221,9/8/2019,71.36170884712328,
221,10/7/2019,54.69507738055704,
221,11/22/2019,38.476507188261614,
221,12/5/2019,38.924568462478604,
221,1/31/2020,28.758900151135453,
221,2/12/2020,22.705998269505997,
221,3/12/2020,38.92456846185526,
221,5/23/2020,58.386852692755966,
221,6/17/2020,58.386852692755966,
221,7/15/2020,58.386852692755966,
221,9/23/2020,79.33444356,
221,10/22/2020,48.65571057761729,
221,11/21/2020,63.55716710588784,
221,12/23/2020,32.43714038464468,
221,1/23/2021,38.92456846185526,
221,2/7/2021,32.43714038464468,
221,3/16/2021,29.193426346039395,
221,4/14/2021,35.68085442324997,
221,5/7/2021,38.476507188261614,
221,5/23/2021,41.720221226866904,
221,6/6/2021,31.98907911105104,
221,8/17/2021,58.386852692755966,
221,9/11/2021,58.386852692755966,
221,9/30/2021,48.65571057761729,
221,10/11/2021,29.193426346039395,
221,11/11/2021,35.68085442324997,
221,12/9/2021,16.218570192295424,
221,1/12/2022,12.974856154367318,
221,2/11/2022,19.46228423090071,
221,3/5/2022,44.53617660923592,
221,4/26/2022,35.68085442324997,
221,5/17/2022,55.14313865415068,
221,7/15/2022,48.65571057761729,
221,9/5/2022,67.66993353492435,
221,9/16/2022,61.630566731361256,
221,11/18/2022,58.386852692755966,
221,12/17/2022,51.89942461554539,
221,1/25/2023,32.43714038464468,
221,2/9/2023,41.292462571307816,
221,6/18/2023,29.193426346039395,
221,7/28/2023,45.411996539011994,
221,9/7/2023,41.292462571307816,
221,10/6/2023,32.43714038532187,
221,11/7/2023,30.146575224935674,
222,5/6/2017,9.731142115084848,
222,6/5/2017,42.16828250086856,
222,8/2/2017,51.89942461595341,
222,9/27/2017,58.71257491623034,
222,10/14/2017,42.16828250086856,
222,11/27/2017,32.437140385837544,
222,12/23/2017,42.168282500191374,
222,1/6/2018,35.43246114736578,
222,2/10/2018,29.19342634655507,
222,3/27/2018,15.970176915895557,
222,4/2/2018,25.94971230800362,
222,6/10/2018,35.680854423711814,
222,7/15/2018,38.92456846226327,
222,8/31/2018,48.65571057734812,
222,9/13/2018,58.38685269311014,
222,10/15/2018,55.14313865450486,
222,11/16/2018,42.168282500191374,
222,12/13/2018,22.70599826939833,
222,1/1/2019,29.193426347232254,
222,2/22/2019,25.949712307949785,
222,4/30/2019,32.43714038510653,
222,5/20/2019,32.43714038510653,
222,6/18/2019,55.14313865450486,
222,7/17/2019,55.14313865450486,
222,8/19/2019,63.35749910648686,
222,9/8/2019,74.48985137379246,
222,10/7/2019,55.14313865455869,
222,11/22/2019,42.16828250086856,
222,12/5/2019,45.16360326245063,
222,1/31/2020,25.949712307949785,
222,2/12/2020,16.218570192918772,
222,3/12/2020,38.92456846226327,
222,5/23/2020,58.38685269311014,
222,6/17/2020,58.38685269311014,
222,7/15/2020,63.35749910648686,
222,9/23/2020,87.58027903966521,
222,10/22/2020,55.14313865450486,
222,11/21/2020,64.87428077026689,
222,12/23/2020,29.19342634655507,
222,1/23/2021,35.680854423711814,
222,2/7/2021,29.19342634655507,
222,3/16/2021,28.55923215281116,
222,4/14/2021,38.67617518597107,
222,5/7/2021,42.16828250086856,
222,5/23/2021,42.935298458722045,
222,6/6/2021,35.680854423711814,
222,8/17/2021,58.38685269311014,
222,9/11/2021,58.38685269311014,
222,9/30/2021,54.89474537821266,
222,10/11/2021,28.55923215281116,
222,11/11/2021,35.680854423711814,
222,12/9/2021,19.213890954500844,
222,1/12/2022,12.78195569530287,
222,2/11/2022,16.218570192918772,
222,3/5/2022,42.168282500191374,
222,4/26/2022,35.680854423711814,
222,5/17/2022,58.38685269311014,
222,7/15/2022,55.14313865450486,
222,9/5/2022,71.36170884742363,
222,9/16/2022,61.630566731661595,
222,11/18/2022,58.38685269311014,
222,12/17/2022,54.89474537821266,
222,1/25/2023,25.94971231,
222,2/9/2023,39.443191143824556,
222,6/18/2023,29.19342634655507,
222,7/28/2023,42.168282500191374,
222,9/7/2023,32.43714038510653,
222,10/6/2023,25.949712308626967,
222,11/7/2023,31.554552915070413,
223,5/6/2017,16.218570192295424,
223,6/5/2017,42.16828250046055,
223,8/2/2017,58.38685269,
223,9/27/2017,61.63056673141509,
223,10/14/2017,35.680854423303806,
223,11/27/2017,32.43714039,
223,12/23/2017,42.16828250051438,
223,1/6/2018,32.437140384698516,
223,2/10/2018,30.545911234745347,
223,3/27/2018,19.46228423090071,
223,4/2/2018,22.70599826955983,
223,6/10/2018,29.19342634609323,
223,7/15/2018,35.680854423303806,
223,8/31/2018,51.89942461565306,
223,9/13/2018,55.14313865425835,
223,10/15/2018,58.38685269,
223,11/16/2018,38.92456846190909,
223,12/13/2018,25.94971230748794,
223,1/1/2019,27.74349093028118,
223,2/22/2019,22.705998268882652,
223,4/30/2019,32.43714038464468,
223,5/20/2019,29.19342634609323,
223,6/18/2019,45.41199653911966,
223,7/17/2019,61.63056673141509,
223,8/19/2019,68.11799480800232,
223,9/8/2019,71.36170884717713,
223,10/7/2019,51.85069935170759,
223,11/22/2019,38.92456846190909,
223,12/5/2019,38.92456846258627,
223,1/31/2020,28.359564141756458,
223,2/12/2020,16.218570192349258,
223,3/12/2020,35.680854423303806,
223,5/23/2020,61.63056673141509,
223,6/17/2020,58.38685269,
223,7/15/2020,71.36170884660761,
223,9/23/2020,81.09285096231581,
223,10/22/2020,58.38685269,
223,11/21/2020,61.63056673141509,
223,12/23/2020,28.359564141756458,
223,1/23/2021,38.92456846190909,
223,2/7/2021,35.680854423303806,
223,3/16/2021,25.94971230748794,
223,4/14/2021,32.437140384698516,
223,5/7/2021,32.437140384698516,
223,5/23/2021,35.680854423303806,
223,6/6/2021,32.437140384698516,
223,8/17/2021,55.220467603755395,
223,9/11/2021,64.87428077002038,
223,9/30/2021,48.65571057704778,
223,10/11/2021,35.680854423303806,
223,11/11/2021,32.437140384698516,
223,12/9/2021,23.714639951284592,
223,1/12/2022,16.218570192349258,
223,2/11/2022,22.705998268882652,
223,3/5/2022,44.13684059996459,
223,4/26/2022,32.437140384698516,
223,5/17/2022,61.63056673141509,
223,7/15/2022,51.89942461565306,
223,9/5/2022,68.11799480800232,
223,9/16/2022,55.14313865425835,
223,11/18/2022,55.09441339031288,
223,12/17/2022,52.02547882909558,
223,1/25/2023,28.359564141756458,
223,2/9/2023,38.92456846190909,
223,6/18/2023,29.19342634609323,
223,7/28/2023,45.41199653911966,
223,9/7/2023,29.19342634677041,
223,10/6/2023,22.70599826955983,
223,11/7/2023,30.545911234745347,
224,5/6/2017,24.25815116203585,
224,6/5/2017,38.92456846185526,
224,8/2/2017,59.93900558523199,
224,9/27/2017,61.63056673130742,
224,10/14/2017,42.16828250046055,
224,11/27/2017,38.92456846185526,
224,12/23/2017,45.411996539011994,
224,1/6/2018,35.68085442324997,
224,2/10/2018,22.705998269505997,
224,3/27/2018,17.770723084825274,
224,4/2/2018,12.97485615374397,
224,6/10/2018,25.949712307434105,
224,7/15/2018,35.68085442324997,
224,8/31/2018,51.89942461554539,
224,9/13/2018,51.89942461554539,
224,10/15/2018,58.386852692755966,
224,11/16/2018,39.075511202518534,
224,12/13/2018,23.665914687123784,
224,1/1/2019,35.68085442324997,
224,2/22/2019,26.10065504809738,
224,4/30/2019,29.193426346039395,
224,5/20/2019,26.758685985065796,
224,6/18/2019,42.16828250046055,
224,7/17/2019,55.14313865415068,
224,8/19/2019,74.60542288567474,
224,9/8/2019,71.36170884712328,
224,10/7/2019,51.89942461554539,
224,11/22/2019,42.16828250046055,
224,12/5/2019,42.16828250046055,
224,1/31/2020,26.10065504809738,
224,2/12/2020,19.46228423090071,
224,3/12/2020,42.16828250040671,
224,5/23/2020,55.14313865415068,
224,6/17/2020,58.386852692755966,
224,7/15/2020,68.11799480857184,
224,9/23/2020,74.60542288510523,
224,10/22/2020,58.31323890115907,
224,11/21/2020,68.11799480851799,
224,12/23/2020,31.403610175483827,
224,1/23/2021,39.075511202518534,
224,2/7/2021,29.193426346039395,
224,3/16/2021,26.10065504809738,
224,4/14/2021,32.43714038464468,
224,5/7/2021,35.68085442324997,
224,5/23/2021,45.411996539011994,
224,6/6/2021,32.58808312530795,
224,8/17/2021,55.06952486255378,
224,9/11/2021,58.386852692755966,
224,9/30/2021,39.44319114517042,
224,10/11/2021,31.403610175483827,
224,11/11/2021,32.43714038464468,
224,12/9/2021,29.193426346039395,
224,1/12/2022,19.613226971563986,
224,2/11/2022,25.949712307434105,
224,3/5/2022,45.56293927967528,
224,4/26/2022,32.43714038459085,
224,5/17/2022,58.386852692755966,
224,7/15/2022,55.14313865415068,
224,9/5/2022,68.11799480851799,
224,9/16/2022,61.78150947202453,
224,11/18/2022,52.05036735620867,
224,12/17/2022,58.386852692755966,
224,1/25/2023,17.027543869927115,
224,2/9/2023,39.29224840450714,
224,6/18/2023,26.758685985065796,
224,7/28/2023,50.424600672135746,
224,9/7/2023,31.186872973495216,
224,10/6/2023,24.91618209895043,
224,11/7/2023,32.43714038526803,
225,5/6/2017,22.70599826939833,
225,6/5/2017,42.16828250086856,
225,8/2/2017,67.84471301757395,
225,9/27/2017,61.35728494,
225,10/14/2017,42.33629444435746,
225,11/27/2017,36.031465161784205,
225,12/23/2017,48.65571057734812,
225,1/6/2018,32.43714038510653,
225,2/10/2018,25.94971230800362,
225,3/27/2018,12.974856153636301,
225,4/2/2018,9.731142115084848,
225,6/10/2018,26.30032304602217,
225,7/15/2018,32.43714038516036,
225,8/31/2018,58.38685269311014,
225,9/13/2018,58.38685269311014,
225,10/15/2018,55.14313865450486,
225,11/16/2018,36.031465161784205,
225,12/13/2018,29.54403708462746,
225,1/1/2019,29.19342634717842,
225,2/22/2019,22.705998270021677,
225,4/30/2019,29.19342634655507,
225,5/20/2019,32.43714038510653,
225,6/18/2019,38.924568462317104,
225,7/17/2019,55.14313865455869,
225,8/19/2019,68.11799480887217,
225,9/8/2019,74.60542288602892,
225,10/7/2019,46.98121863450632,
225,11/22/2019,38.924568462317104,
225,12/5/2019,45.41199653879666,
225,1/31/2020,25.949712307949785,
225,2/12/2020,12.974856154313484,
225,3/12/2020,45.41199653947385,
225,5/23/2020,58.38685269311014,
225,6/17/2020,58.38685269311014,
225,7/15/2020,74.60542288602892,
225,9/23/2020,68.11799480887217,
225,10/22/2020,58.11357090186575,
225,11/21/2020,61.63056673171543,
225,12/23/2020,32.43714038510653,
225,1/23/2021,38.92456846163992,
225,2/7/2021,35.680854423711814,
225,3/16/2021,25.949712307949785,
225,4/14/2021,29.19342634717842,
225,5/7/2021,32.43714038516036,
225,5/23/2021,38.924568462317104,
225,6/6/2021,42.16828250086856,
225,8/17/2021,55.14313865450486,
225,9/11/2021,58.38685269311014,
225,9/30/2021,35.680854423711814,
225,10/11/2021,32.43714038510653,
225,11/11/2021,32.43714038510653,
225,12/9/2021,35.680854423711814,
225,1/12/2022,16.569180930313976,
225,2/11/2022,25.949712308626967,
225,3/5/2022,42.168282500191374,
225,4/26/2022,29.19342634655507,
225,5/17/2022,66.62610165993668,
225,7/15/2022,51.89942461595341,
225,9/5/2022,64.87428077026689,
225,9/16/2022,58.38685269311014,
225,11/18/2022,48.65571057734812,
225,12/17/2022,58.386852693733495,
225,1/25/2023,25.949712307949785,
225,2/9/2023,32.43714038578371,
225,6/18/2023,32.43714038516036,
225,7/28/2023,50.22493267,
225,9/7/2023,31.554552915070413,
225,10/6/2023,22.70599827007551,
225,11/7/2023,32.43714038516036,
226,5/6/2017,21.714425782599722,
226,6/5/2017,42.16828250046055,
226,8/2/2017,58.38685269,
226,9/27/2017,58.38685269,
226,10/14/2017,38.92456846185526,
226,11/27/2017,35.680854423303806,
226,12/23/2017,49.20598932981294,
226,1/6/2018,32.437140384698516,
226,2/10/2018,22.705998269505997,
226,3/27/2018,7.888638229130985,
226,4/2/2018,,no intersection
226,6/10/2018,29.193426346039395,
226,7/15/2018,32.43714038464468,
226,8/31/2018,52.44970336841822,
226,9/13/2018,52.44970336841822,
226,10/15/2018,49.20598932981294,
226,11/16/2018,32.43714038532187,
226,12/13/2018,25.94971230748794,
226,1/1/2019,32.987419137463675,
226,2/22/2019,20.012562983719704,
226,4/30/2019,32.43714038464468,
226,5/20/2019,35.68085442324997,
226,6/18/2019,32.43714038464468,
226,7/17/2019,57.09462755894392,
226,8/19/2019,71.36170884655378,
226,9/8/2019,64.87428077002038,
226,10/7/2019,47.33182937467824,
226,11/22/2019,34.24798820220256,
226,12/5/2019,38.92456846190909,
226,1/31/2020,23.115635934573962,
226,2/12/2020,16.218570192972606,
226,3/12/2020,34.24798820220256,
226,5/23/2020,51.89942461559923,
226,6/17/2020,58.38685269,
226,7/15/2020,77.84913692376435,
226,9/23/2020,68.11799480794848,
226,10/22/2020,42.16828250046055,
226,11/21/2020,58.38685269,
226,12/23/2020,32.437140384698516,
226,1/23/2021,42.1682825,
226,2/7/2021,29.603064011730705,
226,3/16/2021,16.218570192972606,
226,4/14/2021,27.760560125669173,
226,5/7/2021,26.359349973125415,
226,5/23/2021,42.16828250046055,
226,6/6/2021,32.43714038464468,
226,8/17/2021,48.65571057704778,
226,9/11/2021,61.630566731468925,
226,9/30/2021,31.004274163651115,
226,10/11/2021,29.19342634609323,
226,11/11/2021,29.19342634609323,
226,12/9/2021,45.380340469938844,
226,1/12/2022,19.462284230954545,
226,2/11/2022,22.705998269505997,
226,3/5/2022,42.1682825,
226,4/26/2022,32.43714038464468,
226,5/17/2022,61.63056673141509,
226,7/15/2022,51.89942461559923,
226,9/5/2022,61.630566731468925,
226,9/16/2022,55.69341740702351,
226,11/18/2022,48.65571057704778,
226,12/17/2022,59.315113042139274,
226,1/25/2023,25.94971230748794,
226,2/9/2023,32.43714038532187,
226,6/18/2023,32.43714038464468,
226,7/28/2023,42.16828250046055,
226,9/7/2023,29.19342634609323,
226,10/6/2023,21.855066869727402,
226,11/7/2023,29.193426346716574,
227,5/6/2017,29.193426346501237,
227,6/5/2017,38.92456846226327,
227,8/2/2017,63.10910582976399,
227,9/27/2017,58.38685269305631,
227,10/14/2017,32.43714038578371,
227,11/27/2017,41.936958435332635,
227,12/23/2017,51.89942461589957,
227,1/6/2018,35.68085442,
227,2/10/2018,22.70599827007551,
227,3/27/2018,6.487428076,
227,4/2/2018,0,
227,6/10/2018,19.462284231470225,
227,7/15/2018,32.43714038578371,
227,8/31/2018,49.82559666408678,
227,9/13/2018,53.06931070196106,
227,10/15/2018,48.65571058,
227,11/16/2018,27.560892129475587,
227,12/13/2018,29.193426347232254,
227,1/1/2019,34.048320206632326,
227,2/22/2019,25.949712308626967,
227,4/30/2019,32.43714038510653,
227,5/20/2019,32.43714038510653,
227,6/18/2019,41.07572536136589,
227,7/17/2019,58.38685269305631,
227,8/19/2019,71.36170884804697,
227,9/8/2019,71.36170885,
227,10/7/2019,45.41199653874283,
227,11/22/2019,35.68085442,
227,12/5/2019,42.16828250086856,
227,1/31/2020,26.69965905550884,
227,2/12/2020,22.705998270021677,
227,3/12/2020,34.048320206632326,
227,5/23/2020,58.38685269305631,
227,6/17/2020,55.14313865518204,
227,7/15/2020,74.60542288665226,
227,9/23/2020,74.60542288665226,
227,10/22/2020,35.68085442,
227,11/21/2020,61.63056673233878,
227,12/23/2020,35.68085442,
227,1/23/2021,42.16828250086856,
227,2/7/2021,26.69965905550884,
227,3/16/2021,25.949712308626967,
227,4/14/2021,25.949712308626967,
227,5/7/2021,25.949712308626967,
227,5/23/2021,35.68085442,
227,6/6/2021,29.19342634655507,
227,8/17/2021,55.14313865518204,
227,9/11/2021,61.63056673233878,
227,9/30/2021,39.67451520914514,
227,10/11/2021,29.94337309406029,
227,11/11/2021,29.193426347232254,
227,12/9/2021,45.41199653874283,
227,1/12/2022,22.70599827007551,
227,2/11/2022,25.949712308626967,
227,3/5/2022,42.16828250086856,
227,4/26/2022,29.193426347232254,
227,5/17/2022,64.87428077021306,
227,7/15/2022,55.14313865518204,
227,9/5/2022,71.36170885,
227,9/16/2022,51.89942461657675,
227,11/18/2022,55.14313865518204,
227,12/17/2022,64.87428077089024,
227,1/25/2023,19.462284231470225,
227,2/9/2023,25.949712308626967,
227,6/18/2023,34.048320206632326,
227,7/28/2023,45.41199653942001,
227,9/7/2023,28.962102281019156,
227,10/6/2023,25.949712308626967,
227,11/7/2023,32.43714038510653,
228,5/6/2017,19.462284230954545,
228,6/5/2017,35.68085442324997,
228,8/2/2017,60.75828092052185,
228,9/27/2017,58.38685269,
228,10/14/2017,32.437140384698516,
228,11/27/2017,35.680854423303806,
228,12/23/2017,45.41199653911966,
228,1/6/2018,32.437140384698516,
228,2/10/2018,22.70599826955983,
228,3/27/2018,,no intersection
228,4/2/2018,0.10583154292652508,
228,6/10/2018,19.462284230954545,
228,7/15/2018,30.143041106483516,
228,8/31/2018,46.36161129950996,
228,9/13/2018,46.36161129950996,
228,10/15/2018,45.41199653911966,
228,11/16/2018,29.19342634609323,
228,12/13/2018,25.94971230748794,
228,1/1/2019,35.680854423303806,
228,2/22/2019,22.70599826955983,
228,4/30/2019,22.705998269505997,
228,5/20/2019,29.193426346716574,
228,6/18/2019,37.09236623318272,
228,7/17/2019,60.75828092052185,
228,8/19/2019,71.36170884660761,
228,9/8/2019,71.36170884717713,
228,10/7/2019,38.92456846190909,
228,11/22/2019,38.92456846190909,
228,12/5/2019,42.16828250051438,
228,1/31/2020,25.94971230816512,
228,2/12/2020,19.462284230954545,
228,3/12/2020,42.16828250046055,
228,5/23/2020,58.38685269,
228,6/17/2020,58.38685269,
228,7/15/2020,71.36170884660761,
228,9/23/2020,84.42419560786097,
228,10/22/2020,45.41199653911966,
228,11/21/2020,64.87428077007422,
228,12/23/2020,38.92456846190909,
228,1/23/2021,42.16828250051438,
228,2/7/2021,35.68085442392715,
228,3/16/2021,22.70599826955983,
228,4/14/2021,22.71629993,
228,5/7/2021,21.315089774974588,
228,5/23/2021,32.437140384698516,
228,6/6/2021,22.70599826955983,
228,8/17/2021,47.331829374624405,
228,9/11/2021,58.386852692863634,
228,9/30/2021,36.630469183694096,
228,10/11/2021,30.143041106483516,
228,11/11/2021,23.65561302995012,
228,12/9/2021,48.65571057772496,
228,1/12/2022,19.462284230954545,
228,2/11/2022,19.47258588828971,
228,3/5/2022,51.89942461627641,
228,4/26/2022,29.19342634609323,
228,5/17/2022,61.63056673141509,
228,7/15/2022,48.65571057772496,
228,9/5/2022,61.630566731468925,
228,9/16/2022,52.84903937604335,
228,11/18/2022,52.84903937604335,
228,12/17/2022,58.386852692863634,
228,1/25/2023,19.462284230954545,
228,2/9/2023,25.94971230748794,
228,6/18/2023,32.437140384698516,
228,7/28/2023,38.92456846190909,
228,9/7/2023,38.92456846190909,
228,10/6/2023,29.19342634609323,
228,11/7/2023,35.68085442392715,
229,5/6/2017,22.705998268882652,
229,6/5/2017,35.68085442324997,
229,8/2/2017,58.38685269,
229,9/27/2017,51.89942461559923,
229,10/14/2017,27.098995074510015,
229,11/27/2017,35.623794608366254,
229,12/23/2017,48.65571057767112,
229,1/6/2018,30.405270150071377,
229,2/10/2018,22.705998268882652,
229,3/27/2018,,no intersection
229,4/2/2018,,no intersection
229,6/10/2018,3.243714038605288,
229,7/15/2018,22.705998268882652,
229,8/31/2018,48.65571057699394,
229,9/13/2018,39.44319114554726,
229,10/15/2018,46.56127930546456,
229,11/16/2018,25.949712308111287,
229,12/13/2018,20.611566997353272,
229,1/1/2019,35.68085442392715,
229,2/22/2019,19.462284230954545,
229,4/30/2019,22.705998269505997,
229,5/20/2019,31.554552916416274,
229,6/18/2019,34.98763330358717,
229,7/17/2019,61.63056673141509,
229,8/19/2019,65.20353710441576,
229,9/8/2019,71.36170884655378,
229,10/7/2019,55.14313865420452,
229,11/22/2019,35.68085442324997,
229,12/5/2019,42.16828250046055,
229,1/31/2020,29.193426346039395,
229,2/12/2020,20.611566997353272,
229,3/12/2020,42.16828250046055,
229,5/23/2020,55.14313865420452,
229,6/17/2020,55.220467603755395,
229,7/15/2020,71.36170884655378,
229,9/23/2020,90.82399307750832,
229,10/22/2020,42.168282499783366,
229,11/21/2020,56.29242142128042,
229,12/23/2020,38.293908379148526,
229,1/23/2021,44.781336455681924,
229,2/7/2021,25.949712308111287,
229,3/16/2021,19.272917882335104,
229,4/14/2021,25.949712308111287,
229,5/7/2021,22.705998268882652,
229,5/23/2021,33.64898418799949,
229,6/6/2021,25.94971230748794,
229,8/17/2021,54.07118483735667,
229,9/11/2021,55.143138654881696,
229,9/30/2021,22.705998269505997,
229,10/11/2021,25.949712308111287,
229,11/11/2021,19.462284230954545,
229,12/9/2021,42.938832569674226,
229,1/12/2022,17.367852959371334,
229,2/11/2022,16.218570192349258,
229,3/5/2022,51.89942461559923,
229,4/26/2022,32.43714038464468,
229,5/17/2022,57.69363157,
229,7/15/2022,52.59501266453104,
229,9/5/2022,,no intersection
229,9/16/2022,,no intersection
229,11/18/2022,53.04870738267514,
229,12/17/2022,61.63056673141509,
229,1/25/2023,22.705998269505997,
229,2/9/2023,16.218570192349258,
229,6/18/2023,38.92456846185526,
229,7/28/2023,41.47506138079774,
229,9/7/2023,35.05019434054324,
229,10/6/2023,29.193426346039395,
229,11/7/2023,32.437140384698516,
23,5/6/2017,16.175377819410777,
23,6/5/2017,,no intersection
23,8/2/2017,51.89942461554539,
23,9/27/2017,58.343660319871326,
23,10/14/2017,44.131307708473095,
23,11/27/2017,42.168282501083894,
23,12/23/2017,,no intersection
23,1/6/2018,27.74902382128817,
23,2/10/2018,38.92456846180142,
23,3/27/2018,34.84145932763703,
23,4/2/2018,42.125090127522064,
23,6/10/2018,22.705998269505997,
23,7/15/2018,33.44024917582429,
23,8/31/2018,38.881376088916774,
23,9/13/2018,35.68085442319614,
23,10/15/2018,38.924568462478604,
23,11/16/2018,34.23645189849874,
23,12/13/2018,29.193426346039395,
23,1/1/2019,30.99273785989346,
23,2/22/2019,32.43714038526803,
23,4/30/2019,32.43714038459085,
23,5/20/2019,31.703576832765787,
23,6/18/2019,42.125090127522064,
23,7/17/2019,71.31851647356146,
23,8/19/2019,61.58737435842278,
23,9/8/2019,64.83108839702805,
23,10/7/2019,51.89942461554539,
23,11/22/2019,32.43714038459085,
23,12/5/2019,35.68085442319614,
23,1/31/2020,25.949712307434105,
23,2/12/2020,19.46228423090071,
23,3/12/2020,25.949712307434105,
23,5/23/2020,42.16828250040671,
23,6/17/2020,35.63766205031149,
23,7/15/2020,55.26365997615554,
23,9/23/2020,81.09285096226198,
23,10/22/2020,29.150233973154744,
23,11/21/2020,68.11799480784082,
23,12/23/2020,,no intersection
23,1/23/2021,35.68085442319614,
23,2/7/2021,35.68085442319614,
23,3/16/2021,45.411996539011994,
23,4/14/2021,38.92456846180142,
23,5/7/2021,35.68085442319614,
23,5/23/2021,55.14313865415068,
23,6/6/2021,35.68085442319614,
23,8/17/2021,71.36170885,
23,9/11/2021,55.14313865415068,
23,9/30/2021,51.89942461554539,
23,10/11/2021,35.63766205031149,
23,11/11/2021,32.43714038459085,
23,12/9/2021,38.881376088916774,
23,1/12/2022,20.465393021403145,
23,2/11/2022,28.35403125042646,
23,3/5/2022,45.411996539011994,
23,4/26/2022,42.16828250040671,
23,5/17/2022,66.23229854889463,
23,7/15/2022,48.65571057761729,
23,9/5/2022,71.04093643420217,
23,9/16/2022,,no intersection
23,11/18/2022,48.61251820473264,
23,12/17/2022,45.411996539011994,
23,1/25/2023,31.55455292,
23,2/9/2023,,no intersection
23,6/18/2023,51.856232242660745,
23,7/28/2023,55.14313865415068,
23,9/7/2023,58.386852692755966,
23,10/6/2023,35.68085442319614,
23,11/7/2023,35.63766205031149,
230,5/6/2017,22.705998270021677,
230,6/5/2017,32.43714038578371,
230,8/2/2017,47.331829372309535,
230,9/27/2017,51.89942461657675,
230,10/14/2017,33.44931619221391,
230,11/27/2017,25.949712308626967,
230,12/23/2017,45.41199653942001,
230,1/6/2018,35.680854423711814,
230,2/10/2018,28.80439200206505,
230,3/27/2018,,no intersection
230,4/2/2018,,no intersection
230,6/10/2018,0,
230,7/15/2018,18.968731105708798,
230,8/31/2018,45.41199653942001,
230,9/13/2018,40.27351922350973,
230,10/15/2018,46.760947300666466,
230,11/16/2018,30.205602153662454,
230,12/13/2018,24.05494903132197,
230,1/1/2019,38.92456846226327,
230,2/22/2019,22.70599827007551,
230,4/30/2019,20.915753773364738,
230,5/20/2019,25.45615918286554,
230,6/18/2019,35.68085442,
230,7/17/2019,55.14313865518204,
230,8/19/2019,68.11799481,
230,9/8/2019,68.24758314567427,
230,10/7/2019,48.65571057797146,
230,11/22/2019,32.43714038578371,
230,12/5/2019,38.09424038236276,
230,1/31/2020,27.298663069873424,
230,2/12/2020,22.70599827007551,
230,3/12/2020,42.16828250086856,
230,5/23/2020,51.89942461657675,
230,6/17/2020,48.65571058,
230,7/15/2020,61.63056673228495,
230,9/23/2020,90.82399307884002,
230,10/22/2020,32.43714038578371,
230,11/21/2020,58.386852693733495,
230,12/23/2020,41.337954420914215,
230,1/23/2021,38.92456846226327,
230,2/7/2021,24.15946781123901,
230,3/16/2021,16.218570192918772,
230,4/14/2021,25.949712308626967,
230,5/7/2021,28.699873221416993,
230,5/23/2021,32.43714038578371,
230,6/6/2021,32.43714038510653,
230,8/17/2021,51.89942461657675,
230,9/11/2021,50.627802801211935,
230,9/30/2021,25.949712308626967,
230,10/11/2021,30.542377108478714,
230,11/11/2021,23.665914686154768,
230,12/9/2021,42.73916457245779,
230,1/12/2022,16.218570192918772,
230,2/11/2022,19.07324988630302,
230,3/5/2022,55.14313865518204,
230,4/26/2022,18.968731105708798,
230,5/17/2022,48.65571057797146,
230,7/15/2022,43.51723326211501,
230,9/5/2022,55.14313865518204,
230,9/16/2022,45.41199653942001,
230,11/18/2022,53.24837537782321,
230,12/17/2022,61.63056673233878,
230,1/25/2023,22.705998270021677,
230,2/9/2023,16.218570192918772,
230,6/18/2023,36.69303023,
230,7/28/2023,48.16215745221004,
230,9/7/2023,38.92456846226327,
230,10/6/2023,25.949712308626967,
230,11/7/2023,31.94358726002228,
231,5/6/2017,25.949712308111287,
231,6/5/2017,38.92456846185526,
231,8/2/2017,51.89942461559923,
231,9/27/2017,55.14313865420452,
231,10/14/2017,35.68085442324997,
231,11/27/2017,25.94971230748794,
231,12/23/2017,48.65571057699394,
231,1/6/2018,38.92456846185526,
231,2/10/2018,32.43714038464468,
231,3/27/2018,16.218570192972606,
231,4/2/2018,,no intersection
231,6/10/2018,0,
231,7/15/2018,20.71608575826396,
231,8/31/2018,42.1682825,
231,9/13/2018,42.16828250046055,
231,10/15/2018,45.41199653838865,
231,11/16/2018,38.92456846185526,
231,12/13/2018,22.705998269505997,
231,1/1/2019,42.16828250046055,
231,2/22/2019,22.705998269505997,
231,4/30/2019,29.193426346716574,
231,5/20/2019,,no intersection
231,6/18/2019,36.49336221647209,
231,7/17/2019,55.14313865420452,
231,8/19/2019,68.04791513,
231,9/8/2019,68.11799480862567,
231,10/7/2019,49.026924636074945,
231,11/22/2019,35.68085442324997,
231,12/5/2019,42.16828250046055,
231,1/31/2020,29.193426346039395,
231,2/12/2020,29.193426346039395,
231,3/12/2020,38.92456846185526,
231,5/23/2020,52.270638674680235,
231,6/17/2020,42.16828250046055,
231,7/15/2020,61.63056673141509,
231,9/23/2020,90.53010796860154,
231,10/22/2020,29.193426346039395,
231,11/21/2020,58.38685269,
231,12/23/2020,45.41199653906583,
231,1/23/2021,38.92456846185526,
231,2/7/2021,25.949712308111287,
231,3/16/2021,16.218570192349258,
231,4/14/2021,19.46228423090071,
231,5/7/2021,22.705998269505997,
231,5/23/2021,29.193426346039395,
231,6/6/2021,17.47237171965867,
231,8/17/2021,55.14313865420452,
231,9/11/2021,48.65571057704778,
231,9/30/2021,22.705998269505997,
231,10/11/2021,32.43714038464468,
231,11/11/2021,22.705998269505997,
231,12/9/2021,45.783210597523485,
231,1/12/2022,25.361009948789658,
231,2/11/2022,25.94971230748794,
231,3/5/2022,61.63056673141509,
231,4/26/2022,16.071161567792096,
231,5/17/2022,45.41199653838865,
231,7/15/2022,40.47318723901001,
231,9/5/2022,55.14313865425835,
231,9/16/2022,43.71690127693812,
231,11/18/2022,48.65571057704778,
231,12/17/2022,55.14313865425835,
231,1/25/2023,18.873581872256263,
231,2/9/2023,21.010903008055465,
231,6/18/2023,45.11811142953571,
231,7/28/2023,45.11811142953571,
231,9/7/2023,42.1682825,
231,10/6/2023,21.010903008055465,
231,11/7/2023,25.949712308111287,
232,5/6/2017,29.19342634655507,
232,6/5/2017,42.16828250086856,
232,8/2/2017,58.292635579643274,
232,9/27/2017,55.04892154109182,
232,10/14/2017,42.16828250086856,
232,11/27/2017,36.293694219363324,
232,12/23/2017,55.14313865518204,
232,1/6/2018,45.31777942532979,
232,2/10/2018,39.53740825791478,
232,3/27/2018,16.21857019224159,
232,4/2/2018,6.487428077156742,
232,6/10/2018,0,
232,7/15/2018,16.218570192864938,
232,8/31/2018,42.16828250086856,
232,9/13/2018,48.65571058,
232,10/15/2018,48.56149346393508,
232,11/16/2018,38.92456846226327,
232,12/13/2018,32.34292327,
232,1/1/2019,51.80520750248654,
232,2/22/2019,32.34292327,
232,4/30/2019,25.949712308626967,
232,5/20/2019,25.949712308626967,
232,6/18/2019,38.92456846226327,
232,7/17/2019,58.386852693733495,
232,8/19/2019,71.36170884742363,
232,9/8/2019,68.11799480881834,
232,10/7/2019,58.96031332,
232,11/22/2019,38.83035134817305,
232,12/5/2019,51.80520750248654,
232,1/31/2020,35.680854423711814,
232,2/12/2020,35.58663731,
232,3/12/2020,38.92456846226327,
232,5/23/2020,55.14313865518204,
232,6/17/2020,42.16828250086856,
232,7/15/2020,58.386852693733495,
232,9/23/2020,87.58027904028856,
232,10/22/2020,42.07406538677834,
232,11/21/2020,58.386852693733495,
232,12/23/2020,51.89942461663058,
232,1/23/2021,39.53740825791478,
232,2/7/2021,25.949712308626967,
232,3/16/2021,22.70599826939833,
232,4/14/2021,30.94171311936507,
232,5/7/2021,23.760131800406487,
232,5/23/2021,35.680854423711814,
232,6/6/2021,32.43714038510653,
232,8/17/2021,48.65571058,
232,9/11/2021,50.40399735,
232,9/30/2021,25.949712307949785,
232,10/11/2021,38.83035134817305,
232,11/11/2021,29.19342634655507,
232,12/9/2021,48.65571058,
232,1/12/2022,25.16134195200389,
232,2/11/2022,27.697999080813617,
232,3/5/2022,61.63056673233878,
232,4/26/2022,22.705998270021677,
232,5/17/2022,42.16828250086856,
232,7/15/2022,42.16828250086856,
232,9/5/2022,58.38685269311014,
232,9/16/2022,42.16828250086856,
232,11/18/2022,55.14313865518204,
232,12/17/2022,51.89942461657675,
232,1/25/2023,19.462284230793042,
232,2/9/2023,19.462284231470225,
232,6/18/2023,45.31777942532979,
232,7/28/2023,51.89942461657675,
232,9/7/2023,32.43714038516036,
232,10/6/2023,25.949712307949785,
232,11/7/2023,31.648770029160634,
233,5/6/2017,29.193426346039395,
233,6/5/2017,48.65571057761729,
233,8/2/2017,58.49230358955895,
233,9/27/2017,55.14313865415068,
233,10/14/2017,42.16828250040671,
233,11/27/2017,32.43714038526803,
233,12/23/2017,58.386852692702135,
233,1/6/2018,45.411996539011994,
233,2/10/2018,39.03001935865824,
233,3/27/2018,15.777276458046634,
233,4/2/2018,11.026901370771789,
233,6/10/2018,0,
233,7/15/2018,19.46228423090071,
233,8/31/2018,45.411996539011994,
233,9/13/2018,43.98266443940881,
233,10/15/2018,45.411996539011994,
233,11/16/2018,38.92456846180142,
233,12/13/2018,31.449102019290283,
233,1/1/2019,51.89942461554539,
233,2/22/2019,32.43714038459085,
233,4/30/2019,22.705998269505997,
233,5/20/2019,22.705998269505997,
233,6/18/2019,42.16828250040671,
233,7/17/2019,55.24858955,
233,8/19/2019,74.13600720306599,
233,9/8/2019,63.10910583,
233,10/7/2019,68.11799480784082,
233,11/22/2019,38.92456846180142,
233,12/5/2019,47.226378477336915,
233,1/31/2020,29.19342634666274,
233,2/12/2020,38.92456846180142,
233,3/12/2020,42.16828250040671,
233,5/23/2020,45.51744743586882,
233,6/17/2020,39.44319114517042,
233,7/15/2020,51.89942461554539,
233,9/23/2020,84.33656500081342,
233,10/22/2020,35.68085442387331,
233,11/21/2020,55.14313865477403,
233,12/23/2020,55.14313865415068,
233,1/23/2021,39.33774025,
233,2/7/2021,19.46228423090071,
233,3/16/2021,21.717959904205436,
233,4/14/2021,31.141381129634922,
233,5/7/2021,25.949712307434105,
233,5/23/2021,35.68085442319614,
233,6/6/2021,32.43714038459085,
233,8/17/2021,45.411996539011994,
233,9/11/2021,47.359951321984184,
233,9/30/2021,24.96167394275689,
233,10/11/2021,35.68085442319614,
233,11/11/2021,25.949712308057453,
233,12/9/2021,45.411996539011994,
233,1/12/2022,29.193426346039395,
233,2/11/2022,25.949712308057453,
233,3/5/2022,48.761161473796925,
233,4/26/2022,34.69281605789558,
233,5/17/2022,45.411996539011994,
233,7/15/2022,38.924568462478604,
233,9/5/2022,55.14313865477403,
233,9/16/2022,42.16828250046055,
233,11/18/2022,58.38685269337932,
233,12/17/2022,47.359951321984184,
233,1/25/2023,25.949712308111287,
233,2/9/2023,18.166524975267606,
233,6/18/2023,42.168282501083894,
233,7/28/2023,52.00487551240221,
233,9/7/2023,38.92456846185526,
233,10/6/2023,32.43714038459085,
233,11/7/2023,31.449102019290283,
234,5/6/2017,26.60450982121762,
234,6/5/2017,48.65571057767112,
234,8/2/2017,58.15906273768773,
234,9/27/2017,51.89942461559923,
234,10/14/2017,42.16828250046055,
234,11/27/2017,38.92456846185526,
234,12/23/2017,51.671634660477146,
234,1/6/2018,48.65571057699394,
234,2/10/2018,39.13807224082046,
234,3/27/2018,22.70599826955983,
234,4/2/2018,26.60450982121762,
234,6/10/2018,0,
234,7/15/2018,19.462284230954545,
234,8/31/2018,45.41199653906583,
234,9/13/2018,45.71711544379263,
234,10/15/2018,48.65571057699394,
234,11/16/2018,32.437140384698516,
234,12/13/2018,25.94971230748794,
234,1/1/2019,51.89942461559923,
234,2/22/2019,25.94971230748794,
234,4/30/2019,26.60450982121762,
234,5/20/2019,25.949712308111287,
234,6/18/2019,42.16828250046055,
234,7/17/2019,61.93568563614188,
234,8/19/2019,64.87428077002038,
234,9/8/2019,65.17939967474717,
234,10/7/2019,65.17939967474717,
234,11/22/2019,31.249434011743315,
234,12/5/2019,45.71711544379263,
234,1/31/2020,31.249434011743315,
234,2/12/2020,39.13807224082046,
234,3/12/2020,38.92456846185526,
234,5/23/2020,48.65571057767112,
234,6/17/2020,42.16828250046055,
234,7/15/2020,48.96082948172073,
234,9/23/2020,90.82399308,
234,10/22/2020,38.92456846185526,
234,11/21/2020,54.915348699082436,
234,12/23/2020,55.14313865420452,
234,1/23/2021,32.437140384698516,
234,2/7/2021,10.827233363009482,
234,3/16/2021,23.66591468733912,
234,4/14/2021,25.94971230816512,
234,5/7/2021,25.949712308111287,
234,5/23/2021,39.22968736658205,
234,6/6/2021,35.98597332803059,
234,8/17/2021,48.65571057699394,
234,9/11/2021,42.168282499783366,
234,9/30/2021,22.705998269505997,
234,10/11/2021,32.437140384698516,
234,11/11/2021,22.705998268882652,
234,12/9/2021,45.41199653838865,
234,1/12/2022,22.705998269505997,
234,2/11/2022,22.705998268882652,
234,3/5/2022,45.62271534,
234,4/26/2022,29.19342634609323,
234,5/17/2022,38.92456846185526,
234,7/15/2022,38.92456846185526,
234,9/5/2022,59.56027289,
234,9/16/2022,42.16828250046055,
234,11/18/2022,58.38685269,
234,12/17/2022,47.55961932980032,
234,1/25/2023,25.94971230816512,
234,2/9/2023,22.705998269505997,
234,6/18/2023,38.92456846185526,
234,7/28/2023,38.92456846185526,
234,9/7/2023,48.65571057699394,
234,10/6/2023,22.705998268882652,
234,11/7/2023,22.705998268882652,
235,5/6/2017,22.70599827007551,
235,6/5/2017,55.14313865518204,
235,8/2/2017,61.63056673233878,
235,9/27/2017,55.14313865518204,
235,10/14/2017,45.41199653942001,
235,11/27/2017,35.680854423711814,
235,12/23/2017,55.14313865518204,
235,1/6/2018,51.89942461663058,
235,2/10/2018,50.070756510855794,
235,3/27/2018,29.19342634717842,
235,4/2/2018,29.19342634655507,
235,6/10/2018,7.8251450632130775,
235,7/15/2018,22.70599826939833,
235,8/31/2018,45.41199653947385,
235,9/13/2018,45.41199653947385,
235,10/15/2018,48.65571058,
235,11/16/2018,32.43714038510653,
235,12/13/2018,25.949712307949785,
235,1/1/2019,55.64792556,
235,2/22/2019,25.949712307949785,
235,4/30/2019,29.19342634655507,
235,5/20/2019,29.19342634655507,
235,6/18/2019,42.16828250086856,
235,7/17/2019,58.386852693733495,
235,8/19/2019,68.62278170914654,
235,9/8/2019,64.87428077026689,
235,10/7/2019,61.63056673171543,
235,11/22/2019,31.049766014796045,
235,12/5/2019,45.41199653947385,
235,1/31/2020,35.680854423711814,
235,2/12/2020,38.924568462317104,
235,3/12/2020,42.16828250086856,
235,5/23/2020,34.29348005,
235,6/17/2020,42.16828250086856,
235,7/15/2020,48.65571058,
235,9/23/2020,84.33656500173711,
235,10/22/2020,36.18564132398618,
235,11/21/2020,51.89942461663058,
235,12/23/2020,58.386852693733495,
235,1/23/2021,29.19342634655507,
235,2/7/2021,16.218570192918772,
235,3/16/2021,25.949712307949785,
235,4/14/2021,22.70599826939833,
235,5/7/2021,23.210785169672697,
235,5/23/2021,39.443191143824556,
235,6/6/2021,32.43714038516036,
235,8/17/2021,35.680854423711814,
235,9/11/2021,45.41199653947385,
235,9/30/2021,27.80605197619076,
235,10/11/2021,32.94192728543473,
235,11/11/2021,35.694690204944905,
235,12/9/2021,43.20140030639107,
235,1/12/2022,32.94192728543473,
235,2/11/2022,25.94971230800362,
235,3/5/2022,51.89942461663058,
235,4/26/2022,32.43714038510653,
235,5/17/2022,35.680854423711814,
235,7/15/2022,39.443191143824556,
235,9/5/2022,55.14313865450486,
235,9/16/2022,42.16828250086856,
235,11/18/2022,64.87428077026689,
235,12/17/2022,48.22825262390174,
235,1/25/2023,25.949712307949785,
235,2/9/2023,19.462284230846876,
235,6/18/2023,42.16828250086856,
235,7/28/2023,54.71568070105848,
235,9/7/2023,42.16828250086856,
235,10/6/2023,32.94192728543473,
235,11/7/2023,29.19342634655507,
236,5/6/2017,25.949712307434105,
236,6/5/2017,53.114802537836866,
236,8/2/2017,61.00344076686018,
236,9/27/2017,58.386852692755966,
236,10/14/2017,39.629023375368874,
236,11/27/2017,31.740385146345552,
236,12/23/2017,54.51601269032678,
236,1/6/2018,54.51601269032678,
236,2/10/2018,55.14313865415068,
236,3/27/2018,32.43714038464468,
236,4/2/2018,29.08759480341321,
236,6/10/2018,15.514115279405159,
236,7/15/2018,19.46228423090071,
236,8/31/2018,35.68085442319614,
236,9/13/2018,35.68085442387331,
236,10/15/2018,48.65571057761729,
236,11/16/2018,35.68085442319614,
236,12/13/2018,22.705998269505997,
236,1/1/2019,51.899424616222575,
236,2/22/2019,22.705998269505997,
236,4/30/2019,32.43714038464468,
236,5/20/2019,29.193426346039395,
236,6/18/2019,42.16828250040671,
236,7/17/2019,66.97994583534674,
236,8/19/2019,64.87428076991272,
236,9/8/2019,64.87428076991272,
236,10/7/2019,61.63056673,
236,11/22/2019,26.654167221001554,
236,12/5/2019,38.92456846180142,
236,1/31/2020,35.68085442387331,
236,2/12/2020,38.924568462478604,
236,3/12/2020,35.68085442319614,
236,5/23/2020,,no intersection
236,6/17/2020,42.16828250040671,
236,7/15/2020,45.41199653833482,
236,9/23/2020,81.09285096226198,
236,10/22/2020,39.44319114517042,
236,11/21/2020,48.65571057761729,
236,12/23/2020,58.38685269337932,
236,1/23/2021,22.705998269505997,
236,2/7/2021,15.07282154515637,
236,3/16/2021,22.705998269505997,
236,4/14/2021,21.118955887440972,
236,5/7/2021,16.92302510586287,
236,5/23/2021,38.92456846180142,
236,6/6/2021,25.949712308111287,
236,8/17/2021,42.16828250040671,
236,9/11/2021,45.411996539011994,
236,9/30/2021,25.949712308111287,
236,10/11/2021,27.606383964597715,
236,11/11/2021,35.49502219367486,
236,12/9/2021,35.68085442387331,
236,1/12/2022,29.19342634666274,
236,2/11/2022,24.362669925992428,
236,3/5/2022,32.43714038526803,
236,4/26/2022,29.193426346039395,
236,5/17/2022,32.43714038464468,
236,7/15/2022,35.49502219367486,
236,9/5/2022,54.44638341585155,
236,9/16/2022,41.47152726148423,
236,11/18/2022,55.91722284213952,
236,12/17/2022,45.411996539011994,
236,1/25/2023,28.496671107740266,
236,2/9/2023,16.47403169696911,
236,6/18/2023,38.924568462478604,
236,7/28/2023,55.14313865415068,
236,9/7/2023,42.16828250040671,
236,10/6/2023,19.46228423090071,
236,11/7/2023,29.19342634666274,
237,5/6/2017,29.19342634655507,
237,6/5/2017,48.655710577401955,
237,8/2/2017,58.38685269311014,
237,9/27/2017,58.38685269311014,
237,10/14/2017,45.41199653879666,
237,11/27/2017,35.680854423711814,
237,12/23/2017,61.63056673171543,
237,1/6/2018,51.89942461657675,
237,2/10/2018,58.38685269311014,
237,3/27/2018,38.92456846226327,
237,4/2/2018,28.685020269078933,
237,6/10/2018,15.31444728178071,
237,7/15/2018,25.94971230800362,
237,8/31/2018,30.650430004609536,
237,9/13/2018,38.92456846226327,
237,10/15/2018,47.82891661371523,
237,11/16/2018,48.65571058,
237,12/13/2018,23.610121180482558,
237,1/1/2019,51.89942461657675,
237,2/22/2019,22.761791775801555,
237,4/30/2019,29.19342634655507,
237,5/20/2019,31.55455291501658,
237,6/18/2019,38.92456846163992,
237,7/17/2019,60.692185755791776,
237,8/19/2019,68.11799480887217,
237,9/8/2019,73.66704191010525,
237,10/7/2019,61.63056673233878,
237,11/22/2019,35.680854423711814,
237,12/5/2019,42.16828250086856,
237,1/31/2020,32.43714038578371,
237,2/12/2020,45.41199653879666,
237,3/12/2020,48.65571057734812,
237,5/23/2020,32.492933890886405,
237,6/17/2020,42.16828250024521,
237,7/15/2020,48.655710577401955,
237,9/23/2020,84.46968745,
237,10/22/2020,60.80377276740536,
237,11/21/2020,48.655710577401955,
237,12/23/2020,58.38685269311014,
237,1/23/2021,26.85383521908785,
237,2/7/2021,29.19342634655507,
237,3/16/2021,19.462284231470225,
237,4/14/2021,19.462284231470225,
237,5/7/2021,18.52390325492322,
237,5/23/2021,42.16828250086856,
237,6/6/2021,30.650430004609536,
237,8/17/2021,47.82891661371523,
237,9/11/2021,48.65571058,
237,9/30/2021,30.650430004609536,
237,10/11/2021,35.680854423711814,
237,11/11/2021,29.19342634655507,
237,12/9/2021,29.08759480392889,
237,1/12/2022,29.19342634717842,
237,2/11/2022,22.705998270021677,
237,3/5/2022,28.69633910541855,
237,4/26/2022,29.19342634655507,
237,5/17/2022,37.13785808114293,
237,7/15/2022,36.58497733,
237,9/5/2022,55.14313865518204,
237,9/16/2022,44.91490929828349,
237,11/18/2022,61.630566731661595,
237,12/17/2022,48.15862333688877,
237,1/25/2023,25.452625066813262,
237,2/9/2023,19.462284231470225,
237,6/18/2023,38.92456846226327,
237,7/28/2023,43.18399242356637,
237,9/7/2023,42.16828250086856,
237,10/6/2023,22.705998270021677,
237,11/7/2023,30.650430004609536,
238,5/6/2017,22.705998269505997,
238,6/5/2017,48.07054233820134,
238,8/2/2017,60.891853767891995,
238,9/27/2017,61.63056673141509,
238,10/14/2017,41.583114261667944,
238,11/27/2017,38.92456846190909,
238,12/23/2017,58.386852693486986,
238,1/6/2018,48.65571057767112,
238,2/10/2018,61.63056673141509,
238,3/27/2018,42.16828250046055,
238,4/2/2018,34.94214145972687,
238,6/10/2018,19.46228423090071,
238,7/15/2018,12.974856154367318,
238,8/31/2018,25.949712308111287,
238,9/13/2018,35.68085442324997,
238,10/15/2018,51.89942461633024,
238,11/16/2018,42.16828250051438,
238,12/13/2018,22.705998269505997,
238,1/1/2019,55.143138654881696,
238,2/22/2019,25.949712308111287,
238,4/30/2019,32.43714038464468,
238,5/20/2019,35.680854423303806,
238,6/18/2019,48.65571057699394,
238,7/17/2019,58.38685269,
238,8/19/2019,64.13556780649728,
238,9/8/2019,70.62299588303067,
238,10/7/2019,58.386852693486986,
238,11/22/2019,35.680854423303806,
238,12/5/2019,39.44319114554726,
238,1/31/2020,27.053503230595886,
238,2/12/2020,45.41199653906583,
238,3/12/2020,48.65571057699394,
238,5/23/2020,39.44319114554726,
238,6/17/2020,42.1682825,
238,7/15/2020,48.65571057767112,
238,9/23/2020,77.84913692,
238,10/22/2020,60.891853767891995,
238,11/21/2020,36.78464534573457,
238,12/23/2020,55.143138654881696,
238,1/23/2021,25.949712308111287,
238,2/7/2021,33.69447603253696,
238,3/16/2021,32.43714038532187,
238,4/14/2021,25.94971230816512,
238,5/7/2021,22.705998269505997,
238,5/23/2021,39.44319114554726,
238,6/6/2021,33.54093130780646,
238,8/17/2021,48.65571057772496,
238,9/11/2021,51.89942461633024,
238,9/30/2021,30.297217269201177,
238,10/11/2021,35.68085442324997,
238,11/11/2021,33.54093130780646,
238,12/9/2021,25.949712308111287,
238,1/12/2022,30.297217269201177,
238,2/11/2022,22.70599826955983,
238,3/5/2022,16.218570192349258,
238,4/26/2022,29.193426346039395,
238,5/17/2022,35.68085442324997,
238,7/15/2022,32.43714038532187,
238,9/5/2022,61.630566731468925,
238,9/16/2022,45.41199653911966,
238,11/18/2022,55.517886833245036,
238,12/17/2022,42.16828250051438,
238,1/25/2023,32.437140384698516,
238,2/9/2023,22.70599826955983,
238,6/18/2023,35.68085442324997,
238,7/28/2023,50.87296264271934,
238,9/7/2023,42.16828250051438,
238,10/6/2023,29.19342634677041,
238,11/7/2023,22.70599826955983,
239,5/6/2017,29.193426346039395,
239,6/5/2017,48.65571057699394,
239,8/2/2017,57.84780773384162,
239,9/27/2017,58.38685269343315,
239,10/14/2017,48.65571057761729,
239,11/27/2017,39.540942369782144,
239,12/23/2017,63.10910583,
239,1/6/2018,51.899424616222575,
239,2/10/2018,71.53678902023186,
239,3/27/2018,48.65571057761729,
239,4/2/2018,42.16828250040671,
239,6/10/2018,29.19342634666274,
239,7/15/2018,12.974856154367318,
239,8/31/2018,38.385523502940906,
239,9/13/2018,30.251093988946085,
239,10/15/2018,59.69031162058033,
239,11/16/2018,40.22802738905627,
239,12/13/2018,22.705998269505997,
239,1/1/2019,61.63056673203844,
239,2/22/2019,22.362455759922767,
239,4/30/2019,29.193426346039395,
239,5/20/2019,35.68085442392715,
239,6/18/2019,45.41199653906583,
239,7/17/2019,48.65571057761729,
239,8/19/2019,64.87428077058989,
239,9/8/2019,64.87428077058989,
239,10/7/2019,55.143138654827865,
239,11/22/2019,35.14180946433562,
239,12/5/2019,40.22802738905627,
239,1/31/2020,32.43714038532187,
239,2/12/2020,45.411996539011994,
239,3/12/2020,45.411996539011994,
239,5/23/2020,42.16828250040671,
239,6/17/2020,48.11666561807959,
239,7/15/2020,49.27208448559801,
239,9/23/2020,74.60542288572857,
239,10/22/2020,48.65571057761729,
239,11/21/2020,35.68085442387331,
239,12/23/2020,51.899424616222575,
239,1/23/2021,30.49688527391759,
239,2/7/2021,35.68085442387331,
239,3/16/2021,33.49480802755137,
239,4/14/2021,19.462284230954545,
239,5/7/2021,13.072607379032876,
239,5/23/2021,45.41199653906583,
239,6/6/2021,41.62923754149236,
239,8/17/2021,45.411996539011994,
239,9/11/2021,51.899424616168744,
239,9/30/2021,27.253171235312305,
239,10/11/2021,38.92456846185526,
239,11/11/2021,33.740599312469044,
239,12/9/2021,22.705998269505997,
239,1/12/2022,19.46228423090071,
239,2/11/2022,19.46228423090071,
239,3/5/2022,16.218570192295424,
239,4/26/2022,20.961245608056192,
239,5/17/2022,29.193426346716574,
239,7/15/2022,29.193426346716574,
239,9/5/2022,55.14313865477403,
239,9/16/2022,48.65571057761729,
239,11/18/2022,61.63056673130742,
239,12/17/2022,48.65571057761729,
239,1/25/2023,32.43714038464468,
239,2/9/2023,29.19342634666274,
239,6/18/2023,38.924568462478604,
239,7/28/2023,45.411996539011994,
239,9/7/2023,45.411996539011994,
239,10/6/2023,32.43714038526803,
239,11/7/2023,24.009457196707015,
24,5/6/2017,22.600166727063982,
24,6/5/2017,,no intersection
24,8/2/2017,44.167262021507405,
24,9/27/2017,64.87428077002038,
24,10/14/2017,51.89942461565306,
24,11/27/2017,38.92456846185526,
24,12/23/2017,,no intersection
24,1/6/2018,29.19342634609323,
24,2/10/2018,,no intersection
24,3/27/2018,44.37293343522875,
24,4/2/2018,42.16828250051438,
24,6/10/2018,32.437140384698516,
24,7/15/2018,38.92456846258627,
24,8/31/2018,29.19342634609323,
24,9/13/2018,22.70599826955983,
24,10/15/2018,35.680854423303806,
24,11/16/2018,38.92456846190909,
24,12/13/2018,22.70599826955983,
24,1/1/2019,29.19342634609323,
24,2/22/2019,32.79928743340519,
24,4/30/2019,38.92456846190909,
24,5/20/2019,29.19342634677041,
24,6/18/2019,39.286715510615764,
24,7/17/2019,68.11799480862567,
24,8/19/2019,61.63056673141509,
24,9/8/2019,64.87428077002038,
24,10/7/2019,48.65571057767112,
24,11/22/2019,42.06245095801853,
24,12/5/2019,27.948691829158143,
24,1/31/2020,25.94971230816512,
24,2/12/2020,19.462284230954545,
24,3/12/2020,29.19342634677041,
24,5/23/2020,48.65571057767112,
24,6/17/2020,42.16828250051438,
24,7/15/2020,55.29961429,
24,9/23/2020,78.00561255869584,
24,10/22/2020,25.94971230816512,
24,11/21/2020,68.11799480862567,
24,12/23/2020,,no intersection
24,1/23/2021,35.90789216618827,
24,2/7/2021,29.19342634677041,
24,3/16/2021,48.65571057772496,
24,4/14/2021,48.65571057704778,
24,5/7/2021,32.43714039,
24,5/23/2021,55.14313865425835,
24,6/6/2021,34.64179132009007,
24,8/17/2021,71.36170884723096,
24,9/11/2021,55.14313865420452,
24,9/30/2021,45.41199653906583,
24,10/11/2021,55.14313865425835,
24,11/11/2021,29.19342634677041,
24,12/9/2021,38.92456846190909,
24,1/12/2022,29.19342634677041,
24,2/11/2022,25.94971230816512,
24,3/5/2022,45.41199653906583,
24,4/26/2022,42.16828250051438,
24,5/17/2022,71.36170884655378,
24,7/15/2022,55.14313865425835,
24,9/5/2022,71.36170884723096,
24,9/16/2022,,no intersection
24,11/18/2022,51.89942461627641,
24,12/17/2022,48.65571057767112,
24,1/25/2023,25.94971230816512,
24,2/9/2023,,no intersection
24,6/18/2023,48.65571057767112,
24,7/28/2023,55.14313865425835,
24,9/7/2023,61.63056673141509,
24,10/6/2023,38.92456846190909,
24,11/7/2023,29.19342634677041,
240,5/6/2017,25.949712308626967,
240,6/5/2017,45.41199653879666,
240,8/2/2017,55.55984456283809,
240,9/27/2017,58.38685269311014,
240,10/14/2017,51.89942461595341,
240,11/27/2017,47.33182937,
240,12/23/2017,58.38685269378733,
240,1/6/2018,58.38685269311014,
240,2/10/2018,84.33656500105994,
240,3/27/2018,47.67120633408394,
240,4/2/2018,39.78256810527596,
240,6/10/2018,25.949712307949785,
240,7/15/2018,12.974856154313484,
240,8/31/2018,38.92456846163992,
240,9/13/2018,33.94026730998583,
240,10/15/2018,45.41199653947385,
240,11/16/2018,35.680854423711814,
240,12/13/2018,27.452839233506264,
240,1/1/2019,55.14313865518204,
240,2/22/2019,22.70599827007551,
240,4/30/2019,32.43714038516036,
240,5/20/2019,35.680854423711814,
240,6/18/2019,48.65571057734812,
240,7/17/2019,51.89942461595341,
240,8/19/2019,68.11799480887217,
240,9/8/2019,68.11799480887217,
240,10/7/2019,61.63056673171543,
240,11/22/2019,42.16828250024521,
240,12/5/2019,42.16828250086856,
240,1/31/2020,33.295140028742566,
240,2/12/2020,48.68200312820035,
240,3/12/2020,45.41199653879666,
240,5/23/2020,55.14313865450486,
240,6/17/2020,55.14313865455869,
240,7/15/2020,63.448482791592234,
240,9/23/2020,79.22575924910052,
240,10/22/2020,55.14313865455869,
240,11/21/2020,32.437140385837544,
240,12/23/2020,55.14313865455869,
240,1/23/2021,25.94971231,
240,2/7/2021,41.18377825755055,
240,3/16/2021,39.78256810527596,
240,4/14/2021,23.563997913034374,
240,5/7/2021,22.70599826939833,
240,5/23/2021,42.16828250086856,
240,6/6/2021,42.16828250024521,
240,8/17/2021,51.89942461663058,
240,9/11/2021,61.630566732392616,
240,9/30/2021,38.92456846226327,
240,10/11/2021,33.94026730998583,
240,11/11/2021,32.43714038516036,
240,12/9/2021,19.462284231470225,
240,1/12/2022,25.94971231,
240,2/11/2022,23.665914686262436,
240,3/5/2022,19.462284231470225,
240,4/26/2022,19.462284230846876,
240,5/17/2022,35.680854423711814,
240,7/15/2022,27.452839233506264,
240,9/5/2022,61.630566732392616,
240,9/16/2022,48.65571058,
240,11/18/2022,58.38685269378733,
240,12/17/2022,42.584988409147954,
240,1/25/2023,32.43714038510653,
240,2/9/2023,35.680854423711814,
240,6/18/2023,35.680854423711814,
240,7/28/2023,46.915123464299306,
240,9/7/2023,48.65571058,
240,10/6/2023,31.55455291501658,
240,11/7/2023,25.94971231,
241,5/6/2017,19.46228423090071,
241,6/5/2017,38.78485951498896,
241,8/2/2017,55.14313865420452,
241,9/27/2017,58.38685269,
241,10/14/2017,55.14313865420452,
241,11/27/2017,45.41199653906583,
241,12/23/2017,61.63056673141509,
241,1/6/2018,55.00342970733821,
241,2/10/2018,77.70942797689806,
241,3/27/2018,55.14313865420452,
241,4/2/2018,45.27228759152235,
241,6/10/2018,31.554552916416274,
241,7/15/2018,15.916985405074437,
241,8/31/2018,32.43714038532187,
241,9/13/2018,37.38364936,
241,10/15/2018,55.220467603755395,
241,11/16/2018,32.43714038464468,
241,12/13/2018,25.949712308111287,
241,1/1/2019,60.08964763200503,
241,2/22/2019,29.193426346716574,
241,4/30/2019,35.54114547638367,
241,5/20/2019,38.92456846185526,
241,6/18/2019,45.41199653838865,
241,7/17/2019,45.41199653838865,
241,8/19/2019,64.87428077,
241,9/8/2019,68.11799480794848,
241,10/7/2019,61.49085778454879,
241,11/22/2019,45.41199653838865,
241,12/5/2019,37.740396206352024,
241,1/31/2020,32.43714038532187,
241,2/12/2020,45.41199653906583,
241,3/12/2020,45.27228759152235,
241,5/23/2020,48.51600163012764,
241,6/17/2020,55.14313865420452,
241,7/15/2020,68.11799480794848,
241,9/23/2020,77.84913692376435,
241,10/22/2020,51.89942461559923,
241,11/21/2020,38.92456846185526,
241,12/23/2020,45.41199653906583,
241,1/23/2021,25.949712308111287,
241,2/7/2021,39.44319114554726,
241,3/16/2021,32.43714038532187,
241,4/14/2021,25.949712308111287,
241,5/7/2021,38.92456846185526,
241,5/23/2021,48.51600163012764,
241,6/6/2021,39.44319114549342,
241,8/17/2021,55.14313865420452,
241,9/11/2021,61.63056673141509,
241,9/30/2021,47.11479147826106,
241,10/11/2021,30.896221285911807,
241,11/11/2021,29.193426346716574,
241,12/9/2021,21.963119748143892,
241,1/12/2022,22.705998269505997,
241,2/11/2022,21.16507917009594,
241,3/5/2022,25.949712308111287,
241,4/26/2022,19.160699443679725,
241,5/17/2022,23.805623634151587,
241,7/15/2022,24.40879320870123,
241,9/5/2022,55.220467603755395,
241,9/16/2022,47.33182937467824,
241,11/18/2022,60.08964763200503,
241,12/17/2022,48.65571057767112,
241,1/25/2023,32.43714038464468,
241,2/9/2023,35.68085442324997,
241,6/18/2023,32.43714038532187,
241,7/28/2023,50.35850551686635,
241,9/7/2023,45.41199653906583,
241,10/6/2023,33.09547201582633,
241,11/7/2023,22.705998269505997,
242,5/6/2017,19.462284230793042,
242,6/5/2017,38.92456846226327,
242,8/2/2017,51.89942461595341,
242,9/27/2017,55.14313865455869,
242,10/14/2017,55.14313865455869,
242,11/27/2017,47.33182937,
242,12/23/2017,58.38685269311014,
242,1/6/2018,58.38685269311014,
242,2/10/2018,74.60542288602892,
242,3/27/2018,48.65571057734812,
242,4/2/2018,45.41199653879666,
242,6/10/2018,29.19342634655507,
242,7/15/2018,22.70599826939833,
242,8/31/2018,32.43714038578371,
242,9/13/2018,40.82703139738291,
242,10/15/2018,61.63056673171543,
242,11/16/2018,38.92456846163992,
242,12/13/2018,25.94971230800362,
242,1/1/2019,55.22046760138668,
242,2/22/2019,25.94971230800362,
242,4/30/2019,35.680854423711814,
242,5/20/2019,32.43714038516036,
242,6/18/2019,38.924568462317104,
242,7/17/2019,42.16828250086856,
242,8/19/2019,58.38685269311014,
242,9/8/2019,64.87428077026689,
242,10/7/2019,58.38685269311014,
242,11/22/2019,44.02815628523831,
242,12/5/2019,37.58331735945481,
242,1/31/2020,31.095889282298067,
242,2/12/2020,44.07074544,
242,3/12/2020,40.78444224663302,
242,5/23/2020,48.655710577401955,
242,6/17/2020,56.561718704195144,
242,7/15/2020,64.87428077026689,
242,9/23/2020,71.36170884742363,
242,10/22/2020,38.92456846226327,
242,11/21/2020,32.43714038516036,
242,12/23/2020,40.82703139738291,
242,1/23/2021,25.94971230800362,
242,2/7/2021,45.41199653879666,
242,3/16/2021,31.095889282298067,
242,4/14/2021,34.33960332090336,
242,5/7/2021,42.06245095767286,
242,5/23/2021,44.02815628523831,
242,6/6/2021,35.680854423711814,
242,8/17/2021,58.38685269311014,
242,9/11/2021,58.38685269311014,
242,9/30/2021,35.680854423711814,
242,10/11/2021,29.19342634655507,
242,11/11/2021,29.19342634655507,
242,12/9/2021,22.70599826939833,
242,1/12/2022,22.70599826939833,
242,2/11/2022,16.21857019224159,
242,3/5/2022,29.19342634655507,
242,4/26/2022,19.462284230846876,
242,5/17/2022,19.462284230846876,
242,7/15/2022,21.364747166589872,
242,9/5/2022,49.15696336149371,
242,9/16/2022,45.41199653879666,
242,11/18/2022,57.045601590301686,
242,12/17/2022,53.31800466564369,
242,1/25/2023,35.680854423711814,
242,2/9/2023,37.58331735945481,
242,6/18/2023,27.85217524374661,
242,7/28/2023,45.41199653879666,
242,9/7/2023,45.41199653879666,
242,10/6/2023,29.19342634655507,
242,11/7/2023,25.94971230800362,
243,5/6/2017,12.974856153690135,
243,6/5/2017,29.19342634666274,
243,8/2/2017,55.14313865415068,
243,9/27/2017,55.14313865415068,
243,10/14/2017,48.65571057761729,
243,11/27/2017,45.411996539011994,
243,12/23/2017,55.14313865415068,
243,1/6/2018,48.65571057761729,
243,2/10/2018,74.60542288572857,
243,3/27/2018,45.411996539011994,
243,4/2/2018,45.411996539011994,
243,6/10/2018,25.949712308111287,
243,7/15/2018,22.705998269505997,
243,8/31/2018,35.68085442392715,
243,9/13/2018,45.411996539011994,
243,10/15/2018,61.630566731361256,
243,11/16/2018,42.16828250046055,
243,12/13/2018,25.94971230748794,
243,1/1/2019,48.65571057699394,
243,2/22/2019,22.705998269505997,
243,4/30/2019,32.43714038464468,
243,5/20/2019,25.949712308111287,
243,6/18/2019,29.19342634609323,
243,7/17/2019,40.58477423819353,
243,8/19/2019,58.386852692755966,
243,9/8/2019,61.630566731361256,
243,10/7/2019,48.65571057761729,
243,11/22/2019,42.16828250046055,
243,12/5/2019,32.43714038464468,
243,1/31/2020,22.70599826955983,
243,2/12/2020,42.16828250046055,
243,3/12/2020,40.58477423819353,
243,5/23/2020,51.71712651,
243,6/17/2020,64.87428076991272,
243,7/15/2020,64.25068892526349,
243,9/23/2020,74.60542288510523,
243,10/22/2020,35.68085442324997,
243,11/21/2020,32.43714038464468,
243,12/23/2020,38.92456846185526,
243,1/23/2021,25.94971230748794,
243,2/7/2021,45.22969842861156,
243,3/16/2021,25.94971230748794,
243,4/14/2021,29.193426346716574,
243,5/7/2021,24.807497780093065,
243,5/23/2021,40.58477423819353,
243,6/6/2021,35.93985004766783,
243,8/17/2021,63.73269767694343,
243,9/11/2021,47.51412748459417,
243,9/30/2021,25.94971230748794,
243,10/11/2021,25.94971230748794,
243,11/11/2021,25.94971230748794,
243,12/9/2021,22.705998269505997,
243,1/12/2022,21.56441517653672,
243,2/11/2022,16.218570192349258,
243,3/5/2022,32.43714038464468,
243,4/26/2022,15.777276458100467,
243,5/17/2022,16.218570192295424,
243,7/15/2022,16.918859551069747,
243,9/5/2022,55.14313865415068,
243,9/16/2022,45.411996539011994,
243,11/18/2022,48.65571057761729,
243,12/17/2022,45.411996539011994,
243,1/25/2023,29.452421970511093,
243,2/9/2023,34.097346161660134,
243,6/18/2023,22.705998269505997,
243,7/28/2023,49.87462261970678,
243,9/7/2023,35.68085442392715,
243,10/6/2023,34.53927133022685,
243,11/7/2023,19.462284231577893,
244,5/6/2017,19.462284230954545,
244,6/5/2017,27.85154381109755,
244,8/2/2017,51.89942461559923,
244,9/27/2017,59.40609672751382,
244,10/14/2017,51.89942461559923,
244,11/27/2017,38.92456846185526,
244,12/23/2017,48.65571057767112,
244,1/6/2018,51.89942461559923,
244,2/10/2018,74.60542288583625,
244,3/27/2018,45.41199653906583,
244,4/2/2018,48.65571057767112,
244,6/10/2018,24.607829772492263,
244,7/15/2018,22.70599826955983,
244,8/31/2018,58.38685269,
244,9/13/2018,48.273744459831384,
244,10/15/2018,51.89942461627641,
244,11/16/2018,42.16828250046055,
244,12/13/2018,25.007797222958146,
244,1/1/2019,50.95750953044609,
244,2/22/2019,21.364115733886972,
244,4/30/2019,29.193426346716574,
244,5/20/2019,25.949712308111287,
244,6/18/2019,25.949712308111287,
244,7/17/2019,45.41199653906583,
244,8/19/2019,55.220467603755395,
244,9/8/2019,61.63056673141509,
244,10/7/2019,48.65571057699394,
244,11/22/2019,42.16828250046055,
244,12/5/2019,37.98265337670212,
244,1/31/2020,22.705998269505997,
244,2/12/2020,29.19342634609323,
244,3/12/2020,34.738939338150665,
244,5/23/2020,55.14313865420452,
244,6/17/2020,61.63056673141509,
244,7/15/2020,68.11799480862567,
244,9/23/2020,74.60542288515906,
244,10/22/2020,38.92456846185526,
244,11/21/2020,25.949712308111287,
244,12/23/2020,37.14139219209511,
244,1/23/2021,29.19342634609323,
244,2/7/2021,42.16828250046055,
244,3/16/2021,29.19342634609323,
244,4/14/2021,35.68085442324997,
244,5/7/2021,24.607829772492263,
244,5/23/2021,42.16828250046055,
244,6/6/2021,28.251511261563433,
244,8/17/2021,61.63056673141509,
244,9/11/2021,45.030030421226094,
244,9/30/2021,42.16828250046055,
244,10/11/2021,25.949712308111287,
244,11/11/2021,25.949712308111287,
244,12/9/2021,21.364115733886972,
244,1/12/2022,16.218570192349258,
244,2/11/2022,9.731142115138683,
244,3/5/2022,37.98265337670212,
244,4/26/2022,16.677865259739875,
244,5/17/2022,12.074267352889414,
244,7/15/2022,19.462284230954545,
244,9/5/2022,55.14313865420452,
244,9/16/2022,47.71379549251798,
244,11/18/2022,48.65571057699394,
244,12/17/2022,49.67495461169796,
244,1/25/2023,29.19342634609323,
244,2/9/2023,35.68085442324997,
244,6/18/2023,22.705998269505997,
244,7/28/2023,58.38685269,
244,9/7/2023,41.22636741530741,
244,10/6/2023,32.437140384698516,
244,11/7/2023,22.705998269505997,
245,5/6/2017,25.949712307949785,
245,6/5/2017,32.43714038516036,
245,8/2/2017,64.87428077026689,
245,9/27/2017,68.11799480881834,
245,10/14/2017,51.89942461595341,
245,11/27/2017,32.43714038510653,
245,12/23/2017,51.89942461595341,
245,1/6/2018,55.14313865450486,
245,2/10/2018,74.60542288602892,
245,3/27/2018,49.916580347976634,
245,4/2/2018,57.80521857673077,
245,6/10/2018,25.207465219559744,
245,7/15/2018,33.09610344831389,
245,8/31/2018,51.89942461595341,
245,9/13/2018,58.38685269311014,
245,10/15/2018,51.89942461663058,
245,11/16/2018,51.31779049957403,
245,12/13/2018,25.207465219559744,
245,1/1/2019,35.680854423711814,
245,2/22/2019,22.70599827007551,
245,4/30/2019,29.19342634655507,
245,5/20/2019,29.19342634655507,
245,6/18/2019,35.680854423711814,
245,7/17/2019,51.89942461595341,
245,8/19/2019,46.51225333730684,
245,9/8/2019,55.962714689776725,
245,10/7/2019,51.15717752750953,
245,11/22/2019,51.89942461595341,
245,12/5/2019,29.193426347232254,
245,1/31/2020,29.19342634655507,
245,2/12/2020,31.694893296716486,
245,3/12/2020,27.049969106513796,
245,5/23/2020,58.38685269311014,
245,6/17/2020,64.87428077026689,
245,7/15/2020,74.60542288602892,
245,9/23/2020,74.60542288602892,
245,10/22/2020,43.42915227081989,
245,11/21/2020,32.43714038510653,
245,12/23/2020,42.16828250024521,
245,1/23/2021,29.19342634655507,
245,2/7/2021,45.41199653879666,
245,3/16/2021,35.680854423711814,
245,4/14/2021,38.18232137319605,
245,5/7/2021,29.19342634655507,
245,5/23/2021,42.16828250024521,
245,6/6/2021,25.94971230800362,
245,8/17/2021,64.13203368187685,
245,9/11/2021,51.15717752750953,
245,9/30/2021,38.92456846163992,
245,10/11/2021,29.19342634655507,
245,11/11/2021,29.19342634655507,
245,12/9/2021,25.207465219559744,
245,1/12/2022,15.476323103797714,
245,2/11/2022,9.731142115708195,
245,3/5/2022,32.43714038516036,
245,4/26/2022,16.21857019224159,
245,5/17/2022,12.974856153690135,
245,7/15/2022,19.462284230793042,
245,9/5/2022,52.71900065184862,
245,9/16/2022,48.655710577401955,
245,11/18/2022,47.91346348895807,
245,12/17/2022,55.14313865455869,
245,1/25/2023,32.43714038516036,
245,2/9/2023,38.92456846163992,
245,6/18/2023,22.70599826939833,
245,7/28/2023,55.14313865518204,
245,9/7/2023,45.41199653879666,
245,10/6/2023,34.93860733532177,
245,11/7/2023,19.462284230846876,
246,5/6/2017,16.218570192295424,
246,6/5/2017,29.193426346716574,
246,8/2/2017,61.630566731361256,
246,9/27/2017,68.11799480851799,
246,10/14/2017,51.11812248900384,
246,11/27/2017,29.19342634666274,
246,12/23/2017,51.89942461554539,
246,1/6/2018,61.63056673130742,
246,2/10/2018,74.60542288572857,
246,3/27/2018,58.38685269343315,
246,4/2/2018,61.630566731361256,
246,6/10/2018,35.68085442319614,
246,7/15/2018,38.92456846180142,
246,8/31/2018,51.899424616222575,
246,9/13/2018,51.89942461554539,
246,10/15/2018,51.79813927426655,
246,11/16/2018,51.89942461554539,
246,12/13/2018,22.705998269505997,
246,1/1/2019,35.68085442387331,
246,2/22/2019,19.462284231577893,
246,4/30/2019,29.193426346716574,
246,5/20/2019,29.193426346716574,
246,6/18/2019,35.68085442324997,
246,7/17/2019,54.36183652760913,
246,8/19/2019,58.386852692702135,
246,9/8/2019,64.87428076991272,
246,10/7/2019,41.625703424201895,
246,11/22/2019,45.411996539011994,
246,12/5/2019,29.193426346716574,
246,1/31/2020,22.163419193301184,
246,2/12/2020,35.138275346991314,
246,3/12/2020,25.949712308111287,
246,5/23/2020,59.00676071808099,
246,6/17/2020,61.63056673130742,
246,7/15/2020,74.60542289,
246,9/23/2020,71.36170884712328,
246,10/22/2020,42.16828250040671,
246,11/21/2020,32.43714038464468,
246,12/23/2020,35.68085442324997,
246,1/23/2021,22.163419193301184,
246,2/7/2021,41.625703424201895,
246,3/16/2021,29.19342634609323,
246,4/14/2021,35.138275346991314,
246,5/7/2021,32.43714038464468,
246,5/23/2021,39.98577022142907,
246,6/6/2021,22.70599826955983,
246,8/17/2021,63.10910583,
246,9/11/2021,55.22046760327088,
246,9/30/2021,29.19342634609323,
246,10/11/2021,29.19342634609323,
246,11/11/2021,29.19342634609323,
246,12/9/2021,19.462284231577893,
246,1/12/2022,18.919705154695894,
246,2/11/2022,6.487428077210576,
246,3/5/2022,31.89456130838603,
246,4/26/2022,12.974856153690135,
246,5/17/2022,19.46228423090071,
246,7/15/2022,22.705998269505997,
246,9/5/2022,55.14313865477403,
246,9/16/2022,48.65571057699394,
246,11/18/2022,39.44319114517042,
246,12/17/2022,45.411996539011994,
246,1/25/2023,28.85341795442381,
246,2/9/2023,29.19342634666274,
246,6/18/2023,19.462284230954545,
246,7/28/2023,61.63056673130742,
246,9/7/2023,47.874408450452385,
246,10/6/2023,32.43714038464468,
246,11/7/2023,22.163419193301184,
247,5/6/2017,19.462284231470225,
247,6/5/2017,25.851329651473847,
247,8/2/2017,42.16828250086856,
247,9/27/2017,64.87428077026689,
247,10/14/2017,51.89942461595341,
247,11/27/2017,25.949712307949785,
247,12/23/2017,55.14313865455869,
247,1/6/2018,48.65571058,
247,2/10/2018,69.17629388221222,
247,3/27/2018,55.14313865518204,
247,4/2/2018,55.22046760133285,
247,6/10/2018,42.16828250086856,
247,7/15/2018,42.16828250086856,
247,8/31/2018,58.38685269311014,
247,9/13/2018,55.14313865450486,
247,10/15/2018,,no intersection
247,11/16/2018,50.91845448938752,
247,12/13/2018,25.949712307949785,
247,1/1/2019,29.19342634655507,
247,2/22/2019,20.765111725914508,
247,4/30/2019,29.19342634655507,
247,5/20/2019,25.949712307949785,
247,6/18/2019,32.43714038510653,
247,7/17/2019,48.655710577401955,
247,8/19/2019,51.55651353769604,
247,9/8/2019,58.38685269311014,
247,10/7/2019,38.58165738405974,
247,11/22/2019,38.924568462317104,
247,12/5/2019,35.680854423711814,
247,1/31/2020,19.462284230793042,
247,2/12/2020,35.33794334545445,
247,3/12/2020,29.19342634655507,
247,5/23/2020,61.630566731661595,
247,6/17/2020,66.69573094689581,
247,7/15/2020,81.09285096313182,
247,9/23/2020,77.84913692458036,
247,10/22/2020,35.680854423711814,
247,11/21/2020,38.92456846226327,
247,12/23/2020,38.58165738405974,
247,1/23/2021,31.554552915070413,
247,2/7/2021,39.443191143824556,
247,3/16/2021,32.43714038510653,
247,4/14/2021,35.680854423711814,
247,5/7/2021,32.43714038516036,
247,5/23/2021,48.65571058,
247,6/6/2021,32.43714038510653,
247,8/17/2021,61.630566731661595,
247,9/11/2021,61.287655653458074,
247,9/30/2021,32.43714038510653,
247,10/11/2021,38.92456846226327,
247,11/11/2021,32.43714038510653,
247,12/9/2021,25.606801229746257,
247,1/12/2022,19.119373152589514,
247,2/11/2022,9.388231037504667,
247,3/5/2022,35.33794334545445,
247,4/26/2022,17.276869266258814,
247,5/17/2022,23.665914686262436,
247,7/15/2022,22.70599826939833,
247,9/5/2022,52.319664640984925,
247,9/16/2022,51.55651353769604,
247,11/18/2022,35.680854423711814,
247,12/17/2022,45.41199653879666,
247,1/25/2023,29.19342634655507,
247,2/9/2023,22.70599826939833,
247,6/18/2023,16.21857019224159,
247,7/28/2023,58.38685269311014,
247,9/7/2023,51.55651353769604,
247,10/6/2023,35.14117803187923,
247,11/7/2023,23.665914686262436,
248,5/6/2017,22.81182981213218,
248,6/5/2017,22.70599826955983,
248,8/2/2017,38.92456846253244,
248,9/27/2017,58.38685269343315,
248,10/14/2017,48.65571057767112,
248,11/27/2017,25.94971230816512,
248,12/23/2017,55.143138654881696,
248,1/6/2018,48.51246751027579,
248,2/10/2018,61.630566731468925,
248,3/27/2018,49.91367766,
248,4/2/2018,51.89942461565306,
248,6/10/2018,36.34272017439113,
248,7/15/2018,48.65571057704778,
248,8/31/2018,55.14313865425835,
248,9/13/2018,53.962500518606966,
248,10/15/2018,58.38685269343315,
248,11/16/2018,45.41199653906583,
248,12/13/2018,16.075327125577275,
248,1/1/2019,22.70599826955983,
248,2/22/2019,19.462284230954545,
248,4/30/2019,23.963965354708257,
248,5/20/2019,25.94971230748794,
248,6/18/2019,30.296585831267848,
248,7/17/2019,48.65571057767112,
248,8/19/2019,51.89942461633024,
248,9/8/2019,64.87428077002038,
248,10/7/2019,45.26875347167051,
248,11/22/2019,48.65571057704778,
248,12/5/2019,32.43714039,
248,1/31/2020,19.462284230954545,
248,2/12/2020,25.94971230816512,
248,3/12/2020,25.94971230816512,
248,5/23/2020,64.87428076939703,
248,6/17/2020,71.36170884660761,
248,7/15/2020,82.27333939647178,
248,9/23/2020,74.60542288515906,
248,10/22/2020,38.92456846190909,
248,11/21/2020,38.92456846253244,
248,12/23/2020,36.34272017439113,
248,1/23/2021,25.94971230816512,
248,2/7/2021,38.78132539513711,
248,3/16/2021,29.193426346716574,
248,4/14/2021,38.92456846190909,
248,5/7/2021,32.437140384698516,
248,5/23/2021,48.65571057704778,
248,6/6/2021,29.193426346716574,
248,8/17/2021,61.630566731468925,
248,9/11/2021,58.38685269343315,
248,9/30/2021,38.92456846253244,
248,10/11/2021,35.68085442392715,
248,11/11/2021,31.697795983811606,
248,12/9/2021,23.80915775468062,
248,1/12/2022,12.974856154421152,
248,2/11/2022,15.920519525603469,
248,3/5/2022,38.78132539513711,
248,4/26/2022,11.275595334454424,
248,5/17/2022,23.963965354708257,
248,7/15/2022,19.462284230954545,
248,9/5/2022,55.143138654881696,
248,9/16/2022,54.999895587486364,
248,11/18/2022,29.050183279321242,
248,12/17/2022,44.231358403468285,
248,1/25/2023,29.19342634677041,
248,2/9/2023,29.050183279321242,
248,6/18/2023,22.70599826955983,
248,7/28/2023,64.87428076939703,
248,9/7/2023,47.331829374624405,
248,10/6/2023,31.697795983811606,
248,11/7/2023,22.56275520211067,
249,5/6/2017,32.43714038464468,
249,6/5/2017,22.705998269505997,
249,8/2/2017,32.43714038526803,
249,9/27/2017,61.63056673,
249,10/14/2017,48.65571057761729,
249,11/27/2017,28.25441394011306,
249,12/23/2017,51.899424616168744,
249,1/6/2018,48.65571057761729,
249,2/10/2018,55.14313865415068,
249,3/27/2018,45.411996539011994,
249,4/2/2018,48.65571057761729,
249,6/10/2018,45.411996539011994,
249,7/15/2018,48.65571057761729,
249,8/31/2018,55.14313865415068,
249,9/13/2018,48.65571057761729,
249,10/15/2018,58.38685269337932,
249,11/16/2018,42.168282501083894,
249,12/13/2018,16.218570192972606,
249,1/1/2019,12.974856154421152,
249,2/22/2019,16.218570192972606,
249,4/30/2019,22.705998269505997,
249,5/20/2019,25.949712308111287,
249,6/18/2019,30.096917826228424,
249,7/17/2019,55.14313865415068,
249,8/19/2019,55.14313865477403,
249,9/8/2019,61.63056673130742,
249,10/7/2019,39.386766207795496,
249,11/22/2019,42.224707438512645,
249,12/5/2019,32.43714038532187,
249,1/31/2020,16.218570192972606,
249,2/12/2020,25.949712308111287,
249,3/12/2020,35.68085442387331,
249,5/23/2020,64.87428076991272,
249,6/17/2020,64.87428076991272,
249,7/15/2020,81.09285096226198,
249,9/23/2020,71.36170885,
249,10/22/2020,48.65571057694011,
249,11/21/2020,48.65571057761729,
249,12/23/2020,35.68085442387331,
249,1/23/2021,25.949712308111287,
249,2/7/2021,35.68085442387331,
249,3/16/2021,25.949712308111287,
249,4/14/2021,42.16828250040671,
249,5/7/2021,37.98555605525174,
249,5/23/2021,53.76283251335221,
249,6/6/2021,31.498127978718347,
249,8/17/2021,61.63056673,
249,9/11/2021,61.63056673,
249,9/30/2021,35.68085442387331,
249,10/11/2021,42.168282501083894,
249,11/11/2021,29.193426346716574,
249,12/9/2021,19.518709169006645,
249,1/12/2022,12.974856154367318,
249,2/11/2022,19.46228423090071,
249,3/5/2022,42.16828250040671,
249,4/26/2022,20.919919320819385,
249,5/17/2022,25.949712307434105,
249,7/15/2022,22.705998269505997,
249,9/5/2022,51.899424616222575,
249,9/16/2022,55.14313865477403,
249,11/18/2022,29.193426346716574,
249,12/17/2022,48.65571057761729,
249,1/25/2023,29.19342634666274,
249,2/9/2023,20.365775711089743,
249,6/18/2023,22.705998269505997,
249,7/28/2023,58.38685269337932,
249,9/7/2023,51.899424616222575,
249,10/6/2023,31.498127978718347,
249,11/7/2023,25.949712308111287,
25,5/6/2017,28.39598898061169,
25,6/5/2017,,no intersection
25,8/2/2017,45.51782808240037,
25,9/27/2017,68.11799480881834,
25,10/14/2017,61.545416627568876,
25,11/27/2017,32.43714038510653,
25,12/23/2017,,no intersection
25,1/6/2018,25.94971230800362,
25,2/10/2018,48.65571057734812,
25,3/27/2018,45.41199653879666,
25,4/2/2018,51.89942461595341,
25,6/10/2018,29.19342634655507,
25,7/15/2018,38.92456846226327,
25,8/31/2018,48.65571057734812,
25,9/13/2018,25.949712307949785,
25,10/15/2018,35.680854423711814,
25,11/16/2018,25.949712307949785,
25,12/13/2018,38.924568462317104,
25,1/1/2019,42.16828250024521,
25,2/22/2019,25.949712307949785,
25,4/30/2019,45.41199653879666,
25,5/20/2019,47.33182937,
25,6/18/2019,48.65571057734812,
25,7/17/2019,74.60542288597509,
25,8/19/2019,74.60542288597509,
25,9/8/2019,71.36170884742363,
25,10/7/2019,58.38685269311014,
25,11/22/2019,51.89942461595341,
25,12/5/2019,25.949712307949785,
25,1/31/2020,22.705998270021677,
25,2/12/2020,22.705998270021677,
25,3/12/2020,35.680854423711814,
25,5/23/2020,55.14313865455869,
25,6/17/2020,45.41199653879666,
25,7/15/2020,64.87428077026689,
25,9/23/2020,84.33656500111377,
25,10/22/2020,35.680854423711814,
25,11/21/2020,74.60542288597509,
25,12/23/2020,,no intersection
25,1/23/2021,38.92456846226327,
25,2/7/2021,35.680854423711814,
25,3/16/2021,58.38685269311014,
25,4/14/2021,45.41199653879666,
25,5/7/2021,35.680854423711814,
25,5/23/2021,48.65571058,
25,6/6/2021,29.19342634655507,
25,8/17/2021,71.36170884742363,
25,9/11/2021,55.14313865518204,
25,9/30/2021,38.92456846226327,
25,10/11/2021,53.65677839881472,
25,11/11/2021,34.44212332303513,
25,12/9/2021,40.681922244501244,
25,1/12/2022,32.43714038578371,
25,2/11/2022,31.554552915070413,
25,3/5/2022,48.65571058,
25,4/26/2022,48.655710577401955,
25,5/17/2022,70.99774405884114,
25,7/15/2022,61.63056673171543,
25,9/5/2022,77.84913692395702,
25,9/16/2022,,no intersection
25,11/18/2022,55.14313865455869,
25,12/17/2022,51.89942461663058,
25,1/25/2023,32.43714038510653,
25,2/9/2023,,no intersection
25,6/18/2023,55.14313865455869,
25,7/28/2023,53.65677839881472,
25,9/7/2023,61.63056673171543,
25,10/6/2023,42.16828250024521,
25,11/7/2023,38.92456846163992,
250,5/6/2017,22.52079747082609,
250,6/5/2017,16.21857019224159,
250,8/2/2017,34.54217401751465,
250,9/27/2017,61.63056673171543,
250,10/14/2017,35.680854423711814,
250,11/27/2017,29.19342634655507,
250,12/23/2017,48.655710577401955,
250,1/6/2018,48.655710577401955,
250,2/10/2018,48.655710577401955,
250,3/27/2018,47.069299627178474,
250,4/2/2018,51.89942461595341,
250,6/10/2018,39.443191143824556,
250,7/15/2018,48.65571057734812,
250,8/31/2018,48.65571057734812,
250,9/13/2018,51.89942461595341,
250,10/15/2018,55.14313865455869,
250,11/16/2018,39.18709821,
250,12/13/2018,16.21857019224159,
250,1/1/2019,16.695688677287755,
250,2/22/2019,16.21857019224159,
250,4/30/2019,25.94971230800362,
250,5/20/2019,25.94971230800362,
250,6/18/2019,26.20580524411084,
250,7/17/2019,50.31945047502294,
250,8/19/2019,52.15551755211446,
250,9/8/2019,58.20808870377708,
250,10/7/2019,39.18066139842433,
250,11/22/2019,45.41199653947385,
250,12/5/2019,35.680854423711814,
250,1/31/2020,20.166107711549923,
250,2/12/2020,25.94971230800362,
250,3/12/2020,,no intersection
250,5/23/2020,64.87428077026689,
250,6/17/2020,69.7752979,
250,7/15/2020,81.09285096318565,
250,9/23/2020,74.60542288602892,
250,10/22/2020,55.14313865455869,
250,11/21/2020,45.41199653947385,
250,12/23/2020,35.680854423711814,
250,1/23/2021,22.70599826939833,
250,2/7/2021,29.19342634655507,
250,3/16/2021,23.66591468631627,
250,4/14/2021,43.8320224,
250,5/7/2021,39.18709821,
250,5/23/2021,51.89942461595341,
250,6/6/2021,42.16828250086856,
250,8/17/2021,61.63056673171543,
250,9/11/2021,58.38685269311014,
250,9/30/2021,38.92456846226327,
250,10/11/2021,42.16828250086856,
250,11/11/2021,31.298459978909356,
250,12/9/2021,19.462284230846876,
250,1/12/2022,9.731142115084848,
250,2/11/2022,22.70599826939833,
250,3/5/2022,47.07573643641765,
250,4/26/2022,16.21857019224159,
250,5/17/2022,22.70599826939833,
250,7/15/2022,18.764897559952523,
250,9/5/2022,51.89942461595341,
250,9/16/2022,54.96437466517179,
250,11/18/2022,23.40982175010138,
250,12/17/2022,45.41199653879666,
250,1/25/2023,28.054745940357904,
250,2/9/2023,22.70599826939833,
250,6/18/2023,16.474663128402646,
250,7/28/2023,54.96437466517179,
250,9/7/2023,48.65571057734812,
250,10/6/2023,31.298459978909356,
250,11/7/2023,25.949712307949785,
251,5/6/2017,,no intersection
251,6/5/2017,27.806683409346995,
251,8/2/2017,37.58622004363437,
251,9/27/2017,64.87428077,
251,10/14/2017,32.89290133463716,
251,11/27/2017,29.193426346716574,
251,12/23/2017,46.87606842530911,
251,1/6/2018,48.65571057767112,
251,2/10/2018,45.41199653838865,
251,3/27/2018,38.92456846185526,
251,4/2/2018,51.89942461627641,
251,6/10/2018,35.680854423303806,
251,7/15/2018,42.62404344977585,
251,8/31/2018,52.35518556559171,
251,9/13/2018,46.87606842530911,
251,10/15/2018,55.143138654881696,
251,11/16/2018,38.92456846185526,
251,12/13/2018,16.218570192349258,
251,1/1/2019,22.705998269505997,
251,2/22/2019,19.46228423090071,
251,4/30/2019,29.193426346039395,
251,5/20/2019,25.949712307434105,
251,6/18/2019,32.43714038464468,
251,7/17/2019,45.41199653906583,
251,8/19/2019,61.63056673141509,
251,9/8/2019,58.386852693486986,
251,10/7/2019,45.41199653838865,
251,11/22/2019,48.65571057699394,
251,12/5/2019,42.16828250046055,
251,1/31/2020,19.46228423090071,
251,2/12/2020,29.193426346716574,
251,3/12/2020,38.92456846185526,
251,5/23/2020,68.11799480794848,
251,6/17/2020,64.87428077,
251,7/15/2020,81.09285096231581,
251,9/23/2020,74.60542288515906,
251,10/22/2020,55.14313865420452,
251,11/21/2020,48.65571057699394,
251,12/23/2020,38.92456846185526,
251,1/23/2021,22.705998269505997,
251,2/7/2021,29.193426346716574,
251,3/16/2021,32.43714038532187,
251,4/14/2021,38.92456846185526,
251,5/7/2021,39.38032941117056,
251,5/23/2021,48.65571057767112,
251,6/6/2021,45.41199653838865,
251,8/17/2021,62.086327680730385,
251,9/11/2021,55.220467603755395,
251,9/30/2021,32.43714038532187,
251,10/11/2021,42.62404344977585,
251,11/11/2021,38.92456846185526,
251,12/9/2021,22.705998268882652,
251,1/12/2022,15.777276458208137,
251,2/11/2022,22.705998269505997,
251,3/5/2022,42.16828250046055,
251,4/26/2022,21.80894358542623,
251,5/17/2022,29.193426346039395,
251,7/15/2022,22.705998268882652,
251,9/5/2022,48.65571057767112,
251,9/16/2022,49.11147152698642,
251,11/18/2022,25.949712308111287,
251,12/17/2022,42.16828250046055,
251,1/25/2023,23.66591468733912,
251,2/9/2023,19.46228423090071,
251,6/18/2023,25.949712307434105,
251,7/28/2023,42.62404344977585,
251,9/7/2023,42.16828250046055,
251,10/6/2023,31.554552916416274,
251,11/7/2023,23.161759218821295,
252,5/6/2017,12.974856154313484,
252,6/5/2017,19.462284230793042,
252,8/2/2017,45.41199653942001,
252,9/27/2017,61.630566731607765,
252,10/14/2017,35.680854423657976,
252,11/27/2017,29.19342634655507,
252,12/23/2017,45.41199653874283,
252,1/6/2018,45.41199653874283,
252,2/10/2018,32.43714038510653,
252,3/27/2018,42.168282500814726,
252,4/2/2018,55.14313865450486,
252,6/10/2018,38.92456846226327,
252,7/15/2018,48.655710577294286,
252,8/31/2018,58.38685269305631,
252,9/13/2018,49.311139523049675,
252,10/15/2018,51.89942461589957,
252,11/16/2018,35.680854423711814,
252,12/13/2018,15.777276457400621,
252,1/1/2019,25.949712307949785,
252,2/22/2019,16.873999137943148,
252,4/30/2019,29.193426346501237,
252,5/20/2019,25.949712307949785,
252,6/18/2019,29.193426346501237,
252,7/17/2019,56.40754254231617,
252,8/19/2019,61.630566731661595,
252,9/8/2019,64.87428077021306,
252,10/7/2019,38.92456846226327,
252,11/22/2019,42.168282500814726,
252,12/5/2019,42.16828250086856,
252,1/31/2020,22.70599826939833,
252,2/12/2020,29.19342634655507,
252,3/12/2020,40.63026608486172,
252,5/23/2020,68.11799480876451,
252,6/17/2020,68.11799480876451,
252,7/15/2020,81.09285096307799,
252,9/23/2020,77.84913692452653,
252,10/22/2020,58.38685269305631,
252,11/21/2020,42.168282500814726,
252,12/23/2020,39.443191143609226,
252,1/23/2021,22.70599826939833,
252,2/7/2021,25.949712307949785,
252,3/16/2021,36.33628336941337,
252,4/14/2021,45.41199653874283,
252,5/7/2021,35.680854423657976,
252,5/23/2021,55.14313865445102,
252,6/6/2021,35.680854423657976,
252,8/17/2021,58.38685269305631,
252,9/11/2021,61.630566731607765,
252,9/30/2021,35.680854423657976,
252,10/11/2021,49.92011446515943,
252,11/11/2021,35.680854423657976,
252,12/9/2021,16.21857019224159,
252,1/12/2022,12.974856153636301,
252,2/11/2022,19.462284230793042,
252,3/5/2022,49.92011446515943,
252,4/26/2022,24.852989627407258,
252,5/17/2022,32.43714038510653,
252,7/15/2022,21.60927559,
252,9/5/2022,54.565038655308285,
252,9/16/2022,57.80875269385974,
252,11/18/2022,26.605141253651343,
252,12/17/2022,48.65571057734812,
252,1/25/2023,23.01048574045321,
252,2/9/2023,26.605141253651343,
252,6/18/2023,22.705998269344494,
252,7/28/2023,42.168282500814726,
252,9/7/2023,48.655710577294286,
252,10/6/2023,38.92456846226327,
252,11/7/2023,23.36142721509989,
253,5/6/2017,19.462284230954545,
253,6/5/2017,22.70599826955983,
253,8/2/2017,44.42458960999857,
253,9/27/2017,55.14313865425835,
253,10/14/2017,32.437140384698516,
253,11/27/2017,25.94971230748794,
253,12/23/2017,42.16828250051438,
253,1/6/2018,36.53595138086758,
253,2/10/2018,31.449733455577412,
253,3/27/2018,35.680854423303806,
253,4/2/2018,51.89942461565306,
253,6/10/2018,41.62216931,
253,7/15/2018,45.41199653844249,
253,8/31/2018,61.630566731468925,
253,9/13/2018,49.72044645566592,
253,10/15/2018,55.14313865425835,
253,11/16/2018,35.68085442392715,
253,12/13/2018,19.462284230954545,
253,1/1/2019,25.94971230748794,
253,2/22/2019,19.462284230954545,
253,4/30/2019,22.705998269505997,
253,5/20/2019,19.462284230954545,
253,6/18/2019,29.19342634609323,
253,7/17/2019,52.964160494271205,
253,8/19/2019,60.852798723402195,
253,9/8/2019,60.852798723402195,
253,10/7/2019,38.92456846190909,
253,11/22/2019,45.07552226519405,
253,12/5/2019,42.16828250051438,
253,1/31/2020,25.94971230748794,
253,2/12/2020,25.94971230748794,
253,3/12/2020,37.18688403606307,
253,5/23/2020,67.13058788,
253,6/17/2020,68.11799480800232,
253,7/15/2020,87.58027903895687,
253,9/23/2020,74.60542289,
253,10/22/2020,55.14313865425835,
253,11/21/2020,47.66830364860385,
253,12/23/2020,47.33182937467824,
253,1/23/2021,25.94971230748794,
253,2/7/2021,29.19342634609323,
253,3/16/2021,38.92456846190909,
253,4/14/2021,49.72044645566592,
253,5/7/2021,45.41199653911966,
253,5/23/2021,58.386852692863634,
253,6/6/2021,47.66830364860385,
253,8/17/2021,61.630566731468925,
253,9/11/2021,70.99774406196353,
253,9/30/2021,41.83180822658877,
253,10/11/2021,48.65571057704778,
253,11/11/2021,44.42458960999857,
253,12/9/2021,6.4874280765872285,
253,1/12/2022,16.218570192349258,
253,2/11/2022,17.073667149913035,
253,3/5/2022,48.65571057704778,
253,4/26/2022,22.70599826955983,
253,5/17/2022,35.78567388408883,
253,7/15/2022,29.19342634609323,
253,9/5/2022,55.14313865425835,
253,9/16/2022,55.14313865425835,
253,11/18/2022,25.94971230748794,
253,12/17/2022,48.65571057767112,
253,1/25/2023,23.56109522644643,
253,2/9/2023,19.462284230954545,
253,6/18/2023,31.449733455577412,
253,7/28/2023,35.680854423303806,
253,9/7/2023,48.65571057704778,
253,10/6/2023,38.92456846190909,
253,11/7/2023,25.94971230748794,
254,5/6/2017,,no intersection
254,6/5/2017,22.705998268882652,
254,8/2/2017,48.65571057699394,
254,9/27/2017,56.008206526244706,
254,10/14/2017,35.68085442324997,
254,11/27/2017,25.854863762372194,
254,12/23/2017,35.68085442392715,
254,1/6/2018,35.68085442392715,
254,2/10/2018,22.705998268882652,
254,3/27/2018,38.92456846185526,
254,4/2/2018,51.89942461559923,
254,6/10/2018,42.16828250046055,
254,7/15/2018,51.11168569316375,
254,8/31/2018,63.89684475532186,
254,9/13/2018,57.59911377037432,
254,10/15/2018,49.520778449711315,
254,11/16/2018,36.73561938682219,
254,12/13/2018,22.70599826955983,
254,1/1/2019,32.34229183890559,
254,2/22/2019,16.218570192349258,
254,4/30/2019,19.462284230954545,
254,5/20/2019,22.705998268882652,
254,6/18/2019,29.19342634609323,
254,7/17/2019,55.14313865420452,
254,8/19/2019,61.63056673073791,
254,9/8/2019,64.87428077,
254,10/7/2019,45.41199653838865,
254,11/22/2019,42.1682825,
254,12/5/2019,45.41199653906583,
254,1/31/2020,28.405687423657746,
254,2/12/2020,22.70599826955983,
254,3/12/2020,35.68085442324997,
254,5/23/2020,68.11799480794848,
254,6/17/2020,64.87428077,
254,7/15/2020,90.82399307750832,
254,9/23/2020,74.60542288515906,
254,10/22/2020,58.38685269,
254,11/21/2020,48.65571057699394,
254,12/23/2020,42.1682825,
254,1/23/2021,31.554552916470108,
254,2/7/2021,29.19342634609323,
254,3/16/2021,38.92456846185526,
254,4/14/2021,51.11168569316375,
254,5/7/2021,48.65571057699394,
254,5/23/2021,58.38685269,
254,6/6/2021,48.65571057699394,
254,8/17/2021,64.87428077,
254,9/11/2021,71.36170884655378,
254,9/30/2021,38.92456846185526,
254,10/11/2021,47.86797165455845,
254,11/11/2021,48.65571057699394,
254,12/9/2021,9.731142115138683,
254,1/12/2022,16.218570192349258,
254,2/11/2022,19.462284230954545,
254,3/5/2022,48.11956829711372,
254,4/26/2022,22.705998268882652,
254,5/17/2022,35.68085442324997,
254,7/15/2022,35.68085442324997,
254,9/5/2022,55.220467603809226,
254,9/16/2022,56.008206526244706,
254,11/18/2022,34.89311550081449,
254,12/17/2022,51.89942461627641,
254,1/25/2023,25.94971230816512,
254,2/9/2023,22.70599826955983,
254,6/18/2023,29.19342634609323,
254,7/28/2023,38.92456846185526,
254,9/7/2023,45.41199653906583,
254,10/6/2023,45.41199653838865,
254,11/7/2023,22.70599826955983,
255,5/6/2017,22.705998270021677,
255,6/5/2017,25.949712307949785,
255,8/2/2017,51.899424616522914,
255,9/27/2017,55.14313865445102,
255,10/14/2017,32.43714038510653,
255,11/27/2017,28.60535542,
255,12/23/2017,22.70599826939833,
255,1/6/2018,25.949712307949785,
255,2/10/2018,12.974856153636301,
255,3/27/2018,42.16828250086856,
255,4/2/2018,48.06763965113739,
255,6/10/2018,46.07739641218955,
255,7/15/2018,44.676186260538316,
255,8/31/2018,61.630566731661595,
255,9/13/2018,55.14313865445102,
255,10/15/2018,48.65571057734812,
255,11/16/2018,35.680854423711814,
255,12/13/2018,17.766557535832096,
255,1/1/2019,21.010271574383548,
255,2/22/2019,13.12163334568324,
255,4/30/2019,19.462284230793042,
255,5/20/2019,19.462284230793042,
255,6/18/2019,29.19342634655507,
255,7/17/2019,51.89942461589957,
255,8/19/2019,58.38685269305631,
255,9/8/2019,61.630566731661595,
255,10/7/2019,42.16828250086856,
255,11/22/2019,42.16828250086856,
255,12/5/2019,42.168282500814726,
255,1/31/2020,28.60535542,
255,2/12/2020,29.193426346501237,
255,3/12/2020,38.92456846226327,
255,5/23/2020,68.11799480881834,
255,6/17/2020,58.38685269305631,
255,7/15/2020,87.58027904023473,
255,9/23/2020,71.58581498529837,
255,10/22/2020,61.630566731661595,
255,11/21/2020,55.14313865445102,
255,12/23/2020,35.680854423657976,
255,1/23/2021,25.949712307949785,
255,2/7/2021,29.549518132927872,
255,3/16/2021,38.92456846226327,
255,4/14/2021,51.89942461589957,
255,5/7/2021,36.78754803183801,
255,5/23/2021,57.79878176622224,
255,6/6/2021,45.41199653942001,
255,8/17/2021,55.14313865445102,
255,9/11/2021,71.36170885,
255,9/30/2021,35.680854423657976,
255,10/11/2021,44.82392561258594,
255,11/11/2021,42.168282500814726,
255,12/9/2021,5.89935715,
255,1/12/2022,18.87421330395897,
255,2/11/2022,19.462284230793042,
255,3/5/2022,48.06763965113739,
255,4/26/2022,24.25398561298884,
255,5/17/2022,38.92456846226327,
255,7/15/2022,45.41199653942001,
255,9/5/2022,52.56482448929246,
255,9/16/2022,58.38685269305631,
255,11/18/2022,35.680854423657976,
255,12/17/2022,45.41199653874283,
255,1/25/2023,22.70599826939833,
255,2/9/2023,22.705998269344494,
255,6/18/2023,28.89890980308386,
255,7/28/2023,35.680854423657976,
255,9/7/2023,38.92456846226327,
255,10/6/2023,42.168282500814726,
255,11/7/2023,25.949712307949785,
256,5/6/2017,16.218570192349258,
256,6/5/2017,22.705998269505997,
256,8/2/2017,47.72023228703488,
256,9/27/2017,51.89942461559923,
256,10/14/2017,38.92456846185526,
256,11/27/2017,22.705998268882652,
256,12/23/2017,20.81060356109047,
256,1/6/2018,22.705998268882652,
256,2/10/2018,23.66591468733912,
256,3/27/2018,35.68085442324997,
256,4/2/2018,47.72023228703488,
256,6/10/2018,48.65571057767112,
256,7/15/2018,42.16828250046055,
256,8/31/2018,55.60887051611203,
256,9/13/2018,61.63056673141509,
256,10/15/2018,55.14313865420452,
256,11/16/2018,38.92456846185526,
256,12/13/2018,28.699241790221457,
256,1/1/2019,28.805023433682756,
256,2/22/2019,19.46228423090071,
256,4/30/2019,12.97485615374397,
256,5/20/2019,22.705998269505997,
256,6/18/2019,32.43714038464468,
256,7/17/2019,45.41199653906583,
256,8/19/2019,66.74122278,
256,9/8/2019,68.11799480862567,
256,10/7/2019,55.60887051611203,
256,11/22/2019,39.83159405790389,
256,12/5/2019,51.89942461559923,
256,1/31/2020,31.554552916470108,
256,2/12/2020,31.554552916470108,
256,3/12/2020,27.298031638301048,
256,5/23/2020,71.36170884723096,
256,6/17/2020,55.14313865420452,
256,7/15/2020,81.09285096236964,
256,9/23/2020,74.62986101297929,
256,10/22/2020,64.87428077002038,
256,11/21/2020,51.89942461559923,
256,12/23/2020,32.43714038464468,
256,1/23/2021,31.942955828826744,
256,2/7/2021,25.949712308111287,
256,3/16/2021,42.16828250046055,
256,4/14/2021,61.63056673141509,
256,5/7/2021,45.41199653906583,
256,5/23/2021,61.63056673141509,
256,6/6/2021,51.89942461559923,
256,8/17/2021,51.89942461559923,
256,9/11/2021,74.60542288515906,
256,9/30/2021,42.16828250046055,
256,10/11/2021,41.77987958810391,
256,11/11/2021,41.77987958810391,
256,12/9/2021,6.487428077210576,
256,1/12/2022,19.46228423090071,
256,2/11/2022,19.462284230954545,
256,3/5/2022,48.65571057699394,
256,4/26/2022,32.43714038464468,
256,5/17/2022,43.07530809650918,
256,7/15/2022,46.319022135114466,
256,9/5/2022,58.38685269,
256,9/16/2022,55.220467603755395,
256,11/18/2022,38.92456846185526,
256,12/17/2022,42.16828250046055,
256,1/25/2023,28.699241790221457,
256,2/9/2023,20.81060356109047,
256,6/18/2023,25.5613094,
256,7/28/2023,32.43714038464468,
256,9/7/2023,38.92456846185526,
256,10/6/2023,35.68085442324997,
256,11/7/2023,29.193426346039395,
257,5/6/2017,16.21857019224159,
257,6/5/2017,25.94971230800362,
257,8/2/2017,61.63056673171543,
257,9/27/2017,58.38685269311014,
257,10/14/2017,38.92456846226327,
257,11/27/2017,23.854649602263983,
257,12/23/2017,23.854649602263983,
257,1/6/2018,22.705998270021677,
257,2/10/2018,25.760977392625417,
257,3/27/2018,38.924568462317104,
257,4/2/2018,48.655710577401955,
257,6/10/2018,58.386852693733495,
257,7/15/2018,48.655710577401955,
257,8/31/2018,77.67390705137609,
257,9/13/2018,64.87428077026689,
257,10/15/2018,55.22046760133285,
257,11/16/2018,38.92456846226327,
257,12/13/2018,29.19342634717842,
257,1/1/2019,22.705998270021677,
257,2/22/2019,22.705998270021677,
257,4/30/2019,19.462284230846876,
257,5/20/2019,22.70599826939833,
257,6/18/2019,35.680854423711814,
257,7/17/2019,38.92456846163992,
257,8/19/2019,66.54155478401664,
257,9/8/2019,68.11799480887217,
257,10/7/2019,64.87428077026689,
257,11/22/2019,46.11935414,
257,12/5/2019,51.89942461657675,
257,1/31/2020,32.43714038578371,
257,2/12/2020,29.19342634717842,
257,3/12/2020,29.19342634655507,
257,5/23/2020,70.99774405884114,
257,6/17/2020,61.63056673171543,
257,7/15/2020,71.36170884742363,
257,9/23/2020,74.60542288602892,
257,10/22/2020,66.08675600648608,
257,11/21/2020,58.38685269311014,
257,12/23/2020,29.19342634717842,
257,1/23/2021,38.23071590760536,
257,2/7/2021,31.55455291501658,
257,3/16/2021,49.86818581362115,
257,4/14/2021,64.87428077026689,
257,5/7/2021,48.655710577401955,
257,5/23/2021,63.109105830086996,
257,6/6/2021,58.38685269311014,
257,8/17/2021,58.38685269311014,
257,9/11/2021,69.33047004509139,
257,9/30/2021,42.16828250086856,
257,10/11/2021,38.92456846226327,
257,11/11/2021,42.16828250086856,
257,12/9/2021,14.187331389909339,
257,1/12/2022,19.273549315468678,
257,2/11/2022,29.00469143117687,
257,3/5/2022,51.89942461657675,
257,4/26/2022,35.680854423711814,
257,5/17/2022,55.14313865455869,
257,7/15/2022,53.111899852172606,
257,9/5/2022,58.386852693733495,
257,9/16/2022,58.386852693733495,
257,11/18/2022,39.63192605982611,
257,12/17/2022,42.16828250086856,
257,1/25/2023,29.19342634717842,
257,2/9/2023,25.949712308626967,
257,6/18/2023,25.949712308626967,
257,7/28/2023,32.43714038510653,
257,9/7/2023,42.16828250086856,
257,10/6/2023,38.92456846226327,
257,11/7/2023,32.43714038578371,
258,5/6/2017,22.253771441065403,
258,6/5/2017,25.949712308111287,
258,8/2/2017,61.630566731361256,
258,9/27/2017,55.143138654827865,
258,10/14/2017,35.68085442392715,
258,11/27/2017,19.47321732446917,
258,12/23/2017,22.705998269505997,
258,1/6/2018,16.218570192972606,
258,2/10/2018,22.705998269505997,
258,3/27/2018,42.16828250046055,
258,4/2/2018,45.41199653906583,
258,6/10/2018,58.45324854830771,
258,7/15/2018,57.05203839581779,
258,8/31/2018,68.12892790203263,
258,9/13/2018,64.87428077058989,
258,10/15/2018,61.63056673203844,
258,11/16/2018,32.43714038532187,
258,12/13/2018,23.66591468706995,
258,1/1/2019,16.218570192972606,
258,2/22/2019,22.705998269505997,
258,4/30/2019,19.462284230954545,
258,5/20/2019,25.949712308111287,
258,6/18/2019,37.092997669308346,
258,7/17/2019,43.58042574651893,
258,8/19/2019,71.36170884712328,
258,9/8/2019,69.53013805457638,
258,10/7/2019,68.11799480851799,
258,11/22/2019,49.163400166794474,
258,12/5/2019,48.65571057761729,
258,1/31/2020,32.43714038532187,
258,2/12/2020,,no intersection
258,3/12/2020,,no intersection
258,5/23/2020,68.11799480857184,
258,6/17/2020,61.630566731361256,
258,7/15/2020,71.36170884712328,
258,9/23/2020,71.36170884712328,
258,10/22/2020,53.31156786160378,
258,11/21/2020,58.386852692755966,
258,12/23/2020,,no intersection
258,1/23/2021,45.41199653906583,
258,2/7/2021,33.38612370869401,
258,3/16/2021,55.14313865477403,
258,4/14/2021,68.11799480851799,
258,5/7/2021,61.630566731361256,
258,5/23/2021,74.60542288572857,
258,6/6/2021,64.87428076991272,
258,8/17/2021,58.386852692755966,
258,9/11/2021,71.36170884712328,
258,9/30/2021,38.93550155599323,
258,10/11/2021,32.448073478836484,
258,11/11/2021,42.168282501083894,
258,12/9/2021,16.218570192349258,
258,1/12/2022,22.705998269505997,
258,2/11/2022,25.949712308111287,
258,3/5/2022,51.91035771,
258,4/26/2022,32.43714038532187,
258,5/17/2022,63.10910583,
258,7/15/2022,57.05203839581779,
258,9/5/2022,55.143138654827865,
258,9/16/2022,58.38685269343315,
258,11/18/2022,45.41199653906583,
258,12/17/2022,45.422929632526625,
258,1/25/2023,25.960645401625914,
258,2/9/2023,26.89869563216061,
258,6/18/2023,29.193426346716574,
258,7/28/2023,38.03104789911203,
258,9/7/2023,38.924568462478604,
258,10/6/2023,32.43714038532187,
258,11/7/2023,38.924568462478604,
259,5/6/2017,22.70599826955983,
259,6/5/2017,32.437140384698516,
259,8/2/2017,,no intersection
259,9/27/2017,53.608656349988536,
259,10/14/2017,42.47630408225226,
259,11/27/2017,22.91659937078293,
259,12/23/2017,18.810389394913145,
259,1/6/2018,16.429171294249535,
259,2/10/2018,19.672885332854825,
259,3/27/2018,37.29266567707066,
259,4/2/2018,45.41199653906583,
259,6/10/2018,61.63056673141509,
259,7/15/2018,53.51123586936608,
259,8/31/2018,64.87428077,
259,9/13/2018,64.87428077002038,
259,10/15/2018,58.25358054,
259,11/16/2018,38.92456846185526,
259,12/13/2018,29.404027447993506,
259,1/1/2019,16.218570192349258,
259,2/22/2019,22.70599826955983,
259,4/30/2019,20.652893281651856,
259,5/20/2019,25.94971230816512,
259,6/18/2019,32.437140384698516,
259,7/17/2019,48.65571057767112,
259,8/19/2019,71.36170884655378,
259,9/8/2019,71.36170884655378,
259,10/7/2019,71.36170884655378,
259,11/22/2019,42.16828250046055,
259,12/5/2019,58.25358054,
259,1/31/2020,35.680854423303806,
259,2/12/2020,45.41199653906583,
259,3/12/2020,22.70599826955983,
259,5/23/2020,64.87428077002038,
259,6/17/2020,58.38685269,
259,7/15/2020,68.11799480862567,
259,9/23/2020,74.60542288515906,
259,10/22/2020,48.65571057767112,
259,11/21/2020,58.38685269,
259,12/23/2020,,no intersection
259,1/23/2021,47.023807792832685,
259,2/7/2021,33.18645570125471,
259,3/16/2021,58.386852693486986,
259,4/14/2021,71.36170884723096,
259,5/7/2021,64.87428077002038,
259,5/23/2021,77.84913692376435,
259,6/6/2021,64.87428076939703,
259,8/17/2021,60.096084427199116,
259,9/11/2021,71.36170884655378,
259,9/30/2021,32.43714038532187,
259,10/11/2021,42.16828250046055,
259,11/11/2021,38.92456846185526,
259,12/9/2021,9.731142115815864,
259,1/12/2022,19.672885332854825,
259,2/11/2022,29.404027447993506,
259,3/5/2022,55.14313865420452,
259,4/26/2022,41.07509393038569,
259,5/17/2022,64.87428077002038,
259,7/15/2022,61.63056673141509,
259,9/5/2022,55.14313865420452,
259,9/16/2022,51.89942461559923,
259,11/18/2022,50.36494231138325,
259,12/17/2022,42.1682825,
259,1/25/2023,23.45531358543884,
259,2/9/2023,22.91659937078293,
259,6/18/2023,25.94971230748794,
259,7/28/2023,39.23259004364698,
259,9/7/2023,38.92456846185526,
259,10/6/2023,35.68085442324997,
259,11/7/2023,32.64774148654496,
26,5/6/2017,29.193426346716574,
26,6/5/2017,,no intersection
26,8/2/2017,38.07916995259914,
26,9/27/2017,68.11799480862567,
26,10/14/2017,55.14313865420452,
26,11/27/2017,28.348027836783274,
26,12/23/2017,,no intersection
26,1/6/2018,21.26759915798995,
26,2/10/2018,52.01394252,
26,3/27/2018,45.41199653906583,
26,4/2/2018,47.21731146615507,
26,6/10/2018,35.680854423303806,
26,7/15/2018,42.28280040898372,
26,8/31/2018,51.89942461559923,
26,9/13/2018,29.193426346716574,
26,10/15/2018,32.43714038464468,
26,11/16/2018,28.348027836783274,
26,12/13/2018,45.41199653906583,
26,1/1/2019,42.16828250046055,
26,2/22/2019,25.949712308111287,
26,4/30/2019,47.21731146615507,
26,5/20/2019,42.16828250046055,
26,6/18/2019,47.21731146615507,
26,7/17/2019,81.09285096236964,
26,8/19/2019,70.88322615349419,
26,9/8/2019,68.11799480862567,
26,10/7/2019,61.74508463993826,
26,11/22/2019,51.89942461559923,
26,12/5/2019,22.705998269505997,
26,1/31/2020,25.949712308111287,
26,2/12/2020,22.705998269505997,
26,3/12/2020,38.92456846185526,
26,5/23/2020,55.14313865420452,
26,6/17/2020,45.41199653906583,
26,7/15/2020,56.507159847152636,
26,9/23/2020,81.09285096236964,
26,10/22/2020,38.92456846185526,
26,11/21/2020,74.60542288515906,
26,12/23/2020,,no intersection
26,1/23/2021,29.193426346716574,
26,2/7/2021,35.68085442324997,
26,3/16/2021,59.902580753199544,
26,4/14/2021,48.77022848619429,
26,5/7/2021,34.68374904655222,
26,5/23/2021,42.168282499783366,
26,6/6/2021,38.92456846185526,
26,8/17/2021,64.87428077002038,
26,9/11/2021,52.45523626,
26,9/30/2021,35.68085442324997,
26,10/11/2021,50.01973177061924,
26,11/11/2021,32.43714038464468,
26,12/9/2021,38.92456846185526,
26,1/12/2022,32.43714038464468,
26,2/11/2022,32.43714038532187,
26,3/5/2022,45.41199653906583,
26,4/26/2022,38.92456846185526,
26,5/17/2022,64.87428077002038,
26,7/15/2022,64.87428077002038,
26,9/5/2022,74.60542288515906,
26,9/16/2022,,no intersection
26,11/18/2022,58.38685269,
26,12/17/2022,55.14313865420452,
26,1/25/2023,29.193426346716574,
26,2/9/2023,,no intersection
26,6/18/2023,50.61273237220199,
26,7/28/2023,55.14313865420452,
26,9/7/2023,59.750873885757926,
26,10/6/2023,37.63787621845802,
26,11/7/2023,35.68085442324997,
260,5/6/2017,22.70599826939833,
260,6/5/2017,35.680854423711814,
260,8/2/2017,,no intersection
260,9/27/2017,58.38685269311014,
260,10/14/2017,48.65571058,
260,11/27/2017,29.19342634717842,
260,12/23/2017,19.462284231470225,
260,1/6/2018,16.218570192864938,
260,2/10/2018,22.70599827007551,
260,3/27/2018,38.92456846226327,
260,4/2/2018,45.41199653879666,
260,6/10/2018,58.386852693733495,
260,7/15/2018,55.14313865450486,
260,8/31/2018,71.36170884742363,
260,9/13/2018,64.87428077026689,
260,10/15/2018,64.87428077094407,
260,11/16/2018,34.38799786,
260,12/13/2018,29.19342634717842,
260,1/1/2019,22.70599826939833,
260,2/22/2019,25.949712308626967,
260,4/30/2019,31.58557755138684,
260,5/20/2019,29.162401710184813,
260,6/18/2019,36.23050174,
260,7/17/2019,58.38685269311014,
260,8/19/2019,74.60542288597509,
260,9/8/2019,74.60542288597509,
260,10/7/2019,74.60542288535174,
260,11/22/2019,45.41199653879666,
260,12/5/2019,55.14313865518204,
260,1/31/2020,35.680854423711814,
260,2/12/2020,51.89942461595341,
260,3/12/2020,29.19342634655507,
260,5/23/2020,64.87428077026689,
260,6/17/2020,63.14013046645726,
260,7/15/2020,64.84325613389663,
260,9/23/2020,77.84913692390319,
260,10/22/2020,51.89942461595341,
260,11/21/2020,61.63056673171543,
260,12/23/2020,35.680854423711814,
260,1/23/2021,45.41199653879666,
260,2/7/2021,36.23050174,
260,3/16/2021,55.14313865450486,
260,4/14/2021,68.11799480881834,
260,5/7/2021,63.000752246996406,
260,5/23/2021,71.36170884742363,
260,6/6/2021,55.14313865455869,
260,8/17/2021,58.38685269311014,
260,9/11/2021,71.36170884742363,
260,9/30/2021,31.144283816653545,
260,10/11/2021,48.655710577401955,
260,11/11/2021,32.43714038578371,
260,12/9/2021,19.462284230846876,
260,1/12/2022,22.705998270021677,
260,2/11/2022,22.705998270021677,
260,3/5/2022,50.165274312767124,
260,4/26/2022,38.92456846226327,
260,5/17/2022,78.88638228759528,
260,7/15/2022,68.11799480887217,
260,9/5/2022,68.11799480881834,
260,9/16/2022,61.630566731661595,
260,11/18/2022,55.14313865518204,
260,12/17/2022,42.16828250086856,
260,1/25/2023,23.255645587899398,
260,2/9/2023,32.43714038578371,
260,6/18/2023,26.49935962645085,
260,7/28/2023,51.89942461595341,
260,9/7/2023,42.16828250086856,
260,10/6/2023,42.16828250086856,
260,11/7/2023,35.680854423711814,
261,5/6/2017,16.218570192349258,
261,6/5/2017,28.142195501511512,
261,8/2/2017,35.68085442319614,
261,9/27/2017,55.14313865415068,
261,10/14/2017,37.69200168601898,
261,11/27/2017,29.193426346716574,
261,12/23/2017,24.717145531651664,
261,1/6/2018,29.193426346039395,
261,2/10/2018,24.89848146296006,
261,3/27/2018,35.68085442319614,
261,4/2/2018,45.41199653906583,
261,6/10/2018,51.899424616222575,
261,7/15/2018,48.65571057761729,
261,8/31/2018,71.36170884712328,
261,9/13/2018,68.11799480857184,
261,10/15/2018,61.630566731361256,
261,11/16/2018,48.56439615003001,
261,12/13/2018,27.96085957020312,
261,1/1/2019,22.705998269505997,
261,2/22/2019,29.19342634666274,
261,4/30/2019,31.55455292,
261,5/20/2019,31.385909540116803,
261,6/18/2019,42.16828250040671,
261,7/17/2019,51.899424616222575,
261,8/19/2019,71.36170884712328,
261,9/8/2019,77.84913692365669,
261,10/7/2019,74.60542289,
261,11/22/2019,48.65571057761729,
261,12/5/2019,58.386852692755966,
261,1/31/2020,35.68085442324997,
261,2/12/2020,48.65571057761729,
261,3/12/2020,29.19342634666274,
261,5/23/2020,61.79921010733772,
261,6/17/2020,61.79921010733772,
261,7/15/2020,58.386852692755966,
261,9/23/2020,81.09285096226198,
261,10/22/2020,45.411996539011994,
261,11/21/2020,58.386852692702135,
261,12/23/2020,36.03083373053483,
261,1/23/2021,48.56439615003001,
261,2/7/2021,36.03083373053483,
261,3/16/2021,48.82435395364759,
261,4/14/2021,61.79921010733772,
261,5/7/2021,55.143138654827865,
261,5/23/2021,71.36170884712328,
261,6/6/2021,51.899424616222575,
261,8/17/2021,62.94046245621007,
261,9/11/2021,71.36170884712328,
261,9/30/2021,42.076968073496616,
261,10/11/2021,51.808110188581466,
261,11/11/2021,31.55455292,
261,12/9/2021,19.46228423090071,
261,1/12/2022,18.411053386426666,
261,2/11/2022,23.055977576844693,
261,3/5/2022,64.87428076996655,
261,4/26/2022,42.16828250040671,
261,5/17/2022,81.09285096226198,
261,7/15/2022,61.63056673130742,
261,9/5/2022,61.630566731361256,
261,9/16/2022,55.22046760321705,
261,11/18/2022,55.14313865415068,
261,12/17/2022,42.77821961073963,
261,1/25/2023,22.705998269505997,
261,2/9/2023,29.193426346716574,
261,6/18/2023,34.44828764741369,
261,7/28/2023,47.423143801157664,
261,9/7/2023,38.92456846253244,
261,10/6/2023,45.32068211204807,
261,11/7/2023,37.69200168601898,
262,5/6/2017,13.339503045720873,
262,6/5/2017,33.34875761468883,
262,8/2/2017,30.013881853065286,
262,9/27/2017,53.35801218288349,
262,10/14/2017,33.39233170622746,
262,11/27/2017,33.39233170622746,
262,12/23/2017,26.679006091441746,
262,1/6/2018,23.344130329818203,
262,2/10/2018,30.013881853065286,
262,3/27/2018,33.34875761468883,
262,4/2/2018,46.688260659636406,
262,6/10/2018,60.02776370535728,
262,7/15/2018,53.35801218288349,
262,8/31/2018,76.70214251,
262,9/13/2018,73.36726675107815,
262,10/15/2018,61.820500291164834,
262,11/16/2018,46.688260659636406,
262,12/13/2018,33.34875761391554,
262,1/1/2019,26.679006091441746,
262,2/22/2019,30.05745594460392,
262,4/30/2019,40.062083229474545,
262,5/20/2019,33.34875761468883,
262,6/18/2019,40.01850913716262,
262,7/17/2019,67.84909885988893,
262,8/19/2019,77.85372614398625,
262,9/8/2019,74.51885038236271,
262,10/7/2019,73.36726675107815,
262,11/22/2019,50.02313642125995,
262,12/5/2019,50.97552709902459,
262,1/31/2020,33.39233170622746,
262,2/12/2020,46.688260659636406,
262,3/12/2020,31.165465484349845,
262,5/23/2020,56.69288794450703,
262,6/17/2020,57.84447157579159,
262,7/15/2020,50.02313642125995,
262,9/23/2020,82.42733372,
262,10/22/2020,40.01850913716262,
262,11/21/2020,61.820500291164834,
262,12/23/2020,40.01850913716262,
262,1/23/2021,50.02313642125995,
262,2/7/2021,43.35338489878616,
262,3/16/2021,43.35338489878616,
262,4/14/2021,50.465096421437366,
262,5/7/2021,54.50959581416805,
262,5/23/2021,67.53786113664728,
262,6/6/2021,43.59615194,
262,8/17/2021,70.03239098945461,
262,9/11/2021,66.69751522783108,
262,9/30/2021,46.688260659636406,
262,10/11/2021,40.018509136389326,
262,11/11/2021,37.636024053303714,
262,12/9/2021,22.989318514264635,
262,1/12/2022,26.679006091441746,
262,2/11/2022,26.72258018375367,
262,3/5/2022,67.64990590559572,
262,4/26/2022,46.688260659636406,
262,5/17/2022,77.94087432861011,
262,7/15/2022,63.36263946698082,
262,9/5/2022,60.02776370458399,
262,9/16/2022,64.31503014397217,
262,11/18/2022,56.69288794373374,
262,12/17/2022,43.79534489819029,
262,1/25/2023,30.05745594460392,
262,2/9/2023,33.34875761391554,
262,6/18/2023,36.683633375539074,
262,7/28/2023,43.35338489801287,
262,9/7/2023,40.018509136389326,
262,10/6/2023,40.018509136389326,
262,11/7/2023,36.683633375539074,
263,5/6/2017,19.737783461020545,
263,6/5/2017,33.431123921926336,
263,8/2/2017,36.774236314217525,
263,9/27/2017,60.176023059374764,
263,10/14/2017,34.53681541760489,
263,11/27/2017,36.774236314217525,
263,12/23/2017,26.19977950200486,
263,1/6/2018,26.74489913817281,
263,2/10/2018,34.424701045133716,
263,3/27/2018,36.774236314217525,
263,4/2/2018,43.46046109874767,
263,6/10/2018,56.83291066786019,
263,7/15/2018,56.832910667083574,
263,8/31/2018,83.57780980453201,
263,9/13/2018,66.86224784468152,
263,10/15/2018,60.17602306015138,
263,11/16/2018,40.117348706508714,
263,12/13/2018,26.744899137396192,
263,1/1/2019,26.74489913817281,
263,2/22/2019,36.77423631426976,
263,4/30/2019,41.223040201410655,
263,5/20/2019,36.774236314217525,
263,6/18/2019,43.02745583437875,
263,7/17/2019,61.618057670293716,
263,8/19/2019,75.21473598289984,
263,9/8/2019,76.89158502000186,
263,10/7/2019,63.51913545239034,
263,11/22/2019,42.91534146263195,
263,12/5/2019,44.79038133797205,
263,1/31/2020,36.774236314217525,
263,2/12/2020,56.832910667083574,
263,3/12/2020,33.43112392197857,
263,5/23/2020,56.83291066713581,
263,6/17/2020,56.83291066713581,
263,7/15/2020,46.80357349031448,
263,9/23/2020,86.9209222,
263,10/22/2020,33.99169578148918,
263,11/21/2020,60.17602306015138,
263,12/23/2020,36.774236314217525,
263,1/23/2021,41.33515457388184,
263,2/7/2021,36.774236314217525,
263,3/16/2021,50.14668588260567,
263,4/14/2021,56.832910667083574,
263,5/7/2021,53.489798274844624,
263,5/23/2021,73.54847262848729,
263,6/6/2021,50.146685882553435,
263,8/17/2021,70.20536024,
263,9/11/2021,63.51913545239034,
263,9/30/2021,49.60156625,
263,10/11/2021,32.88600428581062,
263,11/11/2021,39.57222907039299,
263,12/9/2021,30.088011529687382,
263,1/12/2022,16.715561961351476,
263,2/11/2022,27.85059063307475,
263,3/5/2022,50.14668588333005,
263,4/26/2022,36.774236314217525,
263,5/17/2022,80.23469741224082,
263,7/15/2022,60.17602306009915,
263,9/5/2022,62.974015816274616,
263,9/16/2022,60.17602306015138,
263,11/18/2022,56.83291066786019,
263,12/17/2022,46.803573491038854,
263,1/25/2023,21.052251476797807,
263,2/9/2023,30.088011529687382,
263,6/18/2023,33.99169578148918,
263,7/28/2023,49.713680618908896,
263,9/7/2023,43.460461098799904,
263,10/6/2023,43.460461098799904,
263,11/7/2023,33.43112392197857,
264,5/6/2017,20.058674353485962,
264,6/5/2017,40.110025744771164,
264,8/2/2017,40.11734870691969,
264,9/27/2017,60.17602306035342,
264,10/14/2017,39.88579700174767,
264,11/27/2017,36.77423631,
264,12/23/2017,23.401786745672684,
264,1/6/2018,26.74489913791164,
264,2/10/2018,47.588374091849246,
264,3/27/2018,40.110025744771164,
264,4/2/2018,53.489798275875515,
264,6/10/2018,56.60135896294244,
264,7/15/2018,57.849262973738135,
264,8/31/2018,76.77214768791404,
264,9/13/2018,73.54847262930925,
264,10/15/2018,56.83291066806223,
264,11/16/2018,43.46046109910641,
264,12/13/2018,20.73868354454827,
264,1/1/2019,20.05867435343373,
264,2/22/2019,39.77368263026204,
264,4/30/2019,51.05092381772236,
264,5/20/2019,40.11734870691969,
264,6/18/2019,43.46046109915865,
264,7/17/2019,73.54847262930925,
264,8/19/2019,83.57780980602611,
264,9/8/2019,76.89158502,
264,10/7/2019,66.74281051119718,
264,11/22/2019,46.80357349134537,
264,12/5/2019,46.80357349134537,
264,1/31/2020,30.880135092750766,
264,2/12/2020,39.88579700174767,
264,3/12/2020,36.774236314680735,
264,5/23/2020,57.849262973738135,
264,6/17/2020,53.48247531372699,
264,7/15/2020,47.707811425483406,
264,9/23/2020,90.26403459050402,
264,10/22/2020,34.22324748498972,
264,11/21/2020,66.86224784,
264,12/23/2020,46.80357349,
264,1/23/2021,56.832910668114465,
264,2/7/2021,50.14668588363656,
264,3/16/2021,46.80357349,
264,4/14/2021,63.511812490443845,
264,5/7/2021,60.17602306035342,
264,5/23/2021,76.89158502,
264,6/6/2021,46.80357349,
264,8/17/2021,76.89158502,
264,9/11/2021,70.20536024,
264,9/30/2021,66.86224784483133,
264,10/11/2021,36.77423631,
264,11/11/2021,36.77423631,
264,12/9/2021,30.088011530202827,
264,1/12/2022,36.77423631,
264,2/11/2022,36.54268460950872,
264,3/5/2022,50.146685883584325,
264,4/26/2022,33.431123922441785,
264,5/17/2022,80.23469741378715,
264,7/15/2022,71.44594128566521,
264,9/5/2022,66.86224784,
264,9/16/2022,61.41660410889611,
264,11/18/2022,60.17602306030119,
264,12/17/2022,54.61826495293257,
264,1/25/2023,23.401786745672684,
264,2/9/2023,33.19957221726976,
264,6/18/2023,40.11734870686746,
264,7/28/2023,51.16303818926023,
264,9/7/2023,47.81992579696903,
264,10/6/2023,46.80357349134537,
264,11/7/2023,33.43112392238955,
265,5/6/2017,23.40178674588162,
265,6/5/2017,36.77423631426976,
265,8/2/2017,47.10981847415693,
265,9/27/2017,60.17602306015138,
265,10/14/2017,50.14668588333005,
265,11/27/2017,36.744138182042974,
265,12/23/2017,33.625254533245375,
265,1/6/2018,36.774236314217525,
265,2/10/2018,50.14668588333005,
265,3/27/2018,40.117348706508714,
265,4/2/2018,50.737355875015204,
265,6/10/2018,66.86224784395714,
265,7/15/2018,54.080468267306394,
265,8/31/2018,76.89158502072624,
265,9/13/2018,71.13237334389827,
265,10/15/2018,73.74260324,
265,11/16/2018,53.48979828,
265,12/13/2018,20.395017468883058,
265,1/1/2019,23.40178674515724,
265,2/22/2019,33.43112392197857,
265,4/30/2019,56.83291066786019,
265,5/20/2019,43.460461098799904,
265,6/18/2019,46.803573491038854,
265,7/17/2019,80.23469741301743,
265,8/19/2019,86.92092219759981,
265,9/8/2019,80.23469741301743,
265,10/7/2019,70.20536024,
265,11/22/2019,53.48979828,
265,12/5/2019,50.14668588327781,
265,1/31/2020,30.454452777878945,
265,2/12/2020,40.117348706508714,
265,3/12/2020,33.43112392197857,
265,5/23/2020,60.17602306015138,
265,6/17/2020,53.48979827562123,
265,7/15/2020,50.14668588333005,
265,9/23/2020,93.60714698135334,
265,10/22/2020,50.14668588333005,
265,11/21/2020,70.20536024,
265,12/23/2020,43.65459171006671,
265,1/23/2021,53.68392888688804,
265,2/7/2021,50.34081649459685,
265,3/16/2021,43.460461098799904,
265,4/14/2021,60.17602306015138,
265,5/7/2021,60.48226804321722,
265,5/23/2021,73.54847262848729,
265,6/6/2021,50.14668588333005,
265,8/17/2021,76.89158502077848,
265,9/11/2021,80.23469741301743,
265,9/30/2021,66.86224784395714,
265,10/11/2021,50.14668588333005,
265,11/11/2021,43.65459171006671,
265,12/9/2021,33.68545079842334,
265,1/12/2022,36.968366925536564,
265,2/11/2022,46.9977041,
265,3/5/2022,56.83291066786019,
265,4/26/2022,40.790034937766116,
265,5/17/2022,80.54094239608327,
265,7/15/2022,77.19783000384432,
265,9/5/2022,76.89158502072624,
265,9/16/2022,70.20536023624832,
265,11/18/2022,70.20536024,
265,12/17/2022,,no intersection
265,1/25/2023,26.744899137448428,
265,2/9/2023,33.513140161550815,
265,6/18/2023,50.14668588333005,
265,7/28/2023,50.14668588333005,
265,9/7/2023,60.176023059374764,
265,10/6/2023,56.83291066786019,
265,11/7/2023,36.968366925536564,
266,5/6/2017,20.058674352918285,
266,6/5/2017,40.11734870578434,
266,8/2/2017,60.176023059374764,
266,9/27/2017,60.176023059426996,
266,10/14/2017,46.80357349109109,
266,11/27/2017,36.774236314217525,
266,12/23/2017,33.48399723375569,
266,1/6/2018,33.82670809796526,
266,2/10/2018,53.489798274844624,
266,3/27/2018,43.46046109807552,
266,4/2/2018,56.83291066713581,
266,6/10/2018,66.86224784395714,
266,7/15/2018,60.176023059426996,
266,8/31/2018,80.23469741306967,
266,9/13/2018,70.20536023547172,
266,10/15/2018,73.54847262848729,
266,11/16/2018,60.17602306015138,
266,12/13/2018,20.454258529629353,
266,1/1/2019,23.40178674515724,
266,2/22/2019,40.117348706508714,
266,4/30/2019,56.83291066713581,
266,5/20/2019,46.80357349031448,
266,6/18/2019,47.58837409409529,
266,7/17/2019,80.23469741229304,
266,8/19/2019,87.54073511708009,
266,9/8/2019,81.58006987558447,
266,10/7/2019,67.36994639169063,
266,11/22/2019,50.42378793860076,
266,12/5/2019,53.87901470263875,
266,1/31/2020,36.774236314217525,
266,2/12/2020,43.460461098799904,
266,3/12/2020,40.05810764576242,
266,5/23/2020,56.83291066713581,
266,6/17/2020,46.80357349031448,
266,7/15/2020,53.766900330115334,
266,9/23/2020,97.57007229390143,
266,10/22/2020,46.80357349109109,
266,11/21/2020,74.05617117622077,
266,12/23/2020,50.14668588333005,
266,1/23/2021,40.28233639003263,
266,2/7/2021,56.83291066791242,
266,3/16/2021,,no intersection
266,4/14/2021,56.83291066713581,
266,5/7/2021,60.176023059426996,
266,5/23/2021,74.16191779899839,
266,6/6/2021,53.766900330115334,
266,8/17/2021,70.82517315572862,
266,9/11/2021,77.51139794025876,
266,9/30/2021,56.83291066791242,
266,10/11/2021,43.625448782323815,
266,11/11/2021,36.774236314217525,
266,12/9/2021,36.77423631426976,
266,1/12/2022,26.74489913817281,
266,2/11/2022,46.803573491038854,
266,3/5/2022,57.45272358739271,
266,4/26/2022,53.489798274844624,
266,5/17/2022,70.20536023547172,
266,7/15/2022,70.20536023547172,
266,9/5/2022,76.89158502077848,
266,9/16/2022,66.86224784395714,
266,11/18/2022,60.176023059374764,
266,12/17/2022,56.83291066786019,
266,1/25/2023,33.82670809796526,
266,2/9/2023,30.088011529687382,
266,6/18/2023,57.45272358739271,
266,7/28/2023,63.51913545166595,
266,9/7/2023,63.51913545244257,
266,10/6/2023,53.48979827562123,
266,11/7/2023,36.774236314217525,
267,5/6/2017,22.804749004555138,
267,6/5/2017,39.744539709347976,
267,8/2/2017,56.83291066713581,
267,9/27/2017,56.83291066713581,
267,10/14/2017,30.088011529739617,
267,11/27/2017,36.73777043312602,
267,12/23/2017,43.46046109802329,
267,1/6/2018,43.46046109802329,
267,2/10/2018,50.146685882553435,
267,3/27/2018,40.117348706508714,
267,4/2/2018,56.83291066713581,
267,6/10/2018,60.176023059374764,
267,7/15/2018,63.51913545166595,
267,8/31/2018,77.71285150487417,
267,9/13/2018,70.20536023624832,
267,10/15/2018,63.51913545166595,
267,11/16/2018,63.51913545166595,
267,12/13/2018,26.74489913817281,
267,1/1/2019,30.483663472199268,
267,2/22/2019,43.46046109802329,
267,4/30/2019,60.176023059374764,
267,5/20/2019,46.654993237423945,
267,6/18/2019,51.080066739172544,
267,7/17/2019,73.84834986263618,
267,8/19/2019,83.57780980458423,
267,9/8/2019,83.57780980453201,
267,10/7/2019,66.86224784395714,
267,11/22/2019,50.14668588260567,
267,12/5/2019,53.489798274844624,
267,1/31/2020,40.11734870578434,
267,2/12/2020,33.43112392197857,
267,3/12/2020,33.991695781436945,
267,5/23/2020,53.489798274844624,
267,6/17/2020,46.654993237423945,
267,7/15/2020,56.83291066713581,
267,9/23/2020,97.88364023026364,
267,10/22/2020,47.73695434693359,
267,11/21/2020,67.68351432882946,
267,12/23/2020,67.05001071,
267,1/23/2021,46.80357349031448,
267,2/7/2021,60.176023059374764,
267,3/16/2021,47.73695434693359,
267,4/14/2021,57.76629152375492,
267,5/7/2021,56.83291066713581,
267,5/23/2021,73.84834986263618,
267,6/6/2021,51.080066739172544,
267,8/17/2021,73.54847262848729,
267,9/11/2021,73.54847262848729,
267,9/30/2021,60.25167155003006,
267,10/11/2021,46.80357349031448,
267,11/11/2021,33.43112392197857,
267,12/9/2021,43.31188084518499,
267,1/12/2022,33.43112392197857,
267,2/11/2022,40.11734870578434,
267,3/5/2022,56.83291066713581,
267,4/26/2022,54.38671325037223,
267,5/17/2022,71.13874109281521,
267,7/15/2022,71.13874109281521,
267,9/5/2022,73.84834986263618,
267,9/16/2022,66.86224784395714,
267,11/18/2022,63.51913545244257,
267,12/17/2022,60.36378592177686,
267,1/25/2023,36.77423631426976,
267,2/9/2023,30.088011529687382,
267,6/18/2023,50.14668588260567,
267,7/28/2023,67.79562870052402,
267,9/7/2023,53.489798274844624,
267,10/6/2023,53.489798274844624,
267,11/7/2023,40.11734870578434,
268,5/6/2017,25.83429346662701,
268,6/5/2017,43.460461098486505,
268,8/2/2017,66.86224784421142,
268,9/27/2017,56.832910668166704,
268,10/14/2017,30.088011530202827,
268,11/27/2017,39.76731489399653,
268,12/23/2017,37.90907072842118,
268,1/6/2018,37.90907072842118,
268,2/10/2018,51.39363466891486,
268,3/27/2018,46.803573490725455,
268,4/2/2018,51.39363466891486,
268,6/10/2018,53.48979827597998,
268,7/15/2018,56.832910668166704,
268,8/31/2018,70.20536023712252,
268,9/13/2018,67.99708226,
268,10/15/2018,63.50544475438727,
268,11/16/2018,63.50544475438727,
268,12/13/2018,23.40178674572492,
268,1/1/2019,30.088011530202827,
268,2/22/2019,40.117348706971924,
268,4/30/2019,63.519135452696844,
268,5/20/2019,46.80357349144984,
268,6/18/2019,49.796652070765624,
268,7/17/2019,80.33312108717215,
268,8/19/2019,86.92092219842176,
268,9/8/2019,83.57780980613057,
268,10/7/2019,67.98339156031443,
268,11/22/2019,46.80357349144984,
268,12/5/2019,46.80357349144984,
268,1/31/2020,40.117348706971924,
268,2/12/2020,30.088011530202827,
268,3/12/2020,39.43097177865856,
268,5/23/2020,50.14668588368879,
268,6/17/2020,41.36429749,
268,7/15/2020,53.48979827592775,
268,9/23/2020,90.26403459066071,
268,10/22/2020,36.774236314732974,
268,11/21/2020,66.86224784,
268,12/23/2020,66.86224784,
268,1/23/2021,43.46046109921088,
268,2/7/2021,50.14668588368879,
268,3/16/2021,42.99831291474985,
268,4/14/2021,56.832910668166704,
268,5/7/2021,56.832910668218936,
268,5/23/2021,76.89158502165266,
268,6/6/2021,30.088011530255063,
268,8/17/2021,66.84855714662623,
268,9/11/2021,66.86224784,
268,9/30/2021,56.832910668218936,
268,10/11/2021,40.117348706971924,
268,11/11/2021,30.088011530255063,
268,12/9/2021,46.453539678526674,
268,1/12/2022,26.744899137963873,
268,2/11/2022,36.774236314732974,
268,3/5/2022,46.80357349144984,
268,4/26/2022,43.46046109921088,
268,5/17/2022,63.519135452696844,
268,7/15/2022,63.519135452696844,
268,9/5/2022,66.86224784,
268,9/16/2022,60.176023060457894,
268,11/18/2022,60.176023060405655,
268,12/17/2022,56.832910668166704,
268,1/25/2023,30.088011530202827,
268,2/9/2023,29.62586335,
268,6/18/2023,49.90876644235572,
268,7/28/2023,54.512518318130326,
268,9/7/2023,51.169405925891375,
268,10/6/2023,47.82629353365242,
268,11/7/2023,33.431123922441785,
269,5/6/2017,39.11740383,
269,6/5/2017,43.46046109874767,
269,8/2/2017,60.176023059374764,
269,9/27/2017,56.832910667083574,
269,10/14/2017,33.431123921926336,
269,11/27/2017,33.43112392270295,
269,12/23/2017,39.34163257829586,
269,1/6/2018,33.43112392197857,
269,2/10/2018,40.117348706508714,
269,3/27/2018,40.117348706508714,
269,4/2/2018,53.489798274844624,
269,6/10/2018,48.13986147788124,
269,7/15/2018,58.3934274,
269,8/31/2018,73.54847262843505,
269,9/13/2018,66.53498920335139,
269,10/15/2018,63.19187681,
269,11/16/2018,61.18505240638801,
269,12/13/2018,23.401786745105007,
269,1/1/2019,29.312295402198906,
269,2/22/2019,36.774236314217525,
269,4/30/2019,70.20536023614386,
269,5/20/2019,53.48979828,
269,6/18/2019,58.3934274,
269,7/17/2019,80.23469741296519,
269,8/19/2019,86.92092219749534,
269,9/8/2019,83.57780980525638,
269,10/7/2019,66.86224784385267,
269,11/22/2019,46.80357349031448,
269,12/5/2019,49.59519849855855,
269,1/31/2020,41.565751065822276,
269,2/12/2020,33.43112392270295,
269,3/12/2020,40.11734870645648,
269,5/23/2020,50.14668588327781,
269,6/17/2020,46.803573491038854,
269,7/15/2020,65.07965218262184,
269,9/23/2020,86.92092219677096,
269,10/22/2020,46.139971734572796,
269,11/21/2020,63.19187681,
269,12/23/2020,60.176023059374764,
269,1/23/2021,42.796859342281614,
269,2/7/2021,43.46046109802329,
269,3/16/2021,50.14668588327781,
269,4/14/2021,,no intersection
269,5/7/2021,60.17602305932253,
269,5/23/2021,80.23469741296519,
269,6/6/2021,59.62453567537989,
269,8/17/2021,64.96753781092728,
269,9/11/2021,60.17602305932253,
269,9/30/2021,48.13986147788124,
269,10/11/2021,42.796859342281614,
269,11/11/2021,30.088011529687382,
269,12/9/2021,50.146685882553435,
269,1/12/2022,30.088011529687382,
269,2/11/2022,30.088011529687382,
269,3/5/2022,49.59519849855855,
269,4/26/2022,43.46046109802329,
269,5/17/2022,56.832910667083574,
269,7/15/2022,56.832910667083574,
269,9/5/2022,60.17602305932253,
269,9/16/2022,56.832910667083574,
269,11/18/2022,58.16919865465033,
269,12/17/2022,53.48979827551677,
269,1/25/2023,26.74489913817281,
269,2/9/2023,32.655407794490095,
269,6/18/2023,50.146685882553435,
269,7/28/2023,61.624425418688325,
269,9/7/2023,53.48979828,
269,10/6/2023,46.25208610704398,
269,11/7/2023,33.43112392270295,
27,5/6/2017,25.949712307949785,
27,6/5/2017,,no intersection
27,8/2/2017,32.43714038510653,
27,9/27/2017,62.79491992447772,
27,10/14/2017,42.16828250086856,
27,11/27/2017,29.19342634655507,
27,12/23/2017,,no intersection
27,1/6/2018,25.949712307949785,
27,2/10/2018,48.65571057734812,
27,3/27/2018,45.41199653879666,
27,4/2/2018,48.65571057734812,
27,6/10/2018,38.92456846226327,
27,7/15/2018,42.168282500814726,
27,8/31/2018,51.89942461595341,
27,9/13/2018,38.92456846226327,
27,10/15/2018,35.680854423657976,
27,11/16/2018,22.70599826939833,
27,12/13/2018,47.01764346702326,
27,1/1/2019,42.16828250086856,
27,2/22/2019,27.55535923623022,
27,4/30/2019,48.65571057734812,
27,5/20/2019,35.680854423657976,
27,6/18/2019,47.01764346702326,
27,7/17/2019,77.84913692452653,
27,8/19/2019,71.36170885,
27,9/8/2019,68.11799480881834,
27,10/7/2019,58.38685269305631,
27,11/22/2019,48.65571057734812,
27,12/5/2019,25.949712307949785,
27,1/31/2020,32.43714038510653,
27,2/12/2020,38.92456846226327,
27,3/12/2020,38.92456846226327,
27,5/23/2020,55.14313865450486,
27,6/17/2020,45.41199653879666,
27,7/15/2020,61.630566731661595,
27,9/23/2020,77.84913692452653,
27,10/22/2020,51.89942461595341,
27,11/21/2020,77.84913692452653,
27,12/23/2020,,no intersection
27,1/23/2021,32.437140385729876,
27,2/7/2021,38.92456846226327,
27,3/16/2021,53.505071544180005,
27,4/14/2021,45.41199653879666,
27,5/7/2021,26.263898213236054,
27,5/23/2021,45.41199653942001,
27,6/6/2021,38.92456846226327,
27,8/17/2021,68.11799480881834,
27,9/11/2021,55.143138655128205,
27,9/30/2021,42.168282500814726,
27,10/11/2021,59.551205885872434,
27,11/11/2021,37.83754421538262,
27,12/9/2021,47.01764346702326,
27,1/12/2022,29.193426346501237,
27,2/11/2022,35.68085442433516,
27,3/5/2022,51.89942461657675,
27,4/26/2022,32.43714038578371,
27,5/17/2022,71.36170885,
27,7/15/2022,62.79491992447772,
27,9/5/2022,77.84913692452653,
27,9/16/2022,,no intersection
27,11/18/2022,61.630566731607765,
27,12/17/2022,58.38685269305631,
27,1/25/2023,32.43714038510653,
27,2/9/2023,,no intersection
27,6/18/2023,48.65571057797146,
27,7/28/2023,55.14313865450486,
27,9/7/2023,58.38685269305631,
27,10/6/2023,42.16828250086856,
27,11/7/2023,35.680854423657976,
270,5/6/2017,28.56529207550321,
270,6/5/2017,46.80357349031448,
270,8/2/2017,63.51913545166595,
270,9/27/2017,58.70699533585733,
270,10/14/2017,30.088011530463998,
270,11/27/2017,26.744899137396192,
270,12/23/2017,40.117348706508714,
270,1/6/2018,38.53620661,
270,2/10/2018,46.80357349031448,
270,3/27/2018,43.46046109802329,
270,4/2/2018,53.489798274844624,
270,6/10/2018,50.14668588333005,
270,7/15/2018,60.176023059374764,
270,8/31/2018,73.54847262848729,
270,9/13/2018,66.86224784390491,
270,10/15/2018,66.86224784395714,
270,11/16/2018,66.86224784395714,
270,12/13/2018,23.401786745933855,
270,1/1/2019,27.19335663,
270,2/22/2019,43.460461098799904,
270,4/30/2019,66.86224784468152,
270,5/20/2019,53.489798274844624,
270,6/18/2019,53.48979827562123,
270,7/17/2019,73.54847262848729,
270,8/19/2019,88.37840903180917,
270,9/8/2019,80.23469741301743,
270,10/7/2019,66.86224784390491,
270,11/22/2019,53.48979827562123,
270,12/5/2019,45.82640379779272,
270,1/31/2020,33.43112392197857,
270,2/12/2020,38.42409224,
270,3/12/2020,43.460461098799904,
270,5/23/2020,52.13288492312621,
270,6/17/2020,50.14668588260567,
270,7/15/2020,66.86224784468152,
270,9/23/2020,83.57780980525638,
270,10/22/2020,46.803573491038854,
270,11/21/2020,63.51913545166595,
270,12/23/2020,55.25176857187157,
270,1/23/2021,41.879319002759054,
270,2/7/2021,51.90865617958038,
270,3/16/2021,56.83291066713581,
270,4/14/2021,,no intersection
270,5/7/2021,66.86224784395714,
270,5/23/2021,85.56400885,
270,6/6/2021,60.176023059374764,
270,8/17/2021,72.90764605125815,
270,9/11/2021,60.176023059374764,
270,9/30/2021,43.460461098799904,
270,10/11/2021,35.08097984648211,
270,11/11/2021,32.341839856933404,
270,12/9/2021,53.48979827562123,
270,1/12/2022,30.088011529687382,
270,2/11/2022,36.774236314217525,
270,3/5/2022,56.83291066786019,
270,4/26/2022,40.117348706508714,
270,5/17/2022,56.83291066786019,
270,7/15/2022,62.76619450263779,
270,9/5/2022,60.176023059374764,
270,9/16/2022,54.38671325037223,
270,11/18/2022,58.482766591639354,
270,12/17/2022,56.83291066713581,
270,1/25/2023,28.282640690152935,
270,2/9/2023,30.088011529687382,
270,6/18/2023,50.14668588333005,
270,7/28/2023,65.28110574791629,
270,9/7/2023,50.14668588333005,
270,10/6/2023,45.93851816953951,
270,11/7/2023,36.774236314217525,
271,5/6/2017,33.43112392197857,
271,6/5/2017,43.46046109802329,
271,8/2/2017,63.51913545166595,
271,9/27/2017,56.83291066713581,
271,10/14/2017,23.40178674515724,
271,11/27/2017,33.43112392197857,
271,12/23/2017,43.46046109807552,
271,1/6/2018,40.11734870578434,
271,2/10/2018,40.117348706508714,
271,3/27/2018,43.460461098799904,
271,4/2/2018,53.489798274896856,
271,6/10/2018,50.14668588260567,
271,7/15/2018,45.53599933151692,
271,8/31/2018,66.86224784395714,
271,9/13/2018,65.59467368510735,
271,10/15/2018,69.36308009429932,
271,11/16/2018,66.86224784395714,
271,12/13/2018,30.088011529687382,
271,1/1/2019,30.088011529687382,
271,2/22/2019,43.46046109807552,
271,4/30/2019,70.20536023624832,
271,5/20/2019,52.08694627,
271,6/18/2019,52.19906064518403,
271,7/17/2019,66.86224784395714,
271,8/19/2019,92.98909558295016,
271,9/8/2019,82.42235001748125,
271,10/7/2019,63.51913545166595,
271,11/22/2019,46.80357349031448,
271,12/5/2019,52.31117501693084,
271,1/31/2020,36.77423631349315,
271,2/12/2020,30.088011530463998,
271,3/12/2020,,no intersection
271,5/23/2020,50.14668588333005,
271,6/17/2020,45.288607117108064,
271,7/15/2020,73.54847262848729,
271,9/23/2020,86.9209222,
271,10/22/2020,50.14668588260567,
271,11/21/2020,56.83291066713581,
271,12/23/2020,55.56533650828602,
271,1/23/2021,42.19288693922574,
271,2/7/2021,52.222224116047066,
271,3/16/2021,52.334338487793865,
271,4/14/2021,,no intersection
271,5/7/2021,63.51913545166595,
271,5/23/2021,82.53446439000466,
271,6/6/2021,55.54217303747523,
271,8/17/2021,80.23469741301743,
271,9/11/2021,50.14668588333005,
271,9/30/2021,46.80357349031448,
271,10/11/2021,38.714496704324716,
271,11/11/2021,32.028271920518954,
271,12/9/2021,60.176023059426996,
271,1/12/2022,33.43112392197857,
271,2/11/2022,40.13237080508128,
271,3/5/2022,56.83291066713581,
271,4/26/2022,43.46046109802329,
271,5/17/2022,53.489798274896856,
271,7/15/2022,63.51913545166595,
271,9/5/2022,63.51913545166595,
271,9/16/2022,56.83291066713581,
271,11/18/2022,55.45322213659145,
271,12/17/2022,56.83291066786019,
271,1/25/2023,28.596208626619617,
271,2/9/2023,33.43112392197857,
271,6/18/2023,53.489798274844624,
271,7/28/2023,52.11010974430027,
271,9/7/2023,47.58837409409529,
271,10/6/2023,48.76699735200908,
271,11/7/2023,32.028271920518954,
272,5/6/2017,17.893796927280416,
272,6/5/2017,38.288814396163474,
272,8/2/2017,60.176023059426996,
272,9/27/2017,53.489798274844624,
272,10/14/2017,23.40178674515724,
272,11/27/2017,23.40178674515724,
272,12/23/2017,43.46046109802329,
272,1/6/2018,33.43112392197857,
272,2/10/2018,46.803573491038854,
272,3/27/2018,43.460461098799904,
272,4/2/2018,47.58837409404306,
272,6/10/2018,50.146685882553435,
272,7/15/2018,48.54238031653064,
272,8/31/2018,66.86224784395714,
272,9/13/2018,60.176023059426996,
272,10/15/2018,73.54847262848729,
272,11/16/2018,63.51913545166595,
272,12/13/2018,24.80425045535639,
272,1/1/2019,26.744899137448428,
272,2/22/2019,40.117348706508714,
272,4/30/2019,66.02035599,
272,5/20/2019,50.14668588333005,
272,6/18/2019,51.88549270876959,
272,7/17/2019,65.48217102132348,
272,8/19/2019,83.57780980453201,
272,9/8/2019,80.23469741301743,
272,10/7/2019,66.86224784395714,
272,11/22/2019,51.88549270876959,
272,12/5/2019,53.489798274844624,
272,1/31/2020,31.60258961163333,
272,2/12/2020,40.117348706508714,
272,3/12/2020,29.246119678998838,
272,5/23/2020,42.618569248111356,
272,6/17/2020,40.790034937766116,
272,7/15/2020,66.86224784390491,
272,9/23/2020,93.60714698135334,
272,10/22/2020,51.88549270876959,
272,11/21/2020,50.146685882553435,
272,12/23/2020,54.38671325037223,
272,1/23/2021,43.460461098799904,
272,2/7/2021,52.53579205240928,
272,3/16/2021,53.489798274844624,
272,4/14/2021,54.38671325037223,
272,5/7/2021,59.334131208686216,
272,5/23/2021,72.70658077779873,
272,6/6/2021,65.48217102132348,
272,8/17/2021,72.28051017765266,
272,9/11/2021,66.86224784395714,
272,9/30/2021,62.139058629084516,
272,10/11/2021,49.19267966017032,
272,11/11/2021,40.117348706508714,
272,12/9/2021,65.90824162,
272,1/12/2022,33.43112392197857,
272,2/11/2022,42.50645487636456,
272,3/5/2022,60.176023059374764,
272,4/26/2022,31.490475239886532,
272,5/17/2022,49.304794032641496,
272,7/15/2022,69.36346838550755,
272,9/5/2022,62.56512922923061,
272,9/16/2022,55.87890444470047,
272,11/18/2022,56.83291066713581,
272,12/17/2022,56.83291066713581,
272,1/25/2023,30.088011530463998,
272,2/9/2023,30.088011530463998,
272,6/18/2023,53.489798274844624,
272,7/28/2023,63.51913545166595,
272,9/7/2023,50.14668588260567,
272,10/6/2023,50.14668588260567,
272,11/7/2023,36.77423631426976,
273,5/6/2017,23.40178674572492,
273,6/5/2017,43.460461098486505,
273,8/2/2017,60.17602305968128,
273,9/27/2017,53.48979827520337,
273,10/14/2017,23.40178674572492,
273,11/27/2017,26.744899137239493,
273,12/23/2017,46.803573490725455,
273,1/6/2018,36.77423631400859,
273,2/10/2018,50.14668588296441,
273,3/27/2018,43.460461098434266,
273,4/2/2018,46.803573490725455,
273,6/10/2018,40.117348706195315,
273,7/15/2018,56.83291066744232,
273,8/31/2018,66.86224784415919,
273,9/13/2018,63.51913545192023,
273,10/15/2018,72.07905661490386,
273,11/16/2018,56.83291066744232,
273,12/13/2018,30.088011529478447,
273,1/1/2019,25.99234647488902,
273,2/22/2019,40.11734870624755,
273,4/30/2019,60.17602305968128,
273,5/20/2019,50.14668588296441,
273,6/18/2019,53.48979827520337,
273,7/17/2019,66.86224784415919,
273,8/19/2019,80.23469741316724,
273,9/8/2019,83.57780980540619,
273,10/7/2019,66.86224784415919,
273,11/22/2019,55.02715153904327,
273,12/5/2019,53.48979827520337,
273,1/31/2020,40.11734870624755,
273,2/12/2020,44.88569999078854,
273,3/12/2020,30.088011529478447,
273,5/23/2020,40.117348706195315,
273,6/17/2020,43.460461098486505,
273,7/15/2020,70.20536023645037,
273,9/23/2020,92.36195971141332,
273,10/22/2020,63.51913545192023,
273,11/21/2020,46.803573490725455,
273,12/23/2020,54.38671324828289,
273,1/23/2021,42.820022807726126,
273,2/7/2021,52.84935998444299,
273,3/16/2021,51.57192477526645,
273,4/14/2021,50.14668588296441,
273,5/7/2021,51.57192477526645,
273,5/23/2021,73.02014870946681,
273,6/6/2021,60.17602305968128,
273,8/17/2021,73.54847262868934,
273,9/11/2021,78.76528139938178,
273,9/30/2021,63.51913545192023,
273,10/11/2021,49.50624759220403,
273,11/11/2021,44.88569999078854,
273,12/9/2021,74.78173071638244,
273,1/12/2022,33.43112392,
273,2/11/2022,42.820022807726126,
273,3/5/2022,56.19247237668194,
273,4/26/2022,37.975246463182664,
273,5/17/2022,49.61836196,
273,7/15/2022,59.64769914045876,
273,9/5/2022,66.86224784415919,
273,9/16/2022,52.84935998444299,
273,11/18/2022,56.83291066744232,
273,12/17/2022,60.17602305968128,
273,1/25/2023,26.744899137239493,
273,2/9/2023,28.05802365795143,
273,6/18/2023,56.19247237668194,
273,7/28/2023,70.20536023645037,
273,9/7/2023,53.48979827520337,
273,10/6/2023,53.48979827520337,
273,11/7/2023,42.70790843613602,
274,5/6/2017,16.715561961351476,
274,6/5/2017,40.11734870645648,
274,8/2/2017,56.83291066703134,
274,9/27/2017,53.489798274792385,
274,10/14/2017,23.401786745105007,
274,11/27/2017,23.401786745105007,
274,12/23/2017,46.47670314299252,
274,1/6/2018,43.13359075075357,
274,2/10/2018,47.91524444182823,
274,3/27/2018,37.661678521617766,
274,4/2/2018,47.58837409383412,
274,6/10/2018,36.774236314217525,
274,7/15/2018,30.863339365340824,
274,8/31/2018,68.19814753896449,
274,9/13/2018,64.85503515,
274,10/15/2018,73.22160228038872,
274,11/16/2018,59.84915271132843,
274,12/13/2018,23.40178674515724,
274,1/1/2019,26.744899137396192,
274,2/22/2019,39.79047835846238,
274,4/30/2019,60.17602305932253,
274,5/20/2019,50.14668588333005,
274,6/18/2019,53.489798274792385,
274,7/17/2019,70.20536023614386,
274,8/19/2019,83.36305382895685,
274,9/8/2019,83.36305382895685,
274,10/7/2019,73.54847262838283,
274,11/22/2019,56.832910667083574,
274,12/5/2019,46.803573490262245,
274,1/31/2020,36.774236314217525,
274,2/12/2020,,no intersection
274,3/12/2020,36.55948033791799,
274,5/23/2020,40.11734870645648,
274,6/17/2020,50.14668588327781,
274,7/15/2020,69.99060425989656,
274,9/23/2020,86.92092219749534,
274,10/22/2020,56.83291066703134,
274,11/21/2020,40.117348706508714,
274,12/23/2020,53.489798274792385,
274,1/23/2021,36.774236314217525,
274,2/7/2021,43.46046109874767,
274,3/16/2021,53.48979828,
274,4/14/2021,46.80357349098662,
274,5/7/2021,54.386713250111065,
274,5/23/2021,66.86224784390491,
274,6/6/2021,53.275042299269465,
274,8/17/2021,73.54847262838283,
274,9/11/2021,76.89158502067401,
274,9/30/2021,56.832910667083574,
274,10/11/2021,43.46046109874767,
274,11/11/2021,46.47670314299252,
274,12/9/2021,66.86224784390491,
274,1/12/2022,33.991695781332474,
274,2/11/2022,46.47670314299252,
274,3/5/2022,50.146685882553435,
274,4/26/2022,36.774236314217525,
274,5/17/2022,43.46046109874767,
274,7/15/2022,51.25835683411941,
274,9/5/2022,66.86224784390491,
274,9/16/2022,50.146685882553435,
274,11/18/2022,54.825697969851966,
274,12/17/2022,60.176023059374764,
274,1/25/2023,30.088011529687382,
274,2/9/2023,34.43068050102114,
274,6/18/2023,56.83291066703134,
274,7/28/2023,70.20536023614386,
274,9/7/2023,59.84915271132843,
274,10/6/2023,53.489798274792385,
274,11/7/2023,41.22901965729808,
275,5/6/2017,20.058674352918285,
275,6/5/2017,36.77423631349315,
275,8/2/2017,60.176023059374764,
275,9/27/2017,53.489798274844624,
275,10/14/2017,23.40178674515724,
275,11/27/2017,20.395017468883058,
275,12/23/2017,43.46046109874767,
275,1/6/2018,40.117348706508714,
275,2/10/2018,53.489798274844624,
275,3/27/2018,36.77423631426976,
275,4/2/2018,40.11734870578434,
275,6/10/2018,46.80357349031448,
275,7/15/2018,30.088011529687382,
275,8/31/2018,60.176023059426996,
275,9/13/2018,56.83291066713581,
275,10/15/2018,73.54847262771067,
275,11/16/2018,53.48979827562123,
275,12/13/2018,20.058674352866053,
275,1/1/2019,23.40178674588162,
275,2/22/2019,30.088011529687382,
275,4/30/2019,61.18505240664918,
275,5/20/2019,50.146685882553435,
275,6/18/2019,53.489798274844624,
275,7/17/2019,73.64728458995339,
275,8/19/2019,86.9209222,
275,9/8/2019,83.57780980458423,
275,10/7/2019,73.54847262771067,
275,11/22/2019,60.176023059426996,
275,12/5/2019,46.803573491038854,
275,1/31/2020,36.77423631349315,
275,2/12/2020,40.117348706508714,
275,3/12/2020,30.088011529687382,
275,5/23/2020,46.902385451780574,
275,6/17/2020,56.83291066713581,
275,7/15/2020,66.86224784395714,
275,9/23/2020,83.57780980453201,
275,10/22/2020,63.51913545166595,
275,11/21/2020,36.77423631349315,
275,12/23/2020,56.83291066713581,
275,1/23/2021,36.77423631349315,
275,2/7/2021,56.83291066713581,
275,3/16/2021,50.146685882553435,
275,4/14/2021,50.146685882553435,
275,5/7/2021,46.80357349031448,
275,5/23/2021,66.86224784395714,
275,6/6/2021,47.601676504375995,
275,8/17/2021,73.54847262771067,
275,9/11/2021,80.23469741229304,
275,9/30/2021,53.489798274844624,
275,10/11/2021,36.77423631349315,
275,11/11/2021,36.774236314217525,
275,12/9/2021,73.54847262771067,
275,1/12/2022,30.088011530463998,
275,2/11/2022,36.774236314217525,
275,3/5/2022,46.80357349031448,
275,4/26/2022,36.77423631426976,
275,5/17/2022,40.11734870578434,
275,7/15/2022,46.80357349031448,
275,9/5/2022,63.51913545166595,
275,9/16/2022,50.146685882553435,
275,11/18/2022,54.512130033124116,
275,12/17/2022,60.17602306015138,
275,1/25/2023,30.088011529687382,
275,2/9/2023,36.774236314217525,
275,6/18/2023,53.489798274844624,
275,7/28/2023,73.54847262848729,
275,9/7/2023,53.48979828,
275,10/6/2023,56.83291066713581,
275,11/7/2023,40.91545172057023,
276,5/6/2017,20.058674352866053,
276,6/5/2017,37.07450184,
276,8/2/2017,63.51913545166595,
276,9/27/2017,53.489798274844624,
276,10/14/2017,26.744899137396192,
276,11/27/2017,20.246825507252993,
276,12/23/2017,40.60188378337917,
276,1/6/2018,36.774236314217525,
276,2/10/2018,46.803573491038854,
276,3/27/2018,30.088011529687382,
276,4/2/2018,37.07450184,
276,6/10/2018,36.774236314217525,
276,7/15/2018,27.04516466358217,
276,8/31/2018,56.83291066713581,
276,9/13/2018,53.489798274844624,
276,10/15/2018,70.20536023624832,
276,11/16/2018,50.14668588260567,
276,12/13/2018,20.094751942749316,
276,1/1/2019,23.40178674515724,
276,2/22/2019,33.43112392197857,
276,4/30/2019,50.63122096020051,
276,5/20/2019,46.803573491038854,
276,6/18/2019,46.80357349031448,
276,7/17/2019,67.16251337009088,
276,8/19/2019,80.53496293842679,
276,9/8/2019,77.19185054691222,
276,10/7/2019,76.89158502072624,
276,11/22/2019,54.08644772,
276,12/5/2019,46.80357349031448,
276,1/31/2020,27.005205470773056,
276,2/12/2020,43.46046109802329,
276,3/12/2020,33.43112392197857,
276,5/23/2020,46.803573491038854,
276,6/17/2020,56.83291066713581,
276,7/15/2020,71.02623842908356,
276,9/23/2020,77.82457759,
276,10/22/2020,60.176023059374764,
276,11/21/2020,36.77423631426976,
276,12/23/2020,53.489798274844624,
276,1/23/2021,36.774236314217525,
276,2/7/2021,40.117348706508714,
276,3/16/2021,46.80357349031448,
276,4/14/2021,53.489798274844624,
276,5/7/2021,40.790034937818355,
276,5/23/2021,60.176023059374764,
276,6/6/2021,53.489798274844624,
276,8/17/2021,71.02623842908356,
276,9/11/2021,73.54847262848729,
276,9/30/2021,46.80357349031448,
276,10/11/2021,33.43112392197857,
276,11/11/2021,37.146657019393416,
276,12/9/2021,66.86224784395714,
276,1/12/2022,23.549978706787304,
276,2/11/2022,30.276162684074325,
276,3/5/2022,43.46046109802329,
276,4/26/2022,30.236203491317447,
276,5/17/2022,40.117348706508714,
276,7/15/2022,46.803573491038854,
276,9/5/2022,53.489798274844624,
276,9/16/2022,43.460461098799904,
276,11/18/2022,56.832910667083574,
276,12/17/2022,53.48979828,
276,1/25/2023,30.088011530411762,
276,2/9/2023,36.774236314217525,
276,6/18/2023,43.94499617567036,
276,7/28/2023,66.86224784395714,
276,9/7/2023,50.146685882553435,
276,10/6/2023,50.14668588260567,
276,11/7/2023,40.117348706508714,
277,5/6/2017,16.71556196124701,
277,6/5/2017,36.77423631395636,
277,8/2/2017,60.17602305968128,
277,9/27/2017,46.97454064,
277,10/14/2017,26.579523168493544,
277,11/27/2017,23.34852514774022,
277,12/23/2017,46.80357349067322,
277,1/6/2018,43.460461098434266,
277,2/10/2018,36.77423631395636,
277,3/27/2018,30.088011529478447,
277,4/2/2018,40.117348706195315,
277,6/10/2018,30.589730613562367,
277,7/15/2018,30.701844985152466,
277,8/31/2018,53.48979827515113,
277,9/13/2018,50.648404967048336,
277,10/15/2018,63.51913545192023,
277,11/16/2018,40.117348706195315,
277,12/13/2018,13.874168653091974,
277,1/1/2019,20.05867435270935,
277,2/22/2019,20.05867435270935,
277,4/30/2019,53.48979827520337,
277,5/20/2019,44.074294554160524,
277,6/18/2019,46.803573490725455,
277,7/17/2019,67.36955810464042,
277,8/19/2019,76.89158502092828,
277,9/8/2019,76.89158502092828,
277,10/7/2019,76.89158502092828,
277,11/22/2019,50.42976740036991,
277,12/5/2019,40.117348706195315,
277,1/31/2020,26.74489913718726,
277,2/12/2020,40.117348706195315,
277,3/12/2020,33.377862324509316,
277,5/23/2020,50.31765302883205,
277,6/17/2020,57.115992184847826,
277,7/15/2020,74.78173071638244,
277,9/23/2020,74.16230608436335,
277,10/22/2020,64.13296890759425,
277,11/21/2020,30.589730613562367,
277,12/23/2020,50.14668588296441,
277,1/23/2021,33.932843005853556,
277,2/7/2021,40.731182161921566,
277,3/16/2021,47.417406946399474,
277,4/14/2021,47.417406946399474,
277,5/7/2021,40.11734870624755,
277,5/23/2021,66.86224784415919,
277,6/6/2021,56.83291066744232,
277,8/17/2021,74.16230608436335,
277,9/11/2021,70.20536023645037,
277,9/30/2021,56.83291066744232,
277,10/11/2021,30.088011529478447,
277,11/11/2021,33.932843005853556,
277,12/9/2021,60.17602305968128,
277,1/12/2022,20.05867435270935,
277,2/11/2022,30.088011529426215,
277,3/5/2022,36.77423631400859,
277,4/26/2022,23.40178674572492,
277,5/17/2022,33.43112392,
277,7/15/2022,46.803573490725455,
277,9/5/2022,40.117348706195315,
277,9/16/2022,40.61906779033147,
277,11/18/2022,53.991517359287286,
277,12/17/2022,56.83291066744232,
277,1/25/2023,30.088011529478447,
277,2/9/2023,36.77423631395636,
277,6/18/2023,40.61906779033147,
277,7/28/2023,64.02644571240145,
277,9/7/2023,47.08665500807872,
277,10/6/2023,40.61906779033147,
277,11/7/2023,37.27595539809251,
278,5/6/2017,20.058674353642665,
278,6/5/2017,36.40740677268304,
278,8/2/2017,61.103424460472084,
278,9/27/2017,44.818787055765284,
278,10/14/2017,23.401786745933855,
278,11/27/2017,26.744899137396192,
278,12/23/2017,43.46046109874767,
278,1/6/2018,40.117348706508714,
278,2/10/2018,33.06429438044409,
278,3/27/2018,26.74489913817281,
278,4/2/2018,33.43112392197857,
278,6/10/2018,29.72118199,
278,7/15/2018,33.99169578148918,
278,8/31/2018,53.489798274844624,
278,9/13/2018,56.83291066713581,
278,10/15/2018,57.02665298511193,
278,11/16/2018,30.088011529687382,
278,12/13/2018,16.715561961351476,
278,1/1/2019,23.40178674515724,
278,2/22/2019,16.715561961351476,
278,4/30/2019,44.38786249984499,
278,5/20/2019,39.86263353672103,
278,6/18/2019,46.660972693050205,
278,7/17/2019,67.78964924500222,
278,8/19/2019,83.57780980530862,
278,9/8/2019,77.81898642182357,
278,10/7/2019,73.54847262848729,
278,11/22/2019,50.14668588333005,
278,12/5/2019,43.46046109874767,
278,1/31/2020,30.088011529687382,
278,2/12/2020,33.43112392197857,
278,3/12/2020,36.774236314217525,
278,5/23/2020,56.83291066786019,
278,6/17/2020,60.17602306015138,
278,7/15/2020,80.23469741306967,
278,9/23/2020,73.54847262848729,
278,10/22/2020,60.176023059426996,
278,11/21/2020,30.903298559037903,
278,12/23/2020,43.460461098799904,
278,1/23/2021,33.99169578148918,
278,2/7/2021,36.77423631426976,
278,3/16/2021,46.80357349109109,
278,4/14/2021,51.07408728437513,
278,5/7/2021,44.38786249984499,
278,5/23/2021,60.17602306015138,
278,6/6/2021,56.83291066791242,
278,8/17/2021,66.86224784395714,
278,9/11/2021,63.71287776964208,
278,9/30/2021,56.83291066791242,
278,10/11/2021,43.317860300759016,
278,11/11/2021,33.43112392197857,
278,12/9/2021,57.648197696486335,
278,1/12/2022,16.715561961351476,
278,2/11/2022,30.088011529687382,
278,3/5/2022,33.43112392197857,
278,4/26/2022,26.74489913817281,
278,5/17/2022,36.77423631426976,
278,7/15/2022,53.489798274896856,
278,9/5/2022,36.774236314217525,
278,9/16/2022,40.117348706508714,
278,11/18/2022,54.305085304195146,
278,12/17/2022,56.83291066713581,
278,1/25/2023,33.176408752138656,
278,2/9/2023,36.774236314217525,
278,6/18/2023,36.63163551622887,
278,7/28/2023,66.86224784395714,
278,9/7/2023,43.460461098799904,
278,10/6/2023,43.46046109874767,
278,11/7/2023,40.117348706508714,
279,5/6/2017,20.058674352866053,
279,6/5/2017,36.09383883549198,
279,8/2/2017,58.07388000537196,
279,9/27/2017,33.99169578148918,
279,10/14/2017,30.088011529687382,
279,11/27/2017,20.395017468883058,
279,12/23/2017,40.117348706508714,
279,1/6/2018,40.790034937766116,
279,2/10/2018,31.32898086792353,
279,3/27/2018,26.744899137448428,
279,4/2/2018,36.09383883549198,
279,6/10/2018,30.088011529687382,
279,7/15/2018,36.09383883549198,
279,8/31/2018,46.803573491038854,
279,9/13/2018,53.48979827562123,
279,10/15/2018,54.506538869587175,
279,11/16/2018,20.395017468883058,
279,12/13/2018,13.372449569060286,
279,1/1/2019,13.37244956911252,
279,2/22/2019,15.923050110879135,
279,4/30/2019,40.117348705732105,
279,5/20/2019,41.35831804402048,
279,6/18/2019,49.690517148098095,
279,7/17/2019,63.51913545166595,
279,8/19/2019,88.37840903186141,
279,9/8/2019,76.89158502000186,
279,10/7/2019,74.67732759420002,
279,11/22/2019,51.275540849042784,
279,12/5/2019,36.31806757976219,
279,1/31/2020,29.51972842343302,
279,2/12/2020,31.104752123705552,
279,3/12/2020,36.09383883549198,
279,5/23/2020,54.38671325037223,
279,6/17/2020,70.20536024,
279,7/15/2020,83.68221292958727,
279,9/23/2020,70.20536024,
279,10/22/2020,58.07388000537196,
279,11/21/2020,30.088011529687382,
279,12/23/2020,37.90309127998249,
279,1/23/2021,32.862840815724205,
279,2/7/2021,29.40761405168622,
279,3/16/2021,51.387655220841815,
279,4/14/2021,51.387655220841815,
279,5/7/2021,43.46046109802329,
279,5/23/2021,58.07388000537196,
279,6/6/2021,60.176023059374764,
279,8/17/2021,68.10321718219329,
279,9/11/2021,68.10321718219329,
279,9/30/2021,40.117348706508714,
279,10/11/2021,34.55997888769131,
279,11/11/2021,30.088011529687382,
279,12/9/2021,47.932428456751595,
279,1/12/2022,16.715561961351476,
279,2/11/2022,30.088011529687382,
279,3/5/2022,20.058674353642665,
279,4/26/2022,30.088011529687382,
279,5/17/2022,33.43112392197857,
279,7/15/2022,46.235290384060114,
279,9/5/2022,41.13408930047465,
279,9/16/2022,40.117348706508714,
279,11/18/2022,46.45951912833032,
279,12/17/2022,51.163426477295985,
279,1/25/2023,24.418527339123177,
279,2/9/2023,29.51972842343302,
279,6/18/2023,29.51972842343302,
279,7/28/2023,51.163426477295985,
279,9/7/2023,36.774236314217525,
279,10/6/2023,33.43112392197857,
279,11/7/2023,33.43112392197857,
28,5/6/2017,25.94971230748794,
28,6/5/2017,,no intersection
28,8/2/2017,25.94971230816512,
28,9/27/2017,68.11799480862567,
28,10/14/2017,42.16828250046055,
28,11/27/2017,25.949712308111287,
28,12/23/2017,,no intersection
28,1/6/2018,29.193426346716574,
28,2/10/2018,55.14313865420452,
28,3/27/2018,48.65571057767112,
28,4/2/2018,42.173051265550534,
28,6/10/2018,48.65571057699394,
28,7/15/2018,45.41199653838865,
28,8/31/2018,55.14313865420452,
28,9/13/2018,45.41199653906583,
28,10/15/2018,42.16828250046055,
28,11/16/2018,24.111977186516395,
28,12/13/2018,45.41199653906583,
28,1/1/2019,36.194708341905816,
28,2/22/2019,22.710767034595985,
28,4/30/2019,53.305403532609624,
28,5/20/2019,39.43842238045727,
28,6/18/2019,55.14313865420452,
28,7/17/2019,81.09285096236964,
28,8/19/2019,74.60542288515906,
28,9/8/2019,74.60542288515906,
28,10/7/2019,64.87428077,
28,11/22/2019,53.305403532609624,
28,12/5/2019,29.193426346716574,
28,1/31/2020,27.79698495920897,
28,2/12/2020,29.193426346039395,
28,3/12/2020,38.92456846185526,
28,5/23/2020,52.41327853487842,
28,6/17/2020,51.89942461559923,
28,7/15/2020,55.65699257280653,
28,9/23/2020,81.09285096236964,
28,10/22/2020,61.19404176168677,
28,11/21/2020,71.36170884723096,
28,12/23/2020,,no intersection
28,1/23/2021,29.193426346716574,
28,2/7/2021,32.43714038532187,
28,3/16/2021,45.41676530347864,
28,4/14/2021,48.65571057699394,
28,5/7/2021,35.68085442324997,
28,5/23/2021,48.65571057767112,
28,6/6/2021,45.41199653838865,
28,8/17/2021,61.63056673141509,
28,9/11/2021,56.10782383707379,
28,9/30/2021,29.19819511112938,
28,10/11/2021,59.35153787567908,
28,11/11/2021,35.68085442324997,
28,12/9/2021,42.16828250046055,
28,1/12/2022,25.949712308111287,
28,2/11/2022,35.68085442324997,
28,3/5/2022,55.14313865420452,
28,4/26/2022,25.949712308111287,
28,5/17/2022,74.60542288515906,
28,7/15/2022,64.87428077002038,
28,9/5/2022,74.60542288583625,
28,9/16/2022,,no intersection
28,11/18/2022,61.63056673141509,
28,12/17/2022,51.89942461559923,
28,1/25/2023,32.43714038464468,
28,2/9/2023,,no intersection
28,6/18/2023,48.65571057767112,
28,7/28/2023,48.65571057767112,
28,9/7/2023,46.817975456076226,
28,10/6/2023,38.92456846185526,
28,11/7/2023,35.68085442324997,
280,5/6/2017,20.058674352866053,
280,6/5/2017,40.117348706508714,
280,8/2/2017,63.51913545161372,
280,9/27/2017,40.117348706508714,
280,10/14/2017,26.744899138120573,
280,11/27/2017,28.075207667306472,
280,12/23/2017,36.77423631416529,
280,1/6/2018,40.11734870645648,
280,2/10/2018,16.715561961299244,
280,3/27/2018,25.06843839103229,
280,4/2/2018,30.088011530411762,
280,6/10/2018,26.744899138120573,
280,7/15/2018,33.43112392270295,
280,8/31/2018,52.94429034845398,
280,9/13/2018,63.51913545161372,
280,10/15/2018,60.17602305932253,
280,11/16/2018,25.750933723398454,
280,12/13/2018,21.501097255247508,
280,1/1/2019,20.05867435359043,
280,2/22/2019,20.39501746877859,
280,4/30/2019,33.43112392270295,
280,5/20/2019,40.117348706508714,
280,6/18/2019,46.033836820482485,
280,7/17/2019,66.86224784,
280,8/19/2019,86.92092219749534,
280,9/8/2019,73.54847262843505,
280,10/7/2019,76.68242021,
280,11/22/2019,53.48979828,
280,12/5/2019,43.46046109874767,
280,1/31/2020,34.87354682358342,
280,2/12/2020,26.744899137396192,
280,3/12/2020,43.46046109874767,
280,5/23/2020,62.97362752527532,
280,6/17/2020,73.54847262843505,
280,7/15/2020,86.82387175803966,
280,9/23/2020,66.86224784,
280,10/22/2020,66.86224784390491,
280,11/21/2020,29.094046115689643,
280,12/23/2020,40.117348706508714,
280,1/23/2021,33.43112392197857,
280,2/7/2021,29.094046115689643,
280,3/16/2021,53.489798274792385,
280,4/14/2021,53.48979828,
280,5/7/2021,46.803573491038854,
280,5/23/2021,60.17602306009915,
280,6/6/2021,50.14668588327781,
280,8/17/2021,60.17602306009915,
280,9/11/2021,68.41678511803316,
280,9/30/2021,40.11734870645648,
280,10/11/2021,33.43112392197857,
280,11/11/2021,34.87354682358342,
280,12/9/2021,61.18505240638801,
280,1/12/2022,18.952594567121515,
280,2/11/2022,22.407821331107268,
280,3/5/2022,13.372449569060286,
280,4/26/2022,25.526704979232715,
280,5/17/2022,40.11734870645648,
280,7/15/2022,51.813337528428484,
280,9/5/2022,43.46046109869544,
280,9/16/2022,41.55977160811356,
280,11/18/2022,46.80357349098662,
280,12/17/2022,46.803573491038854,
280,1/25/2023,29.206160487384206,
280,2/9/2023,33.431123921926336,
280,6/18/2023,30.088011529687382,
280,7/28/2023,50.14668588327781,
280,9/7/2023,36.77423631416529,
280,10/6/2023,30.08801152963515,
280,11/7/2023,33.431123921926336,
281,5/6/2017,13.372449569060286,
281,6/5/2017,45.60815451123122,
281,8/2/2017,63.51913545166595,
281,9/27/2017,47.58837409409529,
281,10/14/2017,36.774236314217525,
281,11/27/2017,30.088011529687382,
281,12/23/2017,36.774236314217525,
281,1/6/2018,33.431123921926336,
281,2/10/2018,16.715561960627095,
281,3/27/2018,20.058674353642665,
281,4/2/2018,36.774236314217525,
281,6/10/2018,23.40178674515724,
281,7/15/2018,20.058674352918285,
281,8/31/2018,60.176023059374764,
281,9/13/2018,63.51913545166595,
281,10/15/2018,56.83291066713581,
281,11/16/2018,38.64234153,
281,12/13/2018,18.639026629564817,
281,1/1/2019,26.744899137448428,
281,2/22/2019,20.058674352918285,
281,4/30/2019,26.744899137396192,
281,5/20/2019,33.431123921926336,
281,6/18/2019,40.117348706508714,
281,7/17/2019,73.54847262848729,
281,8/19/2019,90.26403458983876,
281,9/8/2019,83.05507705670615,
281,10/7/2019,82.10280262408247,
281,11/22/2019,58.70101587820085,
281,12/5/2019,45.72026888297802,
281,1/31/2020,36.77423631426976,
281,2/12/2020,30.088011529687382,
281,3/12/2020,46.803573491038854,
281,5/23/2020,70.20536024,
281,6/17/2020,75.52869221135136,
281,7/15/2020,86.92092219754757,
281,9/23/2020,66.86224784390491,
281,10/22/2020,63.51913545166595,
281,11/21/2020,38.64234153,
281,12/23/2020,38.64234153,
281,1/23/2021,33.43112392197857,
281,2/7/2021,35.57881733440989,
281,3/16/2021,50.14668588327781,
281,4/14/2021,,no intersection
281,5/7/2021,52.12690546619412,
281,5/23/2021,62.15624264223884,
281,6/6/2021,56.832910667083574,
281,8/17/2021,66.11528635186107,
281,9/11/2021,63.51913545166595,
281,9/30/2021,38.92192972670108,
281,10/11/2021,33.43112392197857,
281,11/11/2021,38.92192972670108,
281,12/9/2021,56.83291066713581,
281,1/12/2022,25.15777758447548,
281,2/11/2022,20.058674352918285,
281,3/5/2022,6.686224784582377,
281,4/26/2022,25.213137042348162,
281,5/17/2022,36.77423631426976,
281,7/15/2022,50.14668588333005,
281,9/5/2022,50.14668588260567,
281,9/16/2022,43.460461098799904,
281,11/18/2022,43.460461098799904,
281,12/17/2022,53.489798274896856,
281,1/25/2023,30.088011529739617,
281,2/9/2023,36.77423631426976,
281,6/18/2023,32.12359057,
281,7/28/2023,46.80357349031448,
281,9/7/2023,39.03404409844788,
281,10/6/2023,27.19335663,
281,11/7/2023,30.088011529739617,
282,5/6/2017,20.05867435343373,
282,6/5/2017,40.11734870691969,
282,8/2/2017,59.126698182444564,
282,9/27/2017,40.11734870691969,
282,10/14/2017,35.15313502968228,
282,11/27/2017,25.24711677385133,
282,12/23/2017,27.19335662416756,
282,1/6/2018,33.991695780183335,
282,2/10/2018,20.058674353485962,
282,3/27/2018,23.40178674572492,
282,4/2/2018,35.15313502968228,
282,6/10/2018,23.40178674572492,
282,7/15/2018,27.19335662416756,
282,8/31/2018,59.01458381018232,
282,9/13/2018,56.83291066744232,
282,10/15/2018,53.48979827520337,
282,11/16/2018,26.744899137963873,
282,12/13/2018,23.40178674572492,
282,1/1/2019,26.744899137963873,
282,2/22/2019,23.40178674572492,
282,4/30/2019,23.40178674572492,
282,5/20/2019,30.088011530202827,
282,6/18/2019,40.11734870691969,
282,7/17/2019,70.20536023639814,
282,8/19/2019,90.26403459,
282,9/8/2019,76.89158502092828,
282,10/7/2019,73.54847262868934,
282,11/22/2019,52.21624465411432,
282,12/5/2019,36.774236314732974,
282,1/31/2020,43.46046109921088,
282,2/12/2020,36.774236314732974,
282,3/12/2020,50.14668588368879,
282,5/23/2020,69.14483080986562,
282,6/17/2020,66.86224784415919,
282,7/15/2020,83.57780980540619,
282,9/23/2020,70.20536023639814,
282,10/22/2020,59.01458381018232,
282,11/21/2020,33.431123922441785,
282,12/23/2020,33.431123922441785,
282,1/23/2021,28.814457909113777,
282,2/7/2021,33.43112392249402,
282,3/16/2021,48.98524663418984,
282,4/14/2021,,no intersection
282,5/7/2021,46.80357349144984,
282,5/23/2021,60.17602305968128,
282,6/6/2021,60.176023060405655,
282,8/17/2021,62.35769620242128,
282,9/11/2021,59.01458381018232,
282,9/30/2021,42.299021849711934,
282,10/11/2021,30.088011530202827,
282,11/11/2021,30.088011530202827,
282,12/9/2021,50.14668588368879,
282,1/12/2022,25.12379785296542,
282,2/11/2022,25.12379785296542,
282,3/5/2022,3.343112392238955,
282,4/26/2022,21.556456717598504,
282,5/17/2022,35.72491143671965,
282,7/15/2022,50.14668588368879,
282,9/5/2022,40.117348706195315,
282,9/16/2022,42.17570292882602,
282,11/18/2022,40.117348706971924,
282,12/17/2022,45.41790549809855,
282,1/25/2023,28.57902461674224,
282,2/9/2023,35.37736377281024,
282,6/18/2023,20.058674353485962,
282,7/28/2023,46.803573490725455,
282,9/7/2023,36.774236314732974,
282,10/6/2023,25.12379785296542,
282,11/7/2023,26.744899137963873,
283,5/6/2017,26.009142203657035,
283,6/5/2017,40.11734870578434,
283,8/2/2017,43.460461098799904,
283,9/27/2017,46.80357349031448,
283,10/14/2017,30.088011530463998,
283,11/27/2017,23.40178674515724,
283,12/23/2017,26.744899137448428,
283,1/6/2018,28.903797108236652,
283,2/10/2018,23.40178674588162,
283,3/27/2018,23.40178674515724,
283,4/2/2018,30.088011529687382,
283,6/10/2018,20.058674352866053,
283,7/15/2018,26.74489913817281,
283,8/31/2018,53.48979828,
283,9/13/2018,50.14668588327781,
283,10/15/2018,61.18505240664918,
283,11/16/2018,29.128025851678014,
283,12/13/2018,29.128025851678014,
283,1/1/2019,30.088011529687382,
283,2/22/2019,20.05867435359043,
283,4/30/2019,20.058674352866053,
283,5/20/2019,26.744899137448428,
283,6/18/2019,36.77423631349315,
283,7/17/2019,66.86224784395714,
283,8/19/2019,89.41616328362842,
283,9/8/2019,80.23469741229304,
283,10/7/2019,73.54847262848729,
283,11/22/2019,52.00358653609042,
283,12/5/2019,40.117348706508714,
283,1/31/2020,40.117348706508714,
283,2/12/2020,33.431123921926336,
283,3/12/2020,53.489798274844624,
283,5/23/2020,78.97271441703244,
283,6/17/2020,70.20536023624832,
283,7/15/2020,76.89158502000186,
283,9/23/2020,75.62960202474125,
283,10/22/2020,63.51913545166595,
283,11/21/2020,40.790034937818355,
283,12/23/2020,33.43112392197857,
283,1/23/2021,26.744899137396192,
283,2/7/2021,36.774236314217525,
283,3/16/2021,47.58837409409529,
283,4/14/2021,,no intersection
283,5/7/2021,48.436245399581246,
283,5/23/2021,56.83291066713581,
283,6/6/2021,50.14668588260567,
283,8/17/2021,60.17602306015138,
283,9/11/2021,54.38671325037223,
283,9/30/2021,30.088011529687382,
283,10/11/2021,30.088011529687382,
283,11/11/2021,30.088011529687382,
283,12/9/2021,38.294793851789734,
283,1/12/2022,25.78491346016344,
283,2/11/2022,25.78491346016344,
283,3/5/2022,0,
283,4/26/2022,20.058674352866053,
283,5/17/2022,33.43112392197857,
283,7/15/2022,42.500475420790536,
283,9/5/2022,38.93313428500575,
283,9/16/2022,41.86213498752228,
283,11/18/2022,36.774236314217525,
283,12/17/2022,43.460461098799904,
283,1/25/2023,30.088011529687382,
283,2/9/2023,40.117348706508714,
283,6/18/2023,23.40178674588162,
283,7/28/2023,46.803573491038854,
283,9/7/2023,36.77423631426976,
283,10/6/2023,20.05867435359043,
283,11/7/2023,26.744899137396192,
284,5/6/2017,20.929320838006802,
284,6/5/2017,39.583045337437206,
284,8/2/2017,40.117348706508714,
284,9/27/2017,37.981225914598674,
284,10/14/2017,26.744899137396192,
284,11/27/2017,20.058674353642665,
284,12/23/2017,20.058674353642665,
284,1/6/2018,22.53114026,
284,2/10/2018,29.55370816061587,
284,3/27/2018,26.744899137448428,
284,4/2/2018,30.088011529687382,
284,6/10/2018,20.058674352866053,
284,7/15/2018,36.239932945146016,
284,8/31/2018,43.46046109874767,
284,9/13/2018,50.14668588333005,
284,10/15/2018,60.17602306015138,
284,11/16/2018,23.40178674588162,
284,12/13/2018,30.088011530463998,
284,1/1/2019,31.295001130792908,
284,2/22/2019,23.40178674588162,
284,4/30/2019,16.18125859150335,
284,5/20/2019,20.058674352866053,
284,6/18/2019,26.744899137396192,
284,7/17/2019,61.831470147467485,
284,8/19/2019,82.22648761635054,
284,9/8/2019,71.97292169608785,
284,10/7/2019,62.872717710847645,
284,11/22/2019,52.84338053402631,
284,12/5/2019,40.117348706508714,
284,1/31/2020,34.75022789477866,
284,2/12/2020,30.088011530463998,
284,3/12/2020,44.77956507087561,
284,5/23/2020,70.20536024,
284,6/17/2020,58.376243383481736,
284,7/15/2020,66.86224784395714,
284,9/23/2020,76.89158502000186,
284,10/22/2020,58.376243383481736,
284,11/21/2020,36.774236314217525,
284,12/23/2020,30.088011529687382,
284,1/23/2021,26.74489913817281,
284,2/7/2021,40.117348706508714,
284,3/16/2021,36.12781857339922,
284,4/14/2021,42.81404335720498,
284,5/7/2021,33.43112392197857,
284,5/23/2021,54.92101661944374,
284,6/6/2021,52.95549490577311,
284,8/17/2021,59.529605318556456,
284,9/11/2021,50.14668588333005,
284,9/30/2021,32.78470618116026,
284,10/11/2021,29.441593788869074,
284,11/11/2021,26.74489913817281,
284,12/9/2021,23.40178674515724,
284,1/12/2022,24.496661974463734,
284,2/11/2022,23.40178674515724,
284,3/5/2022,4.101644505580675,
284,4/26/2022,16.715561960627095,
284,5/17/2022,30.088011529739617,
284,7/15/2022,30.088011530463998,
284,9/5/2022,45.003793815145826,
284,9/16/2022,46.803573491038854,
284,11/18/2022,33.43112392270295,
284,12/17/2022,46.803573491038854,
284,1/25/2023,31.295001130792908,
284,2/9/2023,40.117348706508714,
284,6/18/2023,23.40178674588162,
284,7/28/2023,40.117348706508714,
284,9/7/2023,40.117348706508714,
284,10/6/2023,17.698322818186792,
284,11/7/2023,26.74489913817281,
285,5/6/2017,20.615752902010225,
285,6/5/2017,36.553500881038126,
285,8/2/2017,40.117348705732105,
285,9/27/2017,46.80357349031448,
285,10/14/2017,17.38475488219022,
285,11/27/2017,20.952096017922766,
285,12/23/2017,20.058674353642665,
285,1/6/2018,20.058674353642665,
285,2/10/2018,13.37244956911252,
285,3/27/2018,29.867276096507982,
285,4/2/2018,16.715561961351476,
285,6/10/2018,17.16052613797224,
285,7/15/2018,37.55554360675083,
285,8/31/2018,44.578111507245744,
285,9/13/2018,46.80357349098662,
285,10/15/2018,53.48979828,
285,11/16/2018,26.74489913817281,
285,12/13/2018,27.63832080245291,
285,1/1/2019,26.744899137396192,
285,2/22/2019,16.715561961351476,
285,4/30/2019,16.494826527447692,
285,5/20/2019,30.088011529687382,
285,6/18/2019,26.744899137396192,
285,7/17/2019,60.176023059374764,
285,8/19/2019,86.92092219677096,
285,9/8/2019,76.67084958754684,
285,10/7/2019,63.186285646739755,
285,11/22/2019,46.47072368538828,
285,12/5/2019,33.43112392197857,
285,1/31/2020,40.11734870645648,
285,2/12/2020,30.981433194691867,
285,3/12/2020,50.146685882553435,
285,5/23/2020,80.23469741224082,
285,6/17/2020,60.176023059374764,
285,7/15/2020,70.20536023614386,
285,9/23/2020,76.67084958754684,
285,10/22/2020,59.955287626195364,
285,11/21/2020,43.12761129309709,
285,12/23/2020,30.088011529687382,
285,1/23/2021,20.839981646175968,
285,2/7/2021,37.779772350968805,
285,3/16/2021,36.774236314217525,
285,4/14/2021,33.431123921926336,
285,5/7/2021,36.774236314217525,
285,5/23/2021,56.832910667083574,
285,6/6/2021,46.80357349031448,
285,8/17/2021,56.83291066780796,
285,9/11/2021,43.46046109874767,
285,9/30/2021,40.117348705732105,
285,10/11/2021,26.41204933252223,
285,11/11/2021,26.744899138120573,
285,12/9/2021,17.27264050971904,
285,1/12/2022,23.40178674588162,
285,2/11/2022,26.744899137396192,
285,3/5/2022,6.686224784530143,
285,4/26/2022,17.27264050971904,
285,5/17/2022,27.41409205828717,
285,7/15/2022,30.088011530411762,
285,9/5/2022,46.803573491038854,
285,9/16/2022,50.14668588327781,
285,11/18/2022,30.981433194691867,
285,12/17/2022,43.46046109874767,
285,1/25/2023,26.74489913817281,
285,2/9/2023,36.774236314217525,
285,6/18/2023,20.727867274481405,
285,7/28/2023,40.11734870645648,
285,9/7/2023,33.43112392197857,
285,10/6/2023,20.058674353642665,
285,11/7/2023,23.40178674588162,
286,5/6/2017,20.15150685245163,
286,6/5/2017,36.774236314732974,
286,8/2/2017,40.117348706971924,
286,9/27/2017,46.80357349144984,
286,10/14/2017,26.744899137963873,
286,11/27/2017,23.40178674572492,
286,12/23/2017,13.128938953307896,
286,1/6/2018,13.37244956895582,
286,2/10/2018,16.71556196124701,
286,3/27/2018,30.180844029168494,
286,4/2/2018,23.40178674572492,
286,6/10/2018,16.71556196124701,
286,7/15/2018,43.92820045793453,
286,8/31/2018,33.431123922441785,
286,9/13/2018,40.92143118025694,
286,10/15/2018,53.358402031041074,
286,11/16/2018,26.613502893853813,
286,12/13/2018,23.27039050161486,
286,1/1/2019,23.40178674572492,
286,2/22/2019,16.715561961194776,
286,4/30/2019,16.71556196124701,
286,5/20/2019,23.40178674572492,
286,6/18/2019,23.40178674572492,
286,7/17/2019,50.14668588296441,
286,8/19/2019,83.57780980540619,
286,9/8/2019,71.34578582512559,
286,10/7/2019,63.499853579400266,
286,11/22/2019,43.44117922663868,
286,12/5/2019,33.431123922441785,
286,1/31/2020,43.460461098486505,
286,2/12/2020,36.774236314732974,
286,3/12/2020,50.14668588296441,
286,5/23/2020,76.89158502092828,
286,6/17/2020,63.51913545192023,
286,7/15/2020,70.20536023645037,
286,9/23/2020,76.89158502092828,
286,10/22/2020,60.17602305968128,
286,11/21/2020,50.14668588296441,
286,12/23/2020,30.068729657682866,
286,1/23/2021,30.088011530255063,
286,2/7/2021,40.117348706971924,
286,3/16/2021,40.117348706971924,
286,4/14/2021,46.784291618153254,
286,5/7/2021,36.774236314732974,
286,5/23/2021,54.293880749264986,
286,6/6/2021,46.80357349144984,
286,8/17/2021,61.20433427687086,
286,9/11/2021,43.44117922663868,
286,9/30/2021,36.75495444216077,
286,10/11/2021,27.19335662416756,
286,11/11/2021,26.74489913801611,
286,12/9/2021,13.372449569008054,
286,1/12/2022,20.05867435343373,
286,2/11/2022,30.088011530255063,
286,3/5/2022,3.5866230078868786,
286,4/26/2022,13.615960184655977,
286,5/17/2022,30.088011530202827,
286,7/15/2022,27.212638496739753,
286,9/5/2022,57.86122188,
286,9/16/2022,50.14668588296441,
286,11/18/2022,30.088011530255063,
286,12/17/2022,40.117348706195315,
286,1/25/2023,26.744899137963873,
286,2/9/2023,26.74489913801611,
286,6/18/2023,23.40178674572492,
286,7/28/2023,40.117348706971924,
286,9/7/2023,36.774236314732974,
286,10/6/2023,20.039392480913765,
286,11/7/2023,23.40178674572492,
287,5/6/2017,20.058674352866053,
287,6/5/2017,33.43112392197857,
287,8/2/2017,46.80357349031448,
287,9/27/2017,53.489798274844624,
287,10/14/2017,36.77423631349315,
287,11/27/2017,20.058674352866053,
287,12/23/2017,13.372449569060286,
287,1/6/2018,13.442506896126408,
287,2/10/2018,16.715561960574863,
287,3/27/2018,36.77423631349315,
287,4/2/2018,20.395017468883058,
287,6/10/2018,13.372449568335906,
287,7/15/2018,50.14668588260567,
287,8/31/2018,43.460461098799904,
287,9/13/2018,46.803573491038854,
287,10/15/2018,50.74931478752133,
287,11/16/2018,23.583958443970158,
287,12/13/2018,30.088011529687382,
287,1/1/2019,23.40178674588162,
287,2/22/2019,30.088011529687382,
287,4/30/2019,20.058674352866053,
287,5/20/2019,23.401786745933855,
287,6/18/2019,23.40178674588162,
287,7/17/2019,47.58837409404306,
287,8/19/2019,81.58006987553223,
287,9/8/2019,63.81342152222567,
287,10/7/2019,56.83291066786019,
287,11/22/2019,46.803573491038854,
287,12/5/2019,27.011184926399313,
287,1/31/2020,43.460461098799904,
287,2/12/2020,43.46046109874767,
287,3/12/2020,43.460461098799904,
287,5/23/2020,80.23469741229304,
287,6/17/2020,63.51913545244257,
287,7/15/2020,73.54847263,
287,9/23/2020,76.89158502000186,
287,10/22/2020,60.176023059426996,
287,11/21/2020,47.58837409404306,
287,12/23/2020,26.744899137396192,
287,1/23/2021,30.088011529687382,
287,2/7/2021,43.46046109874767,
287,3/16/2021,43.460461098799904,
287,4/14/2021,43.46046109874767,
287,5/7/2021,30.3822976,
287,5/23/2021,57.239311110218935,
287,6/6/2021,50.14668588260567,
287,8/17/2021,54.09242717981252,
287,9/11/2021,46.803573491038854,
287,9/30/2021,33.43112392197857,
287,10/11/2021,33.43112392197857,
287,11/11/2021,26.744899137396192,
287,12/9/2021,13.30239224,
287,1/12/2022,30.088011529687382,
287,2/11/2022,26.74489913817281,
287,3/5/2022,10.211508875634252,
287,4/26/2022,13.666735639672238,
287,5/17/2022,33.43112392197857,
287,7/15/2022,23.555958162309093,
287,9/5/2022,56.83291066786019,
287,9/16/2022,53.48979827562123,
287,11/18/2022,33.43112392197857,
287,12/17/2022,43.46046109874767,
287,1/25/2023,20.395017468883058,
287,2/9/2023,26.74489913817281,
287,6/18/2023,23.696072816441333,
287,7/28/2023,33.697409710929456,
287,9/7/2023,30.088011529687382,
287,10/6/2023,16.757619006032154,
287,11/7/2023,23.40178674588162,
288,5/6/2017,20.058674352866053,
288,6/5/2017,40.790034937766116,
288,8/2/2017,49.98728936334308,
288,9/27/2017,53.66674487092689,
288,10/14/2017,20.058674353642665,
288,11/27/2017,26.69761698998487,
288,12/23/2017,16.556165441364506,
288,1/6/2018,16.715561961351476,
288,2/10/2018,23.40178674588162,
288,3/27/2018,33.271727401991605,
288,4/2/2018,23.40178674588162,
288,6/10/2018,13.372449568335906,
288,7/15/2018,50.14668588333005,
288,8/31/2018,40.117348706508714,
288,9/13/2018,43.46046109802329,
288,10/15/2018,56.83291066786019,
288,11/16/2018,27.24063877340017,
288,12/13/2018,27.24063877340017,
288,1/1/2019,17.21130159657884,
288,2/22/2019,16.715561961351476,
288,4/30/2019,20.058674352866053,
288,5/20/2019,23.40178674515724,
288,6/18/2019,24.009640752855784,
288,7/17/2019,50.14668588260567,
288,8/19/2019,76.89158502000186,
288,9/8/2019,63.51913545166595,
288,10/7/2019,56.83291066713581,
288,11/22/2019,40.117348706508714,
288,12/5/2019,26.74489913817281,
288,1/31/2020,33.43112392197857,
288,2/12/2020,46.98052008639675,
288,3/12/2020,40.790034937766116,
288,5/23/2020,76.89158502000186,
288,6/17/2020,63.51913545166595,
288,7/15/2020,67.47010185165568,
288,9/23/2020,67.98339156297835,
288,10/22/2020,47.58837409409529,
288,11/21/2020,50.14668588260567,
288,12/23/2020,23.24239022594688,
288,1/23/2021,26.74489913817281,
288,2/7/2021,43.460461098799904,
288,3/16/2021,40.182180930067574,
288,4/14/2021,40.29429530259098,
288,5/7/2021,23.40178674515724,
288,5/23/2021,44.06831510572183,
288,6/6/2021,40.117348706508714,
288,8/17/2021,53.489798274844624,
288,9/11/2021,43.460461098799904,
288,9/30/2021,36.77423631426976,
288,10/11/2021,34.03897792967712,
288,11/11/2021,26.744899137448428,
288,12/9/2021,10.029337176096952,
288,1/12/2022,23.40178674588162,
288,2/11/2022,23.40178674515724,
288,3/5/2022,13.596678312606116,
288,4/26/2022,13.372449568335906,
288,5/17/2022,23.40178674515724,
288,7/15/2022,33.43112392197857,
288,9/5/2022,53.89097361514487,
288,9/16/2022,50.43574685115912,
288,11/18/2022,20.058674353642665,
288,12/17/2022,37.26997594944489,
288,1/25/2023,23.40178674588162,
288,2/9/2023,19.899277833655695,
288,6/18/2023,23.40178674515724,
288,7/28/2023,33.43112392197857,
288,9/7/2023,30.04072938227606,
288,10/6/2023,13.37244956911252,
288,11/7/2023,20.058674353642665,
289,5/6/2017,13.37244956911252,
289,6/5/2017,36.77423631426976,
289,8/2/2017,50.14668588333005,
289,9/27/2017,53.489798274844624,
289,10/14/2017,26.744899137448428,
289,11/27/2017,26.744899137396192,
289,12/23/2017,20.058674352866053,
289,1/6/2018,13.372449568335906,
289,2/10/2018,33.43112392197857,
289,3/27/2018,30.088011529687382,
289,4/2/2018,30.088011529687382,
289,6/10/2018,21.20432504130148,
289,7/15/2018,51.404450942735664,
289,8/31/2018,43.46046109807552,
289,9/13/2018,36.77423631426976,
289,10/15/2018,60.176023059374764,
289,11/16/2018,33.991695781436945,
289,12/13/2018,30.088011529687382,
289,1/1/2019,16.715561960574863,
289,2/22/2019,13.372449568335906,
289,4/30/2019,16.715561960627095,
289,5/20/2019,22.816707917009023,
289,6/18/2019,27.193356625212232,
289,7/17/2019,50.14668588260567,
289,8/19/2019,74.46989457260027,
289,9/8/2019,63.519135451718185,
289,10/7/2019,56.83291066713581,
289,11/22/2019,36.77423631426976,
289,12/5/2019,34.24043149434476,
289,1/31/2020,33.18238820907075,
289,2/12/2020,46.80357349031448,
289,3/12/2020,50.14668588260567,
289,5/23/2020,70.20536024,
289,6/17/2020,60.176023059374764,
289,7/15/2020,73.54847262848729,
289,9/23/2020,66.86224784395714,
289,10/22/2020,46.80357349031448,
289,11/21/2020,40.11734870578434,
289,12/23/2020,30.088011529687382,
289,1/23/2021,26.744899137396192,
289,2/7/2021,40.11734870578434,
289,3/16/2021,46.80357349109109,
289,4/14/2021,46.80357349031448,
289,5/7/2021,30.088011529739617,
289,5/23/2021,43.460461098799904,
289,6/6/2021,47.58837409404306,
289,8/17/2021,56.83291066713581,
289,9/11/2021,36.77423631426976,
289,9/30/2021,36.77423631426976,
289,10/11/2021,34.35254586609156,
289,11/11/2021,39.86861299365313,
289,12/9/2021,7.607646728695365,
289,1/12/2022,23.40178674515724,
289,2/11/2022,22.928822288808057,
289,3/5/2022,19.585709896516867,
289,4/26/2022,10.029337176096952,
289,5/17/2022,27.193356625212232,
289,7/15/2022,30.088011529687382,
289,9/5/2022,53.489798274844624,
289,9/16/2022,53.489798274844624,
289,11/18/2022,20.058674352866053,
289,12/17/2022,34.24043149434476,
289,1/25/2023,19.585709896516867,
289,2/9/2023,16.715561960627095,
289,6/18/2023,26.744899137448428,
289,7/28/2023,36.77423631426976,
289,9/7/2023,34.35254586609156,
289,10/6/2023,20.058674352866053,
289,11/7/2023,16.715561960627095,
29,5/6/2017,18.30746857163346,
29,6/5/2017,,no intersection
29,8/2/2017,27.156023218489896,
29,9/27/2017,68.11799480862567,
29,10/14/2017,42.16828250051438,
29,11/27/2017,22.70599826955983,
29,12/23/2017,,no intersection
29,1/6/2018,29.193426346716574,
29,2/10/2018,48.65571057767112,
29,3/27/2018,45.41199653911966,
29,4/2/2018,45.41199653911966,
29,6/10/2018,48.65571057772496,
29,7/15/2018,38.92456846190909,
29,8/31/2018,51.89942461627641,
29,9/13/2018,48.65571057772496,
29,10/15/2018,49.862021488049734,
29,11/16/2018,53.10573552665502,
29,12/13/2018,42.16828250051438,
29,1/1/2019,39.63809038714289,
29,2/22/2019,29.19342634677041,
29,4/30/2019,48.65571057767112,
29,5/20/2019,32.437140384698516,
29,6/18/2019,48.65571057767112,
29,7/17/2019,77.84913692376435,
29,8/19/2019,73.52793617538886,
29,9/8/2019,71.36170884655378,
29,10/7/2019,61.63056673141509,
29,11/22/2019,51.89942461627641,
29,12/5/2019,43.374593410839154,
29,1/31/2020,32.437140384698516,
29,2/12/2020,32.437140384698516,
29,3/12/2020,42.16828250051438,
29,5/23/2020,51.89942461565306,
29,6/17/2020,45.41199653911966,
29,7/15/2020,49.862021488049734,
29,9/23/2020,77.84913692376435,
29,10/22/2020,55.14313865425835,
29,11/21/2020,74.60542288515906,
29,12/23/2020,,no intersection
29,1/23/2021,36.394376348537605,
29,2/7/2021,32.437140384698516,
29,3/16/2021,42.16828250051438,
29,4/14/2021,45.41199653911966,
29,5/7/2021,29.19342634677041,
29,5/23/2021,48.65571057767112,
29,6/6/2021,45.217097297524035,
29,8/17/2021,64.87428077002038,
29,9/11/2021,58.38685269,
29,9/30/2021,42.16828250051438,
29,10/11/2021,68.11799480862567,
29,11/11/2021,42.88180442574818,
29,12/9/2021,53.10573552665502,
29,1/12/2022,22.952392762105323,
29,2/11/2022,35.680854423303806,
29,3/5/2022,58.38685269,
29,4/26/2022,29.19342634677041,
29,5/17/2022,71.36170884723096,
29,7/15/2022,68.11799480862567,
29,9/5/2022,77.84913692376435,
29,9/16/2022,,no intersection
29,11/18/2022,61.63056673141509,
29,12/17/2022,64.87428077002038,
29,1/25/2023,35.680854423303806,
29,2/9/2023,,no intersection
29,6/18/2023,45.41199653906583,
29,7/28/2023,51.89942461627641,
29,9/7/2023,45.41199653911966,
29,10/6/2023,38.92456846190909,
29,11/7/2023,38.72966922031346,
290,5/6/2017,20.058674353485962,
290,6/5/2017,33.431123922441785,
290,8/2/2017,36.774236314680735,
290,9/27/2017,51.381675755781934,
290,10/14/2017,23.40178674572492,
290,11/27/2017,16.715561961194776,
290,12/23/2017,20.395017467942854,
290,1/6/2018,10.029337176716865,
290,2/10/2018,30.088011530202827,
290,3/27/2018,27.979889010109254,
290,4/2/2018,33.431123922441785,
290,6/10/2018,23.40178674572492,
290,7/15/2018,50.14668588363656,
290,8/31/2018,46.80357349,
290,9/13/2018,,no intersection
290,10/15/2018,56.832910668114465,
290,11/16/2018,23.401786745672684,
290,12/13/2018,23.401786745672684,
290,1/1/2019,20.058674353485962,
290,2/22/2019,23.40178674572492,
290,4/30/2019,23.40178674572492,
290,5/20/2019,23.40178674572492,
290,6/18/2019,29.413593515485598,
290,7/17/2019,43.46046109915865,
290,8/19/2019,60.17602306035342,
290,9/8/2019,53.489798275875515,
290,10/7/2019,49.80861098342845,
290,11/22/2019,43.46046109915865,
290,12/5/2019,30.088011530150595,
290,1/31/2020,43.46046109915865,
290,2/12/2020,43.46046109915865,
290,3/12/2020,44.69545097130403,
290,5/23/2020,67.98339156,
290,6/17/2020,60.17602306035342,
290,7/15/2020,66.74840168764672,
290,9/23/2020,66.74840168764672,
290,10/22/2020,46.80357349,
290,11/21/2020,43.46046109915865,
290,12/23/2020,22.72736873095545,
290,1/23/2021,29.413593515485598,
290,2/7/2021,46.80357349,
290,3/16/2021,30.088011530202827,
290,4/14/2021,41.240224207579445,
290,5/7/2021,30.088011530202827,
290,5/23/2021,33.431123922441785,
290,6/6/2021,33.431123922441785,
290,8/17/2021,53.15172337566741,
290,9/11/2021,44.583336599818395,
290,9/30/2021,37.89711181534049,
290,10/11/2021,30.088011530202827,
290,11/11/2021,36.211932671501366,
290,12/9/2021,6.686224784530143,
290,1/12/2022,27.193356623906393,
290,2/11/2022,20.058674353485962,
290,3/5/2022,23.401786745672684,
290,4/26/2022,10.029337176769099,
290,5/17/2022,24.52466224638467,
290,7/15/2022,30.088011530202827,
290,9/5/2022,53.489798275875515,
290,9/16/2022,47.92644899205735,
290,11/18/2022,16.715561961194776,
290,12/17/2022,23.401786745672684,
290,1/25/2023,23.40178674572492,
290,2/9/2023,17.83843746190676,
290,6/18/2023,27.979889010109254,
290,7/28/2023,33.991695779869936,
290,9/7/2023,32.75670590772455,
290,10/6/2023,15.816915203558517,
290,11/7/2023,20.058674353485962,
291,5/6/2017,26.744899137448428,
291,6/5/2017,42.47247513845733,
291,8/2/2017,36.77423631426976,
291,9/27/2017,53.48979827562123,
291,10/14/2017,30.088011529739617,
291,11/27/2017,33.43112392197857,
291,12/23/2017,23.40178674515724,
291,1/6/2018,10.029337176821333,
291,2/10/2018,30.088011529687382,
291,3/27/2018,33.43112392197857,
291,4/2/2018,33.43112392197857,
291,6/10/2018,26.744899137396192,
291,7/15/2018,40.117348706508714,
291,8/31/2018,52.83815543129567,
291,9/13/2018,24.838230192539243,
291,10/15/2018,56.83291066713581,
291,11/16/2018,29.212139941868216,
291,12/13/2018,23.40178674515724,
291,1/1/2019,15.503347257515301,
291,2/22/2019,20.058674352866053,
291,4/30/2019,36.77423631426976,
291,5/20/2019,25.644798806083433,
291,6/18/2019,33.43112392197857,
291,7/17/2019,50.14668588333005,
291,8/19/2019,60.176023059374764,
291,9/8/2019,55.038356094697804,
291,10/7/2019,53.48979827562123,
291,11/22/2019,43.460461098799904,
291,12/5/2019,33.43112392197857,
291,1/31/2020,36.77423631426976,
291,2/12/2020,39.353591490436344,
291,3/12/2020,50.14668588333005,
291,5/23/2020,73.54847262771067,
291,6/17/2020,56.83291066786019,
291,7/15/2020,63.51913545166595,
291,9/23/2020,66.43483374390178,
291,10/22/2020,43.460461098799904,
291,11/21/2020,40.117348706508714,
291,12/23/2020,23.40178674515724,
291,1/23/2021,23.40178674515724,
291,2/7/2021,51.695243702406614,
291,3/16/2021,38.32279413334633,
291,4/14/2021,40.117348706508714,
291,5/7/2021,33.99169578148918,
291,5/23/2021,39.24147711868955,
291,6/6/2021,30.088011529687382,
291,8/17/2021,55.038356094697804,
291,9/11/2021,50.14668588333005,
291,9/30/2021,33.431123921926336,
291,10/11/2021,33.43112392197857,
291,11/11/2021,33.431123921926336,
291,12/9/2021,6.686224784530143,
291,1/12/2022,26.744899137448428,
291,2/11/2022,13.596678312553882,
291,3/5/2022,29.212139941868216,
291,4/26/2022,10.029337176821333,
291,5/17/2022,27.193356625212232,
291,7/15/2022,35.89836472639836,
291,9/5/2022,46.803573491038854,
291,9/16/2022,46.803573491038854,
291,11/18/2022,16.715561960627095,
291,12/17/2022,26.744899137448428,
291,1/25/2023,18.958574021501054,
291,2/9/2023,16.715561961351476,
291,6/18/2023,36.77423631426976,
291,7/28/2023,40.117348706508714,
291,9/7/2023,36.77423631426976,
291,10/6/2023,24.950344565010422,
291,11/7/2023,20.058674353642665,
292,5/6/2017,20.058674352918285,
292,6/5/2017,40.117348706508714,
292,8/2/2017,36.774236314217525,
292,9/27/2017,50.14668588260567,
292,10/14/2017,25.15179812967807,
292,11/27/2017,33.43112392197857,
292,12/23/2017,23.40178674588162,
292,1/6/2018,15.301893692847653,
292,2/10/2018,26.744899137396192,
292,3/27/2018,40.117348706508714,
292,4/2/2018,25.443345241415784,
292,6/10/2018,21.76388973315982,
292,7/15/2018,35.629592793486594,
292,8/31/2018,45.83836271029884,
292,9/13/2018,30.088011529687382,
292,10/15/2018,56.83291066786019,
292,11/16/2018,31.725908541737034,
292,12/13/2018,20.05867435359043,
292,1/1/2019,20.058674353642665,
292,2/22/2019,20.05867435359043,
292,4/30/2019,35.472682417460504,
292,5/20/2019,30.088011530411762,
292,6/18/2019,36.774236314217525,
292,7/17/2019,52.524587494828985,
292,8/19/2019,60.17602306015138,
292,9/8/2019,56.83291066786019,
292,10/7/2019,35.18113530577502,
292,11/22/2019,40.117348706560946,
292,12/5/2019,30.088011529739617,
292,1/31/2020,30.088011529739617,
292,2/12/2020,33.43112392197857,
292,3/12/2020,46.80357349031448,
292,5/23/2020,66.86224784395714,
292,6/17/2020,60.176023059426996,
292,7/15/2020,66.86224784395714,
292,9/23/2020,63.51913545166595,
292,10/22/2020,40.117348706508714,
292,11/21/2020,43.46046109802329,
292,12/23/2020,16.715561961351476,
292,1/23/2021,23.40178674588162,
292,2/7/2021,52.524587494828985,
292,3/16/2021,33.43112392270295,
292,4/14/2021,30.088011529739617,
292,5/7/2021,28.49491052196926,
292,5/23/2021,28.49491052196926,
292,6/6/2021,30.088011529687382,
292,8/17/2021,51.89669727,
292,9/11/2021,43.460461098799904,
292,9/30/2021,30.088011529687382,
292,10/11/2021,30.088011530463998,
292,11/11/2021,33.43112392197857,
292,12/9/2021,3.3431123922911885,
292,1/12/2022,23.401786745933855,
292,2/11/2022,11.66723418881875,
292,3/5/2022,40.117348706560946,
292,4/26/2022,13.372449569060286,
292,5/17/2022,30.088011530463998,
292,7/15/2022,35.18113530577502,
292,9/5/2022,43.460461098799904,
292,9/16/2022,45.21047248259636,
292,11/18/2022,20.058674353642665,
292,12/17/2022,23.40178674588162,
292,1/25/2023,20.058674353642665,
292,2/9/2023,10.029337176821333,
292,6/18/2023,38.748476442231954,
292,7/28/2023,38.748476442231954,
292,9/7/2023,36.774236314217525,
292,10/6/2023,23.40178674588162,
292,11/7/2023,21.92080010918591,
293,5/6/2017,16.715561961351476,
293,6/5/2017,39.06204438,
293,8/2/2017,42.40515677093759,
293,9/27/2017,53.489798274844624,
293,10/14/2017,33.43112392197857,
293,11/27/2017,36.77423631426976,
293,12/23/2017,33.43112392197857,
293,1/6/2018,23.40178674515724,
293,2/10/2018,33.43112392197857,
293,3/27/2018,39.06204438,
293,4/2/2018,30.088011529687382,
293,6/10/2018,20.395017468883058,
293,7/15/2018,40.117348706508714,
293,8/31/2018,43.46046109807552,
293,9/13/2018,40.790034937766116,
293,10/15/2018,60.176023059426996,
293,11/16/2018,43.46046109807552,
293,12/13/2018,23.40178674515724,
293,1/1/2019,16.715561960627095,
293,2/22/2019,26.744899137448428,
293,4/30/2019,42.40515677093759,
293,5/20/2019,33.43112392197857,
293,6/18/2019,41.95745363737523,
293,7/17/2019,50.14668588260567,
293,8/19/2019,56.83291066713581,
293,9/8/2019,63.51913545166595,
293,10/7/2019,43.460461098799904,
293,11/22/2019,50.14668588260567,
293,12/5/2019,56.83291066713581,
293,1/31/2020,55.88972071174467,
293,2/12/2020,27.193356625212232,
293,3/12/2020,53.48979827562123,
293,5/23/2020,,no intersection
293,6/17/2020,53.489798274844624,
293,7/15/2020,70.20536023624832,
293,9/23/2020,70.20536024,
293,10/22/2020,46.803573491038854,
293,11/21/2020,48.64367842190538,
293,12/23/2020,16.715561961351476,
293,1/23/2021,20.058674352866053,
293,2/7/2021,55.66549197,
293,3/16/2021,33.43112392197857,
293,4/14/2021,32.04023083307731,
293,5/7/2021,32.57543223,
293,5/23/2021,36.77423631426976,
293,6/6/2021,33.431123921926336,
293,8/17/2021,46.80357349031448,
293,9/11/2021,43.46046109807552,
293,9/30/2021,33.43112392197857,
293,10/11/2021,33.43112392197857,
293,11/11/2021,36.77423631349315,
293,12/9/2021,6.686224784530143,
293,1/12/2022,23.40178674515724,
293,2/11/2022,16.715561960627095,
293,3/5/2022,42.06956800917426,
293,4/26/2022,20.058674352918285,
293,5/17/2022,40.117348706508714,
293,7/15/2022,36.77423631426976,
293,9/5/2022,43.46046109807552,
293,9/16/2022,42.06956800917426,
293,11/18/2022,20.058674352918285,
293,12/17/2022,30.088011529739617,
293,1/25/2023,16.715561960627095,
293,2/9/2023,16.715561960627095,
293,6/18/2023,33.43112392197857,
293,7/28/2023,35.71893198635521,
293,9/7/2023,36.77423631426976,
293,10/6/2023,27.193356625212232,
293,11/7/2023,20.058674352918285,
294,5/6/2017,27.193356625212232,
294,6/5/2017,44.76276934898176,
294,8/2/2017,54.38671325037223,
294,9/27/2017,63.51913545166595,
294,10/14/2017,43.46046109802329,
294,11/27/2017,33.43112392197857,
294,12/23/2017,50.14668588333005,
294,1/6/2018,47.58837409404306,
294,2/10/2018,40.117348706508714,
294,3/27/2018,53.489798274844624,
294,4/2/2018,36.77423631426976,
294,6/10/2018,37.964430192704825,
294,7/15/2018,33.43112392197857,
294,8/31/2018,40.117348706508714,
294,9/13/2018,53.489798274896856,
294,10/15/2018,72.29246909015878,
294,11/16/2018,40.117348706508714,
294,12/13/2018,16.715561960574863,
294,1/1/2019,33.99169578148918,
294,2/22/2019,18.017870211533335,
294,4/30/2019,53.489798274844624,
294,5/20/2019,44.76276934898176,
294,6/18/2019,56.84793276534274,
294,7/17/2019,67.98339156297835,
294,8/19/2019,73.54847263,
294,9/8/2019,80.23469741229304,
294,10/7/2019,56.83291066786019,
294,11/22/2019,54.38671325037223,
294,12/5/2019,69.68785258907067,
294,1/31/2020,61.18505240670141,
294,2/12/2020,26.74489913817281,
294,3/12/2020,60.176023059374764,
294,5/23/2020,68.61301358262719,
294,6/17/2020,,no intersection
294,7/15/2020,76.37407737287643,
294,9/23/2020,79.60507539331635,
294,10/22/2020,41.41965695746719,
294,11/21/2020,46.06183709964322,
294,12/23/2020,20.058674353642665,
294,1/23/2021,23.40178674515724,
294,2/7/2021,60.176023059426996,
294,3/16/2021,32.577273158836135,
294,4/14/2021,36.774236314217525,
294,5/7/2021,,no intersection
294,5/23/2021,,no intersection
294,6/6/2021,43.46046109802329,
294,8/17/2021,,no intersection
294,9/11/2021,70.20536023624832,
294,9/30/2021,26.744899137396192,
294,10/11/2021,40.117348706508714,
294,11/11/2021,40.117348706508714,
294,12/9/2021,4.309077527232656,
294,1/12/2022,20.058674352866053,
294,2/11/2022,16.715561960627095,
294,3/5/2022,48.330110485543166,
294,4/26/2022,,no intersection
294,5/17/2022,58.35944766158788,
294,7/15/2022,40.117348706508714,
294,9/5/2022,58.47156203405906,
294,9/16/2022,56.83291066791242,
294,11/18/2022,20.058674352866053,
294,12/17/2022,31.502434152392656,
294,1/25/2023,24.591980624368915,
294,2/9/2023,,no intersection
294,6/18/2023,,no intersection
294,7/28/2023,36.774236314217525,
294,9/7/2023,46.803573491038854,
294,10/6/2023,30.088011529687382,
294,11/7/2023,17.79364146803974,
295,5/6/2017,27.193356623906393,
295,6/5/2017,43.46046109910641,
295,8/2/2017,56.51685657805814,
295,9/27/2017,54.386713247812786,
295,10/14/2017,33.43112392238955,
295,11/27/2017,30.088011530150595,
295,12/23/2017,33.99169577992216,
295,1/6/2018,36.77423631,
295,2/10/2018,20.05867435343373,
295,3/27/2018,53.397972928790445,
295,4/2/2018,39.68918025,
295,6/10/2018,26.74489913791164,
295,7/15/2018,34.19563549844063,
295,8/31/2018,52.94951544284792,
295,9/13/2018,56.292627835086876,
295,10/15/2018,66.20985064031811,
295,11/16/2018,39.46495150240648,
295,12/13/2018,26.20461630488405,
295,1/1/2019,26.20461630488405,
295,2/22/2019,32.89084108936196,
295,4/30/2019,47.588374091849246,
295,5/20/2019,36.346067853086545,
295,6/18/2019,47.588374091849246,
295,7/17/2019,50.14668588363656,
295,8/19/2019,60.17602306035342,
295,9/8/2019,65.06844763,
295,10/7/2019,41.33031777,
295,11/22/2019,46.26329065837001,
295,12/5/2019,44.78554453263788,
295,1/31/2020,43.46046109915865,
295,2/12/2020,30.088011530202827,
295,3/12/2020,46.37540502980341,
295,5/23/2020,67.98339156,
295,6/17/2020,59.859968970297096,
295,7/15/2020,61.18505240382856,
295,9/23/2020,67.98339156,
295,10/22/2020,30.088011530150595,
295,11/21/2020,31.18886622,
295,12/23/2020,23.401786745672684,
295,1/23/2021,32.89084108936196,
295,2/7/2021,61.18505240382856,
295,3/16/2021,32.89084108936196,
295,4/14/2021,40.11734870691969,
295,5/7/2021,40.11734870686746,
295,5/23/2021,50.14668588363656,
295,6/6/2021,31.076751849172936,
295,8/17/2021,56.832910668114465,
295,9/11/2021,54.38671324786502,
295,9/30/2021,36.77423631,
295,10/11/2021,26.20461630488405,
295,11/11/2021,36.77423631,
295,12/9/2021,10.029337176716865,
295,1/12/2022,26.20461630488405,
295,2/11/2022,20.05867435343373,
295,3/5/2022,47.588374091849246,
295,4/26/2022,16.715561961194776,
295,5/17/2022,53.06162981433355,
295,7/15/2022,43.46046109915865,
295,9/5/2022,53.489798275875515,
295,9/16/2022,48.12865692487683,
295,11/18/2022,14.24907551649253,
295,12/17/2022,33.43112392238955,
295,1/25/2023,20.05867435343373,
295,2/9/2023,16.175279128167187,
295,6/18/2023,33.43112392238955,
295,7/28/2023,43.144407009050084,
295,9/7/2023,43.46046109915865,
295,10/6/2023,30.088011530150595,
295,11/7/2023,20.05867435343373,
296,5/6/2017,16.715561960627095,
296,6/5/2017,33.43112392197857,
296,8/2/2017,51.15820137384095,
296,9/27/2017,46.80357349031448,
296,10/14/2017,26.74489913817281,
296,11/27/2017,30.088011530463998,
296,12/23/2017,30.088011529687382,
296,1/6/2018,36.774236314217525,
296,2/10/2018,36.771750170256645,
296,3/27/2018,36.771750170256645,
296,4/2/2018,26.74489913817281,
296,6/10/2018,23.401786745933855,
296,7/15/2018,37.22517994594221,
296,8/31/2018,50.14668588333005,
296,9/13/2018,46.803573491038854,
296,10/15/2018,63.51913545166595,
296,11/16/2018,37.67363743370602,
296,12/13/2018,16.715561961351476,
296,1/1/2019,20.058674353642665,
296,2/22/2019,23.40178674588162,
296,4/30/2019,33.43112392197857,
296,5/20/2019,26.744899137448428,
296,6/18/2019,40.11734870578434,
296,7/17/2019,44.47197659003519,
296,8/19/2019,56.83291066786019,
296,9/8/2019,63.51913545166595,
296,10/7/2019,40.117348706508714,
296,11/22/2019,37.67363743370602,
296,12/5/2019,40.117348706508714,
296,1/31/2020,40.117348706508714,
296,2/12/2020,,no intersection
296,3/12/2020,36.77423631349315,
296,5/23/2020,53.489798274844624,
296,6/17/2020,44.35986221751178,
296,7/15/2020,56.83291066713581,
296,9/23/2020,66.86224784395714,
296,10/22/2020,23.40178674515724,
296,11/21/2020,26.74489913817281,
296,12/23/2020,30.088011529687382,
296,1/23/2021,23.40178674588162,
296,2/7/2021,63.51913545244257,
296,3/16/2021,27.420071512666706,
296,4/14/2021,30.088011529687382,
296,5/7/2021,33.43112392197857,
296,5/23/2021,37.67363743370602,
296,6/6/2021,29.861296642232908,
296,8/17/2021,56.606195779681336,
296,9/11/2021,50.14668588333005,
296,9/30/2021,29.861296642232908,
296,10/11/2021,23.401786745933855,
296,11/11/2021,29.861296642232908,
296,12/9/2021,6.686224783805764,
296,1/12/2022,20.058674353642665,
296,2/11/2022,13.93550757253177,
296,3/5/2022,43.460461098799904,
296,4/26/2022,20.058674352866053,
296,5/17/2022,51.15820137384095,
296,7/15/2022,46.80357349031448,
296,9/5/2022,50.14668588260567,
296,9/16/2022,51.15820137384095,
296,11/18/2022,13.93550757253177,
296,12/17/2022,30.088011529687382,
296,1/25/2023,23.175071857702765,
296,2/9/2023,16.715561961351476,
296,6/18/2023,30.088011529687382,
296,7/28/2023,36.77423631426976,
296,9/7/2023,43.46046109802329,
296,10/6/2023,33.43112392197857,
296,11/7/2023,13.823393200060591,
297,5/6/2017,16.85293766,
297,6/5/2017,30.088011529687382,
297,8/2/2017,53.489798274844624,
297,9/27/2017,50.84463343737428,
297,10/14/2017,26.831752186408398,
297,11/27/2017,26.744899137396192,
297,12/23/2017,30.088011529687382,
297,1/6/2018,40.117348705732105,
297,2/10/2018,33.680613988983374,
297,3/27/2018,33.431123921926336,
297,4/2/2018,20.420278791669887,
297,6/10/2018,20.420278791669887,
297,7/15/2018,40.117348706508714,
297,8/31/2018,43.46046109802329,
297,9/13/2018,40.117348705732105,
297,10/15/2018,66.86224784390491,
297,11/16/2018,30.088011529687382,
297,12/13/2018,13.372449568335906,
297,1/1/2019,36.774236314217525,
297,2/22/2019,20.058674352866053,
297,4/30/2019,30.44961596849122,
297,5/20/2019,26.831752186408398,
297,6/18/2019,36.86108936322973,
297,7/17/2019,46.89042653927445,
297,8/19/2019,53.489798274844624,
297,9/8/2019,63.60598850062593,
297,10/7/2019,46.80357349031448,
297,11/22/2019,40.790034937818355,
297,12/5/2019,36.774236314217525,
297,1/31/2020,36.774236314217525,
297,2/12/2020,23.40178674588162,
297,3/12/2020,40.117348706508714,
297,5/23/2020,53.489798274844624,
297,6/17/2020,50.146685882553435,
297,7/15/2020,53.57665132385683,
297,9/23/2020,63.60598850062593,
297,10/22/2020,30.44961596849122,
297,11/21/2020,33.51797697093854,
297,12/23/2020,33.431123921926336,
297,1/23/2021,30.088011529687382,
297,2/7/2021,57.75508696545025,
297,3/16/2021,36.774236314217525,
297,4/14/2021,36.774236314217525,
297,5/7/2021,43.54731414775987,
297,5/23/2021,43.46046109802329,
297,6/6/2021,23.40178674515724,
297,8/17/2021,46.80357349031448,
297,9/11/2021,53.489798274844624,
297,9/30/2021,40.81529626055295,
297,10/11/2021,20.420278791669887,
297,11/11/2021,23.763391183961076,
297,12/9/2021,10.029337176821333,
297,1/12/2022,16.96505203,
297,2/11/2022,16.715561960574863,
297,3/5/2022,43.54731414775987,
297,4/26/2022,30.088011529687382,
297,5/17/2022,53.489798274844624,
297,7/15/2022,50.146685882553435,
297,9/5/2022,50.84463343737428,
297,9/16/2022,50.84463343737428,
297,11/18/2022,16.715561960574863,
297,12/17/2022,30.088011529687382,
297,1/25/2023,20.058674352866053,
297,2/9/2023,16.96505203,
297,6/18/2023,30.088011529687382,
297,7/28/2023,40.117348706508714,
297,9/7/2023,43.46046109874767,
297,10/6/2023,26.831752186408398,
297,11/7/2023,23.40178674515724,
298,5/6/2017,16.715561961403708,
298,6/5/2017,33.43112392197857,
298,8/2/2017,50.14668588333005,
298,9/27/2017,53.87417789325102,
298,10/14/2017,26.79293563983782,
298,11/27/2017,36.77423631426976,
298,12/23/2017,30.088011529687382,
298,1/6/2018,37.06254292784514,
298,2/10/2018,30.088011529687382,
298,3/27/2018,33.431123921926336,
298,4/2/2018,23.40178674515724,
298,6/10/2018,20.346980966493668,
298,7/15/2018,40.117348705732105,
298,8/31/2018,40.40565532,
298,9/13/2018,33.99169578148918,
298,10/15/2018,66.86224784395714,
298,11/16/2018,33.70338916791379,
298,12/13/2018,10.317643790396717,
298,1/1/2019,36.77423631426976,
298,2/22/2019,26.744899137396192,
298,4/30/2019,26.744899137448428,
298,5/20/2019,30.088011529687382,
298,6/18/2019,40.117348706508714,
298,7/17/2019,50.54710686865223,
298,8/19/2019,60.57644404469695,
298,9/8/2019,60.176023059374764,
298,10/7/2019,43.46046109874767,
298,11/22/2019,43.460461098799904,
298,12/5/2019,37.06254292784514,
298,1/31/2020,37.17465729959194,
298,2/12/2020,,no intersection
298,3/12/2020,43.460461098799904,
298,5/23/2020,53.87417789325102,
298,6/17/2020,43.460461098799904,
298,7/15/2020,50.54710686865223,
298,9/23/2020,60.176023059374764,
298,10/22/2020,26.744899137448428,
298,11/21/2020,33.83154490730075,
298,12/23/2020,30.37631814,
298,1/23/2021,33.99169578148918,
298,2/7/2021,56.832910667083574,
298,3/16/2021,33.43112392197857,
298,4/14/2021,26.744899137448428,
298,5/7/2021,33.43112392197857,
298,5/23/2021,40.117348706508714,
298,6/6/2021,23.40178674515724,
298,8/17/2021,43.46046109874767,
298,9/11/2021,50.43499249618105,
298,9/30/2021,43.84484071642969,
298,10/11/2021,26.744899137396192,
298,11/11/2021,23.40178674515724,
298,12/9/2021,9.741030563245948,
298,1/12/2022,20.058674352866053,
298,2/11/2022,13.66075618191129,
298,3/5/2022,36.77423631426976,
298,4/26/2022,30.088011529739617,
298,5/17/2022,50.14668588333005,
298,7/15/2022,50.531065501012066,
298,9/5/2022,53.48979828,
298,9/16/2022,50.14668588333005,
298,11/18/2022,20.058674352866053,
298,12/17/2022,36.774236314217525,
298,1/25/2023,20.058674352866053,
298,2/9/2023,23.802207730479424,
298,6/18/2023,30.088011529739617,
298,7/28/2023,40.117348706560946,
298,9/7/2023,40.117348706508714,
298,10/6/2023,26.744899137448428,
298,11/7/2023,20.058674352866053,
299,5/6/2017,16.71556196124701,
299,6/5/2017,29.822480101387356,
299,8/2/2017,53.48979827592775,
299,9/27/2017,50.21749756948691,
299,10/14/2017,26.47936771,
299,11/27/2017,36.774236314732974,
299,12/23/2017,23.401786745672684,
299,1/6/2018,36.73293362888876,
299,2/10/2018,30.088011530202827,
299,3/27/2018,30.088011530202827,
299,4/2/2018,20.05867435343373,
299,6/10/2018,23.401786745672684,
299,7/15/2018,46.80357349144984,
299,8/31/2018,37.376110858162036,
299,9/13/2018,30.689886073684125,
299,10/15/2018,66.86224784415919,
299,11/16/2018,33.991695780131096,
299,12/13/2018,13.37244956895582,
299,1/1/2019,43.46046109915865,
299,2/22/2019,26.744899137963873,
299,4/30/2019,26.744899137963873,
299,5/20/2019,33.43112392249402,
299,6/18/2019,40.117348706971924,
299,7/17/2019,53.48979827592775,
299,8/19/2019,60.176023060457894,
299,9/8/2019,60.47106349,
299,10/7/2019,50.14668588368879,
299,11/22/2019,40.07604602117995,
299,12/5/2019,36.73293362888876,
299,1/31/2020,36.774236314732974,
299,2/12/2020,16.71556196124701,
299,3/12/2020,36.62081925740313,
299,5/23/2020,47.51756241,
299,6/17/2020,37.48822522975213,
299,7/15/2020,53.48979827597998,
299,9/23/2020,60.176023060457894,
299,10/22/2020,27.19335662416756,
299,11/21/2020,27.458888052983035,
299,12/23/2020,30.088011530202827,
299,1/23/2021,40.11734870691969,
299,2/7/2021,60.47106349,
299,3/16/2021,33.43112392249402,
299,4/14/2021,26.59148208063403,
299,5/7/2021,27.458888052983035,
299,5/23/2021,43.41915841,
299,6/6/2021,26.744899137963873,
299,8/17/2021,53.48979827597998,
299,9/11/2021,56.832910668166704,
299,9/30/2021,33.431123922441785,
299,10/11/2021,33.43112392249402,
299,11/11/2021,20.05867435343373,
299,12/9/2021,6.686224784530143,
299,1/12/2022,20.058674353485962,
299,2/11/2022,13.37244956895582,
299,3/5/2022,37.48822522975213,
299,4/26/2022,26.744899137963873,
299,5/17/2022,53.48979827592775,
299,7/15/2022,57.659013954723726,
299,9/5/2022,50.14668588368879,
299,9/16/2022,46.80357349144984,
299,11/18/2022,20.05867435343373,
299,12/17/2022,30.088011530202827,
299,1/25/2023,20.05867435343373,
299,2/9/2023,23.40178674572492,
299,6/18/2023,26.744899137963873,
299,7/28/2023,40.117348706971924,
299,9/7/2023,40.117348706971924,
299,10/6/2023,27.458888052983035,
299,11/7/2023,17.42955087626617,
3,5/6/2017,35.680854423303806,
3,6/5/2017,,no intersection
3,8/2/2017,42.16828250051438,
3,9/27/2017,,no intersection
3,10/14/2017,29.19342634609323,
3,11/27/2017,,no intersection
3,12/23/2017,,no intersection
3,1/6/2018,32.437140384698516,
3,2/10/2018,25.94971230816512,
3,3/27/2018,42.699325273015376,
3,4/2/2018,45.41199653906583,
3,6/10/2018,52.57575732114383,
3,7/15/2018,58.386852693486986,
3,8/31/2018,65.82177709893683,
3,9/13/2018,65.40532354,
3,10/15/2018,64.87428077002038,
3,11/16/2018,54.68942483,
3,12/13/2018,27.779796105309988,
3,1/1/2019,29.19342634609323,
3,2/22/2019,25.94971230816512,
3,4/30/2019,35.680854423303806,
3,5/20/2019,42.16828250051438,
3,6/18/2019,38.92456846190909,
3,7/17/2019,51.89942461627641,
3,8/19/2019,48.65571057767112,
3,9/8/2019,51.89942461627641,
3,10/7/2019,55.14313865425835,
3,11/22/2019,36.21189719585863,
3,12/5/2019,32.437140384698516,
3,1/31/2020,35.680854423303806,
3,2/12/2020,32.437140384698516,
3,3/12/2020,42.16828250051438,
3,5/23/2020,48.65571057767112,
3,6/17/2020,,no intersection
3,7/15/2020,61.63056673141509,
3,9/23/2020,71.36170884655378,
3,10/22/2020,38.92456846190909,
3,11/21/2020,42.699325273015376,
3,12/23/2020,,no intersection
3,1/23/2021,25.94971230748794,
3,2/7/2021,29.19342634609323,
3,3/16/2021,22.70599826955983,
3,4/14/2021,35.680854423303806,
3,5/7/2021,32.96818315725334,
3,5/23/2021,58.38685269,
3,6/6/2021,26.480755080719952,
3,8/17/2021,45.41199653906583,
3,9/11/2021,45.41199653906583,
3,9/30/2021,42.16828250046055,
3,10/11/2021,32.437140384698516,
3,11/11/2021,25.94971230816512,
3,12/9/2021,32.437140384698516,
3,1/12/2022,25.94971230748794,
3,2/11/2022,24.53608206738188,
3,3/5/2022,27.779796105309988,
3,4/26/2022,17.08873757239202,
3,5/17/2022,35.68085442398098,
3,7/15/2022,25.94971230816512,
3,9/5/2022,42.16828250046055,
3,9/16/2022,,no intersection
3,11/18/2022,43.557072563518126,
3,12/17/2022,48.65571057704778,
3,1/25/2023,25.94971230748794,
3,2/9/2023,,no intersection
3,6/18/2023,38.92456846190909,
3,7/28/2023,61.63056673141509,
3,9/7/2023,55.14313865420452,
3,10/6/2023,42.16828250046055,
3,11/7/2023,35.680854423303806,
30,5/6/2017,29.193426346501237,
30,6/5/2017,,no intersection
30,8/2/2017,25.94971230800362,
30,9/27/2017,68.11799480876451,
30,10/14/2017,48.65571057734812,
30,11/27/2017,27.304195962495445,
30,12/23/2017,,no intersection
30,1/6/2018,29.19342634655507,
30,2/10/2018,58.38685269305631,
30,3/27/2018,48.65571057734812,
30,4/2/2018,48.65571057734812,
30,6/10/2018,51.89942461595341,
30,7/15/2018,37.12879107230713,
30,8/31/2018,52.906067529761586,
30,9/13/2018,52.906067529761586,
30,10/15/2018,51.89942461589957,
30,11/16/2018,48.65571057734812,
30,12/13/2018,39.83775838196796,
30,1/1/2019,42.16828250086856,
30,2/22/2019,35.680854423657976,
30,4/30/2019,58.38685269305631,
30,5/20/2019,35.680854423711814,
30,6/18/2019,42.16828250086856,
30,7/17/2019,76.57198221591635,
30,8/19/2019,74.60542288597509,
30,9/8/2019,68.11799480881834,
30,10/7/2019,58.38685269311014,
30,11/22/2019,39.83775838196796,
30,12/5/2019,46.41863945260484,
30,1/31/2020,22.752724766450076,
30,2/12/2020,29.193426346501237,
30,3/12/2020,36.594044343362675,
30,5/23/2020,57.55099171991044,
30,6/17/2020,45.41199653879666,
30,7/15/2020,58.38685269305631,
30,9/23/2020,65.43962994866459,
30,10/22/2020,41.77371526250982,
30,11/21/2020,74.60542288592124,
30,12/23/2020,,no intersection
30,1/23/2021,32.43714038510653,
30,2/7/2021,19.462284230793042,
30,3/16/2021,33.88507703375568,
30,4/14/2021,32.43714038578371,
30,5/7/2021,29.24015284360682,
30,5/23/2021,45.41199653879666,
30,6/6/2021,38.92456846226327,
30,8/17/2021,62.54375665131246,
30,9/11/2021,61.630566731607765,
30,9/30/2021,42.16828250086856,
30,10/11/2021,55.14313865450486,
30,11/11/2021,42.168282500191374,
30,12/9/2021,49.5689005,
30,1/12/2022,25.949712307949785,
30,2/11/2022,38.92456846226327,
30,3/5/2022,55.14313865450486,
30,4/26/2022,33.350330304811216,
30,5/17/2022,68.11799480876451,
30,7/15/2022,68.11799480881834,
30,9/5/2022,72.27489876707448,
30,9/16/2022,,no intersection
30,11/18/2022,61.630566731607765,
30,12/17/2022,55.14313865450486,
30,1/25/2023,32.437140385729876,
30,2/9/2023,,no intersection
30,6/18/2023,35.68085442433516,
30,7/28/2023,38.92456846226327,
30,9/7/2023,38.530001223904534,
30,10/6/2023,33.350330304811216,
30,11/7/2023,35.680854423657976,
300,5/6/2017,20.058674353642665,
300,6/5/2017,33.43112392197857,
300,8/2/2017,56.83291066780796,
300,9/27/2017,53.48979827551677,
300,10/14/2017,27.772455997211853,
300,11/27/2017,36.41936568550257,
300,12/23/2017,22.822687373000917,
300,1/6/2018,40.11734870645648,
300,2/10/2018,33.43112392270295,
300,3/27/2018,26.744899138120573,
300,4/2/2018,19.367460609015165,
300,6/10/2018,23.40178674515724,
300,7/15/2018,46.80357349031448,
300,8/31/2018,40.11734870645648,
300,9/13/2018,31.003454017756244,
300,10/15/2018,61.091465547443626,
300,11/16/2018,44.375903586816534,
300,12/13/2018,16.715561961351476,
300,1/1/2019,40.117348706508714,
300,2/22/2019,30.088011529687382,
300,4/30/2019,32.85202454982225,
300,5/20/2019,36.774236314217525,
300,6/18/2019,40.11734870645648,
300,7/17/2019,56.70226878258659,
300,8/19/2019,63.50060793886354,
300,9/8/2019,60.17602306009915,
300,10/7/2019,53.359156390347636,
300,11/22/2019,46.80357349098662,
300,12/5/2019,36.41936568550257,
300,1/31/2020,40.11734870645648,
300,2/12/2020,16.715561960627095,
300,3/12/2020,36.774236314217525,
300,5/23/2020,54.33720227008129,
300,6/17/2020,43.46046109874767,
300,7/15/2020,53.48979827551677,
300,9/23/2020,56.83291066780796,
300,10/22/2020,30.088011529687382,
300,11/21/2020,27.772455997211853,
300,12/23/2020,33.431123921926336,
300,1/23/2021,43.46046109874767,
300,2/7/2021,63.51913545,
300,3/16/2021,36.774236314217525,
300,4/14/2021,23.40178674515724,
300,5/7/2021,36.30725131,
300,5/23/2021,43.46046109874767,
300,6/6/2021,36.774236314217525,
300,8/17/2021,50.14668588327781,
300,9/11/2021,63.50060793886354,
300,9/30/2021,43.10559047003271,
300,10/11/2021,36.774236314217525,
300,11/11/2021,16.715561961351476,
300,12/9/2021,6.686224784530143,
300,1/12/2022,21.08623121340609,
300,2/11/2022,16.715561961351476,
300,3/5/2022,46.80357349098662,
300,4/26/2022,30.088011530411762,
300,5/17/2022,53.48979827551677,
300,7/15/2022,60.176023060046916,
300,9/5/2022,53.48979828,
300,9/16/2022,46.803573491038854,
300,11/18/2022,23.40178674588162,
300,12/17/2022,36.774236314217525,
300,1/25/2023,23.40178674588162,
300,2/9/2023,22.710573001254122,
300,6/18/2023,29.396797785784262,
300,7/28/2023,46.80357349098662,
300,9/7/2023,40.117348706508714,
300,10/6/2023,30.088011529687382,
300,11/7/2023,20.05867435359043,
301,5/6/2017,26.744899137448428,
301,6/5/2017,38.22747548349338,
301,8/2/2017,,no intersection
301,9/27/2017,56.83291066713581,
301,10/14/2017,30.088011529687382,
301,11/27/2017,36.77423631426976,
301,12/23/2017,23.40178674515724,
301,1/6/2018,30.088011529739617,
301,2/10/2018,36.8226304,
301,3/27/2018,23.40178674515724,
301,4/2/2018,13.37244956838814,
301,6/10/2018,23.40178674515724,
301,7/15/2018,42.56779378903465,
301,8/31/2018,36.105797748050335,
301,9/13/2018,34.66013434770859,
301,10/15/2018,63.51913545166595,
301,11/16/2018,43.46046109807552,
301,12/13/2018,16.715561960627095,
301,1/1/2019,40.11734870578434,
301,2/22/2019,33.43112392197857,
301,4/30/2019,34.88436309120219,
301,5/20/2019,40.117348706508714,
301,6/18/2019,43.46046109874767,
301,7/17/2019,53.04558845284318,
301,8/19/2019,60.176023059426996,
301,9/8/2019,63.51913545166595,
301,10/7/2019,50.14668588260567,
301,11/22/2019,46.80357349031448,
301,12/5/2019,36.77423631426976,
301,1/31/2020,33.43112392197857,
301,2/12/2020,25.964346199429976,
301,3/12/2020,40.117348706508714,
301,5/23/2020,52.82135970940181,
301,6/17/2020,40.117348706508714,
301,7/15/2020,53.489798274844624,
301,9/23/2020,56.83291066713581,
301,10/22/2020,30.088011529687382,
301,11/21/2020,36.77423631426976,
301,12/23/2020,30.088011529739617,
301,1/23/2021,33.43112392197857,
301,2/7/2021,,no intersection
301,3/16/2021,35.99368337625131,
301,4/14/2021,27.973909563178452,
301,5/7/2021,29.195344219974366,
301,5/23/2021,46.13513492481944,
301,6/6/2021,23.40178674515724,
301,8/17/2021,48.14469828784353,
301,9/11/2021,58.17403546466487,
301,9/30/2021,39.44891014028929,
301,10/11/2021,36.774236314217525,
301,11/11/2021,16.715561960627095,
301,12/9/2021,6.686224784530143,
301,1/12/2022,20.395017468935293,
301,2/11/2022,8.027349582059198,
301,3/5/2022,50.146685882553435,
301,4/26/2022,24.855025914433092,
301,5/17/2022,53.48979827562123,
301,7/15/2022,60.176023059426996,
301,9/5/2022,51.59992505182929,
301,9/16/2022,48.25681266031471,
301,11/18/2022,26.744899137448428,
301,12/17/2022,36.774236314217525,
301,1/25/2023,22.397005063697424,
301,2/9/2023,16.715561960627095,
301,6/18/2023,30.088011529739617,
301,7/28/2023,46.803573491038854,
301,9/7/2023,36.774236314217525,
301,10/6/2023,33.431123921926336,
301,11/7/2023,23.40178674515724,
302,5/6/2017,21.937595831027526,
302,6/5/2017,35.19793102766887,
302,8/2/2017,,no intersection
302,9/27/2017,62.87347206499686,
302,10/14/2017,30.088011529687382,
302,11/27/2017,35.08581665586984,
302,12/23/2017,20.058674352866053,
302,1/6/2018,35.08581665586984,
302,2/10/2018,35.19793102766887,
302,3/27/2018,20.395017468883058,
302,4/2/2018,16.715561960627095,
302,6/10/2018,22.195551498977544,
302,7/15/2018,46.80357349031448,
302,8/31/2018,40.790034937766116,
302,9/13/2018,33.43112392197857,
302,10/15/2018,56.83291066713581,
302,11/16/2018,43.460461098799904,
302,12/13/2018,20.058674352866053,
302,1/1/2019,30.088011529739617,
302,2/22/2019,33.43112392197857,
302,4/30/2019,33.43112392197857,
302,5/20/2019,42.10838455569261,
302,6/18/2019,39.02322783207582,
302,7/17/2019,60.176023059374764,
302,8/19/2019,63.51913545166595,
302,9/8/2019,63.51913545166595,
302,10/7/2019,56.83291066713581,
302,11/22/2019,46.803573491038854,
302,12/5/2019,33.43112392197857,
302,1/31/2020,30.088011529687382,
302,2/12/2020,20.058674352918285,
302,3/12/2020,41.88415581219901,
302,5/23/2020,46.80357349109109,
302,6/17/2020,43.460461098799904,
302,7/15/2020,56.83291066786019,
302,9/23/2020,53.48979828,
302,10/22/2020,26.744899137448428,
302,11/21/2020,39.02322783207582,
302,12/23/2020,28.993890655254486,
302,1/23/2021,31.742704263578652,
302,2/7/2021,56.83291066786019,
302,3/16/2021,36.774236314217525,
302,4/14/2021,20.058674352866053,
302,5/7/2021,30.088011529687382,
302,5/23/2021,50.14668588333005,
302,6/6/2021,32.22488867579887,
302,8/17/2021,50.14668588333005,
302,9/11/2021,50.14668588333005,
302,9/30/2021,43.460461098799904,
302,10/11/2021,33.43112392197857,
302,11/11/2021,20.058674352918285,
302,12/9/2021,6.686224784530143,
302,1/12/2022,20.058674352866053,
302,2/11/2022,13.372449569060286,
302,3/5/2022,45.82156698840499,
302,4/26/2022,30.088011529739617,
302,5/17/2022,50.14668588333005,
302,7/15/2022,60.17602306015138,
302,9/5/2022,50.14668588333005,
302,9/16/2022,46.80357349109109,
302,11/18/2022,25.426549519521934,
302,12/17/2022,33.43112392197857,
302,1/25/2023,16.715561961351476,
302,2/9/2023,16.715561961351476,
302,6/18/2023,27.19335663,
302,7/28/2023,48.68249496847596,
302,9/7/2023,36.774236314217525,
302,10/6/2023,26.744899137448428,
302,11/7/2023,20.058674353642665,
303,5/6/2017,20.395017468883058,
303,6/5/2017,36.774236314217525,
303,8/2/2017,,no intersection
303,9/27/2017,63.51913545239034,
303,10/14/2017,30.088011529687382,
303,11/27/2017,30.088011529739617,
303,12/23/2017,15.08364440633839,
303,1/6/2018,28.713159807701906,
303,2/10/2018,33.99169578148918,
303,3/27/2018,23.40178674588162,
303,4/2/2018,26.74489913817281,
303,6/10/2018,32.056272199993096,
303,7/15/2018,42.30983812030802,
303,8/31/2018,48.77183416134457,
303,9/13/2018,40.117348706508714,
303,10/15/2018,53.48979827562123,
303,11/16/2018,40.117348706560946,
303,12/13/2018,22.02693502394838,
303,1/1/2019,36.774236314217525,
303,2/22/2019,42.277001031498386,
303,4/30/2019,26.74489913817281,
303,5/20/2019,45.28377030777257,
303,6/18/2019,48.851111444281734,
303,7/17/2019,63.51913545239034,
303,8/19/2019,62.25639810220389,
303,9/8/2019,60.17602306009915,
303,10/7/2019,66.86224784390491,
303,11/22/2019,50.14668588333005,
303,12/5/2019,36.77423631426976,
303,1/31/2020,30.088011529739617,
303,2/12/2020,25.337210326653317,
303,3/12/2020,43.460461098799904,
303,5/23/2020,48.851111444281734,
303,6/17/2020,53.48979827562123,
303,7/15/2020,56.83291066786019,
303,9/23/2020,60.17602306009915,
303,10/22/2020,38.85461135632227,
303,11/21/2020,43.46046109874767,
303,12/23/2020,33.43112392197857,
303,1/23/2021,30.088011529687382,
303,2/7/2021,50.14668588333005,
303,3/16/2021,40.790034937818355,
303,4/14/2021,23.40178674515724,
303,5/7/2021,27.193356625212232,
303,5/23/2021,54.38671325037223,
303,6/6/2021,33.431123921926336,
303,8/17/2021,53.48979827562123,
303,9/11/2021,56.83291066786019,
303,9/30/2021,46.80357349109109,
303,10/11/2021,40.117348706508714,
303,11/11/2021,23.401786745933855,
303,12/9/2021,4.717964114,
303,1/12/2022,20.058674353642665,
303,2/11/2022,11.516303270501371,
303,3/5/2022,50.14668588333005,
303,4/26/2022,23.40178674588162,
303,5/17/2022,52.33917529712936,
303,7/15/2022,61.18505240664918,
303,9/5/2022,60.176023059374764,
303,9/16/2022,53.489798274844624,
303,11/18/2022,33.431123921926336,
303,12/17/2022,30.088011529687382,
303,1/25/2023,16.715561961351476,
303,2/9/2023,16.715561961351476,
303,6/18/2023,26.74489913817281,
303,7/28/2023,50.14668588260567,
303,9/7/2023,42.30983812030802,
303,10/6/2023,30.088011530463998,
303,11/7/2023,18.314642426830545,
304,5/6/2017,18.001074494476544,
304,6/5/2017,36.774236314680735,
304,8/2/2017,,no intersection
304,9/27/2017,66.86224784488357,
304,10/14/2017,30.088011530202827,
304,11/27/2017,32.25772576075011,
304,12/23/2017,13.372449569008054,
304,1/6/2018,13.372449569008054,
304,2/10/2018,26.744899137963873,
304,3/27/2018,23.40178674572492,
304,4/2/2018,20.058674353485962,
304,6/10/2018,23.40178674572492,
304,7/15/2018,43.46046109915865,
304,8/31/2018,43.46046109921088,
304,9/13/2018,36.774236314732974,
304,10/15/2018,48.76177225395879,
304,11/16/2018,33.43112392249402,
304,12/13/2018,16.71556196124701,
304,1/1/2019,23.40178674572492,
304,2/22/2019,43.46046109921088,
304,4/30/2019,36.774236314680735,
304,5/20/2019,44.97020237556838,
304,6/18/2019,46.80357349,
304,7/17/2019,63.51913545264461,
304,8/19/2019,65.58944858669143,
304,9/8/2019,60.176023060405655,
304,10/7/2019,60.176023060405655,
304,11/22/2019,45.74228970124379,
304,12/5/2019,28.366754785859232,
304,1/31/2020,26.744899137963873,
304,2/12/2020,26.744899137963873,
304,3/12/2020,36.774236314680735,
304,5/23/2020,53.48979827592775,
304,6/17/2020,60.176023060405655,
304,7/15/2020,53.48979827592775,
304,9/23/2020,66.86224784488357,
304,10/22/2020,33.431123922441785,
304,11/21/2020,46.80357349144984,
304,12/23/2020,33.43112392249402,
304,1/23/2021,30.088011530202827,
304,2/7/2021,63.519135452696844,
304,3/16/2021,36.774236314680735,
304,4/14/2021,20.05867435343373,
304,5/7/2021,23.40178674572492,
304,5/23/2021,51.992770274659875,
304,6/6/2021,25.79572971934793,
304,8/17/2021,46.80357349144984,
304,9/11/2021,46.80357349144984,
304,9/30/2021,36.774236314732974,
304,10/11/2021,38.508206334166196,
304,11/11/2021,23.40178674572492,
304,12/9/2021,6.686224784,
304,1/12/2022,20.058674353485962,
304,2/11/2022,23.401786745672684,
304,3/5/2022,41.85131872640515,
304,4/26/2022,24.687299278954455,
304,5/17/2022,50.14668588368879,
304,7/15/2022,60.176023060457894,
304,9/5/2022,60.176023060405655,
304,9/16/2022,53.48979827592775,
304,11/18/2022,31.597752806560326,
304,12/17/2022,26.744899137963873,
304,1/25/2023,20.058674353485962,
304,2/9/2023,20.058674353485962,
304,6/18/2023,30.088011530202827,
304,7/28/2023,50.14668588368879,
304,9/7/2023,38.28397759103824,
304,10/6/2023,30.088011530202827,
304,11/7/2023,23.40178674572492,
305,5/6/2017,23.401786745105007,
305,6/5/2017,36.774236314217525,
305,8/2/2017,,no intersection
305,9/27/2017,63.51913545,
305,10/14/2017,29.340295682919766,
305,11/27/2017,29.228181310396355,
305,12/23/2017,20.05867435359043,
305,1/6/2018,10.029337176769099,
305,2/10/2018,16.715561961351476,
305,3/27/2018,26.744899137396192,
305,4/2/2018,26.744899137396192,
305,6/10/2018,26.74489913817281,
305,7/15/2018,40.117348705732105,
305,8/31/2018,40.117348706508714,
305,9/13/2018,33.431123921926336,
305,10/15/2018,46.80357349098662,
305,11/16/2018,26.744899137396192,
305,12/13/2018,16.715561961351476,
305,1/1/2019,22.541956526642824,
305,2/22/2019,40.11734870645648,
305,4/30/2019,43.460461097971056,
305,5/20/2019,50.14668588327781,
305,6/18/2019,46.803573490262245,
305,7/17/2019,61.932768253880006,
305,8/19/2019,70.20536023614386,
305,9/8/2019,56.83291066780796,
305,10/7/2019,66.86224784457706,
305,11/22/2019,43.46046109874767,
305,12/5/2019,33.431123921926336,
305,1/31/2020,26.744899137396192,
305,2/12/2020,23.40178674515724,
305,3/12/2020,40.117348705732105,
305,5/23/2020,53.489798274792385,
305,6/17/2020,56.832910667083574,
305,7/15/2020,60.17602305932253,
305,9/23/2020,63.51913545,
305,10/22/2020,34.73941162882447,
305,11/21/2020,53.489798274844624,
305,12/23/2020,33.991695781332474,
305,1/23/2021,25.885068918157398,
305,2/7/2021,,no intersection
305,3/16/2021,33.431123921926336,
305,4/14/2021,26.744899137396192,
305,5/7/2021,30.088011529687382,
305,5/23/2021,55.02231472518412,
305,6/6/2021,27.828958100076353,
305,8/17/2021,52.742082428024766,
305,9/11/2021,46.803573491038854,
305,9/30/2021,38.19463839286246,
305,10/11/2021,36.774236314217525,
305,11/11/2021,17.799620924031633,
305,12/9/2021,10.029337176044718,
305,1/12/2022,20.05867435359043,
305,2/11/2022,16.715561960574863,
305,3/5/2022,38.19463839286246,
305,4/26/2022,23.401786745105007,
305,5/17/2022,56.42153793545189,
305,7/15/2022,60.17602305932253,
305,9/5/2022,75.19310345046911,
305,9/16/2022,52.96631117151836,
305,11/18/2022,36.774236314217525,
305,12/17/2022,24.597960080308578,
305,1/25/2023,22.65407089838962,
305,2/9/2023,13.596678312553882,
305,6/18/2023,27.828958100076353,
305,7/28/2023,54.79808598169052,
305,9/7/2023,46.39220075940717,
305,10/6/2023,30.088011529687382,
305,11/7/2023,20.05867435359043,
306,5/6/2017,20.058674353642665,
306,6/5/2017,33.43112392197857,
306,8/2/2017,,no intersection
306,9/27/2017,63.51913545166595,
306,10/14/2017,29.653863619856548,
306,11/27/2017,26.744899137396192,
306,12/23/2017,19.51241207134065,
306,1/6/2018,7.344601437854576,
306,2/10/2018,22.967638835326404,
306,3/27/2018,20.395017468883058,
306,4/2/2018,30.088011529687382,
306,6/10/2018,26.744899137396192,
306,7/15/2018,41.11206847585016,
306,8/31/2018,41.33629721934375,
306,9/13/2018,36.77423631426976,
306,10/15/2018,49.71253797349921,
306,11/16/2018,29.653863619856548,
306,12/13/2018,20.829165378713896,
306,1/1/2019,20.058674352918285,
306,2/22/2019,43.02631318896906,
306,4/30/2019,44.56729523988814,
306,5/20/2019,47.68617888785689,
306,6/18/2019,47.58837409409529,
306,7/17/2019,68.30542510101016,
306,8/19/2019,66.54021431,
306,9/8/2019,60.176023059426996,
306,10/7/2019,60.176023059374764,
306,11/22/2019,46.803573491038854,
306,12/5/2019,34.53795806306681,
306,1/31/2020,29.653863619856548,
306,2/12/2020,20.058674352866053,
306,3/12/2020,33.43112392197857,
306,5/23/2020,56.83291066786019,
306,6/17/2020,50.14668588333005,
306,7/15/2020,53.48979827562123,
306,9/23/2020,,no intersection
306,10/22/2020,,no intersection
306,11/21/2020,51.36563439616508,
306,12/23/2020,39.57108642493108,
306,1/23/2021,20.395017468883058,
306,2/7/2021,,no intersection
306,3/16/2021,30.088011529739617,
306,4/14/2021,24.39650651449868,
306,5/7/2021,30.088011529739617,
306,5/23/2021,54.70874678840404,
306,6/6/2021,33.43112392197857,
306,8/17/2021,50.14668588333005,
306,9/11/2021,41.33629721934375,
306,9/30/2021,33.43112392197857,
306,10/11/2021,34.42584369132001,
306,11/11/2021,26.744899137448428,
306,12/9/2021,6.798339156329176,
306,1/12/2022,23.40178674515724,
306,2/11/2022,19.736640815558626,
306,3/5/2022,39.68320079667788,
306,4/26/2022,23.40178674588162,
306,5/17/2022,50.14668588333005,
306,7/15/2022,53.48979827562123,
306,9/5/2022,68.19331073,
306,9/16/2022,53.48979827562123,
306,11/18/2022,33.43112392197857,
306,12/17/2022,27.627504534990834,
306,1/25/2023,23.40178674515724,
306,2/9/2023,19.624526443035215,
306,6/18/2023,33.43112392197857,
306,7/28/2023,56.832910667083574,
306,9/7/2023,39.90742954022371,
306,10/6/2023,23.40178674588162,
306,11/7/2023,23.40178674515724,
307,5/6/2017,,no intersection
307,6/5/2017,37.45538814714452,
307,8/2/2017,,no intersection
307,9/27/2017,60.176023059426996,
307,10/14/2017,33.99169578148918,
307,11/27/2017,40.117348706508714,
307,12/23/2017,13.37244956911252,
307,1/6/2018,13.372449569060286,
307,2/10/2018,13.372449569060286,
307,3/27/2018,13.37244956911252,
307,4/2/2018,23.40178674588162,
307,6/10/2018,26.744899137396192,
307,7/15/2018,43.460461098799904,
307,8/31/2018,43.460461098799904,
307,9/13/2018,36.774236314217525,
307,10/15/2018,40.117348706508714,
307,11/16/2018,26.744899137396192,
307,12/13/2018,13.372449569060286,
307,1/1/2019,13.372449569060286,
307,2/22/2019,30.088011529687382,
307,4/30/2019,37.45538814714452,
307,5/20/2019,43.46046109807552,
307,6/18/2019,56.83291066713581,
307,7/17/2019,66.85378224228755,
307,8/19/2019,71.33496955611028,
307,9/8/2019,63.51066985077298,
307,10/7/2019,54.50729322378862,
307,11/22/2019,40.910614911182506,
307,12/5/2019,30.088011529687382,
307,1/31/2020,23.40178674515724,
307,2/12/2020,23.169092400046285,
307,3/12/2020,30.657048990815344,
307,5/23/2020,61.08140363579536,
307,6/17/2020,46.803573491038854,
307,7/15/2020,51.05206646,
307,9/23/2020,60.176023059426996,
307,10/22/2020,,no intersection
307,11/21/2020,53.48979828,
307,12/23/2020,34.22439012660013,
307,1/23/2021,16.482867616240522,
307,2/7/2021,,no intersection
307,3/16/2021,30.079545928794403,
307,4/14/2021,23.40178674515724,
307,5/7/2021,26.74489913817281,
307,5/23/2021,54.39517885198959,
307,6/6/2021,40.79850053943571,
307,8/17/2021,44.365841675168255,
307,9/11/2021,46.803573491038854,
307,9/30/2021,33.43112392197857,
307,10/11/2021,33.31054394856218,
307,11/11/2021,20.395017468883058,
307,12/9/2021,6.806804757946533,
307,1/12/2022,23.40178674588162,
307,2/11/2022,23.40178674515724,
307,3/5/2022,40.117348706508714,
307,4/26/2022,27.20182222682959,
307,5/17/2022,50.14668588260567,
307,7/15/2022,50.14668588260567,
307,9/5/2022,63.51913545244257,
307,9/16/2022,47.59683969571265,
307,11/18/2022,40.117348706508714,
307,12/17/2022,26.744899137448428,
307,1/25/2023,20.395017468883058,
307,2/9/2023,16.594981987935085,
307,6/18/2023,30.088011530463998,
307,7/28/2023,43.46046109802329,
307,9/7/2023,27.20182222682959,
307,10/6/2023,13.372449569060286,
307,11/7/2023,20.05867435359043,
308,5/6/2017,20.058674353485962,
308,6/5/2017,36.96722427090909,
308,8/2/2017,,no intersection
308,9/27/2017,60.176023060457894,
308,10/14/2017,30.455595431716024,
308,11/27/2017,30.567709803253887,
308,12/23/2017,20.058674353485962,
308,1/6/2018,13.372449569008054,
308,2/10/2018,13.59667831208378,
308,3/27/2018,,no intersection
308,4/2/2018,,no intersection
308,6/10/2018,26.744899137963873,
308,7/15/2018,43.765563426977096,
308,8/31/2018,33.51199750713227,
308,9/13/2018,33.991695780183335,
308,10/15/2018,40.790034936199106,
308,11/16/2018,23.482660330363178,
308,12/13/2018,16.796435545885267,
308,1/1/2019,13.515804727445524,
308,2/22/2019,23.482660330363178,
308,4/30/2019,46.80357349144984,
308,5/20/2019,30.088011530202827,
308,6/18/2019,47.588374092214885,
308,7/17/2019,53.48979827592775,
308,8/19/2019,67.05523580111192,
308,9/8/2019,57.02589862434282,
308,10/7/2019,60.176023060457894,
308,11/22/2019,43.46046109921088,
308,12/5/2019,30.088011530255063,
308,1/31/2020,20.31414388,
308,2/12/2020,20.05867435343373,
308,3/12/2020,30.34348106017816,
308,5/23/2020,66.86224784488357,
308,6/17/2020,30.088011530202827,
308,7/15/2020,53.48979827592775,
308,9/23/2020,63.519135452696844,
308,10/22/2020,23.40178674572492,
308,11/21/2020,50.14668588368879,
308,12/23/2020,40.117348706971924,
308,1/23/2021,20.058674353485962,
308,2/7/2021,,no intersection
308,3/16/2021,33.431123922441785,
308,4/14/2021,20.31414388,
308,5/7/2021,30.088011530202827,
308,5/23/2021,50.45178821145501,
308,6/6/2021,40.42245103468591,
308,8/17/2021,46.80357349144984,
308,9/11/2021,50.14668588368879,
308,9/30/2021,33.991695780183335,
308,10/11/2021,33.43112392249402,
308,11/11/2021,23.40178674572492,
308,12/9/2021,10.334439504483083,
308,1/12/2022,23.40178674572492,
308,2/11/2022,16.71556196124701,
308,3/5/2022,30.16888511489332,
308,4/26/2022,27.05000146573009,
308,5/17/2022,50.14668588368879,
308,7/15/2022,56.88507975169866,
308,9/5/2022,60.176023060405655,
308,9/16/2022,43.46046109921088,
308,11/18/2022,36.774236314732974,
308,12/17/2022,30.088011530202827,
308,1/25/2023,16.858917119684477,
308,2/9/2023,16.71556196124701,
308,6/18/2023,33.431123922441785,
308,7/28/2023,33.431123922441785,
308,9/7/2023,30.088011530202827,
308,10/6/2023,10.029337176769099,
308,11/7/2023,16.71556196124701,
309,5/6/2017,19.88846156661149,
309,6/5/2017,36.774236314217525,
309,8/2/2017,,no intersection
309,9/27/2017,53.88015734810067,
309,10/14/2017,26.744899137448428,
309,11/27/2017,33.597254250964404,
309,12/23/2017,20.00057593835829,
309,1/6/2018,13.372449568335906,
309,2/10/2018,13.372449568335906,
309,3/27/2018,20.67734462693665,
309,4/2/2018,,no intersection
309,6/10/2018,30.482453060212155,
309,7/15/2018,47.42224376510946,
309,8/31/2018,43.46046109802329,
309,9/13/2018,33.82556545250334,
309,10/15/2018,43.85490262854806,
309,11/16/2018,20.00057593835829,
309,12/13/2018,23.40178674515724,
309,1/1/2019,13.372449568335906,
309,2/22/2019,20.058674352866053,
309,4/30/2019,43.96701700029486,
309,5/20/2019,30.14202748697865,
309,6/18/2019,50.146685882553435,
309,7/17/2019,50.146685882553435,
309,8/19/2019,66.86224784395714,
309,9/8/2019,53.88015734810067,
309,10/7/2019,60.176023059374764,
309,11/22/2019,40.283479035494544,
309,12/5/2019,30.088011529687382,
309,1/31/2020,20.058674352866053,
309,2/12/2020,20.058674352866053,
309,3/12/2020,30.088011529687382,
309,5/23/2020,60.45426776088401,
309,6/17/2020,33.43112392197857,
309,7/15/2020,47.08181819177149,
309,9/23/2020,60.176023059374764,
309,10/22/2020,20.058674352866053,
309,11/21/2020,53.489798274844624,
309,12/23/2020,33.597254250964404,
309,1/23/2021,13.202236782081345,
309,2/7/2021,,no intersection
309,3/16/2021,26.744899137396192,
309,4/14/2021,26.744899137396192,
309,5/7/2021,30.02991311517962,
309,5/23/2021,50.31281621231588,
309,6/6/2021,36.774236314217525,
309,8/17/2021,50.146685882553435,
309,9/11/2021,53.489798274844624,
309,9/30/2021,40.283479035494544,
309,10/11/2021,30.088011529687382,
309,11/11/2021,23.40178674515724,
309,12/9/2021,7.304895058600745,
309,1/12/2022,20.058674352918285,
309,2/11/2022,19.776347194812455,
309,3/5/2022,36.774236314217525,
309,4/26/2022,,no intersection
309,5/17/2022,46.803573491038854,
309,7/15/2022,50.98958490084201,
309,9/5/2022,60.176023059426996,
309,9/16/2022,43.62659142778573,
309,11/18/2022,40.623904608780286,
309,12/17/2022,33.485139879217606,
309,1/25/2023,16.715561960627095,
309,2/9/2023,10.029337176096952,
309,6/18/2023,34.04979419599694,
309,7/28/2023,30.02991311517962,
309,9/7/2023,26.744899137448428,
309,10/6/2023,13.596678312553882,
309,11/7/2023,20.395017468883058,
31,5/6/2017,32.437140384698516,
31,6/5/2017,,no intersection
31,8/2/2017,22.70599826955983,
31,9/27/2017,64.87428077002038,
31,10/14/2017,47.92606462384517,
31,11/27/2017,25.94971230816512,
31,12/23/2017,,no intersection
31,1/6/2018,33.24411528807534,
31,2/10/2018,55.143138654881696,
31,3/27/2018,51.89942461565306,
31,4/2/2018,51.305189366432295,
31,6/10/2018,55.14313865420452,
31,7/15/2018,35.68085442392715,
31,8/31/2018,54.413492701001914,
31,9/13/2018,51.89942461627641,
31,10/15/2018,51.89942461627641,
31,11/16/2018,45.41199653906583,
31,12/13/2018,36.92912306082175,
31,1/1/2019,35.680854423303806,
31,2/22/2019,25.949712308111287,
31,4/30/2019,58.386852692863634,
31,5/20/2019,32.43714038532187,
31,6/18/2019,48.65571057767112,
31,7/17/2019,71.36170884723096,
31,8/19/2019,74.60542288583625,
31,9/8/2019,64.87428077002038,
31,10/7/2019,60.90092077758914,
31,11/22/2019,45.41199653906583,
31,12/5/2019,42.16828250046055,
31,1/31/2020,25.94971230816512,
31,2/12/2020,25.949712308111287,
31,3/12/2020,35.680854423303806,
31,5/23/2020,58.386852692863634,
31,6/17/2020,48.65571057767112,
31,7/15/2020,58.386852692863634,
31,9/23/2020,77.11949097056176,
31,10/22/2020,42.16828250051438,
31,11/21/2020,68.11799480862567,
31,12/23/2020,,no intersection
31,1/23/2021,29.193426346716574,
31,2/7/2021,17.331428125208188,
31,3/16/2021,29.19342634677041,
31,4/14/2021,32.437140384698516,
31,5/7/2021,25.79677079308548,
31,5/23/2021,29.193426346716574,
31,6/6/2021,35.68085442392715,
31,8/17/2021,59.49971062566873,
31,9/11/2021,61.63056673141509,
31,9/30/2021,42.16828250046055,
31,10/11/2021,51.89942461565306,
31,11/11/2021,38.92456846190909,
31,12/9/2021,51.89942461627641,
31,1/12/2022,29.193426346716574,
31,2/11/2022,38.92456846190909,
31,3/5/2022,51.89942461565306,
31,4/26/2022,35.680854423303806,
31,5/17/2022,70.63206289335118,
31,7/15/2022,64.87428077002038,
31,9/5/2022,68.11799480862567,
31,9/16/2022,,no intersection
31,11/18/2022,64.87428077002038,
31,12/17/2022,54.107609670896466,
31,1/25/2023,25.949712308111287,
31,2/9/2023,,no intersection
31,6/18/2023,38.92456846185526,
31,7/28/2023,45.41199653906583,
31,9/7/2023,29.193426346716574,
31,10/6/2023,30.306284279575507,
31,11/7/2023,29.193426346716574,
310,5/6/2017,20.058674352918285,
310,6/5/2017,36.77423631426976,
310,8/2/2017,,no intersection
310,9/27/2017,56.83291066713581,
310,10/14/2017,23.40178674515724,
310,11/27/2017,33.431123921926336,
310,12/23/2017,23.40178674515724,
310,1/6/2018,16.715561960574863,
310,2/10/2018,10.029337176044718,
310,3/27/2018,23.401786745933855,
310,4/2/2018,,no intersection
310,6/10/2018,30.088011529687382,
310,7/15/2018,44.39269930923272,
310,8/31/2018,40.117348706508714,
310,9/13/2018,30.088011529687382,
310,10/15/2018,44.16847056501474,
310,11/16/2018,20.76668382,
310,12/13/2018,14.080459035327358,
310,1/1/2019,13.372449568335906,
310,2/22/2019,14.080459035327358,
310,4/30/2019,44.28058493748592,
310,5/20/2019,30.796020996678834,
310,6/18/2019,56.83291066713581,
310,7/17/2019,40.82535817350016,
310,8/19/2019,66.86224784395714,
310,9/8/2019,60.99614689811302,
310,10/7/2019,46.80357349109109,
310,11/22/2019,43.460461098799904,
310,12/5/2019,23.142234765981826,
310,1/31/2020,13.372449568335906,
310,2/12/2020,12.888668845614665,
310,3/12/2020,26.744899137396192,
310,5/23/2020,60.17602306015138,
310,6/17/2020,33.43112392197857,
310,7/15/2020,43.460461098799904,
310,9/23/2020,63.51913545166595,
310,10/22/2020,20.87879819,
310,11/21/2020,46.80357349031448,
310,12/23/2020,30.088011529687382,
310,1/23/2021,13.372449568335906,
310,2/7/2021,,no intersection
310,3/16/2021,26.744899137448428,
310,4/14/2021,20.058674352918285,
310,5/7/2021,30.088011529739617,
310,5/23/2021,43.460461098799904,
310,6/6/2021,36.77423631426976,
310,8/17/2021,56.83291066791242,
310,9/11/2021,57.76514887756863,
310,9/30/2021,43.31302349131906,
310,10/11/2021,40.117348706508714,
310,11/11/2021,23.40178674515724,
310,12/9/2021,13.596678312553882,
310,1/12/2022,20.058674352866053,
310,2/11/2022,26.744899137448428,
310,3/5/2022,37.59436015295578,
310,4/26/2022,22.805891650741433,
310,5/17/2022,50.14668588333005,
310,7/15/2022,46.80357349109109,
310,9/5/2022,66.86224784395714,
310,9/16/2022,57.877263250092035,
310,11/18/2022,49.99924827590144,
310,12/17/2022,36.77423631426976,
310,1/25/2023,20.058674352918285,
310,2/9/2023,12.77655447,
310,6/18/2023,36.77423631426976,
310,7/28/2023,26.744899137396192,
310,9/7/2023,30.088011529687382,
310,10/6/2023,19.462779258450244,
310,11/7/2023,23.40178674515724,
311,5/6/2017,20.39501746877859,
311,6/5/2017,40.117348706508714,
311,8/2/2017,,no intersection
311,9/27/2017,53.489798274792385,
311,10/14/2017,34.56481569650446,
311,11/27/2017,34.45270132486213,
311,12/23/2017,29.514891614410924,
311,1/6/2018,23.40178674515724,
311,2/10/2018,6.686224784530143,
311,3/27/2018,20.058674353642665,
311,4/2/2018,26.744899137448428,
311,6/10/2018,26.744899137396192,
311,7/15/2018,46.803573491038854,
311,8/31/2018,40.79003493755718,
311,9/13/2018,33.431123921926336,
311,10/15/2018,43.46046109874767,
311,11/16/2018,30.088011529687382,
311,12/13/2018,16.715561960574863,
311,1/1/2019,12.575100909670322,
311,2/22/2019,26.059664850477407,
311,4/30/2019,40.117348706508714,
311,5/20/2019,30.08801152963515,
311,6/18/2019,60.176023059374764,
311,7/17/2019,46.803573490262245,
311,8/19/2019,60.176023059374764,
311,9/8/2019,63.51913545161372,
311,10/7/2019,40.117348706508714,
311,11/22/2019,43.46046109874767,
311,12/5/2019,26.75992123596876,
311,1/31/2020,16.715561960627095,
311,2/12/2020,13.372449568335906,
311,3/12/2020,31.333817676012305,
311,5/23/2020,59.82713188831629,
311,6/17/2020,36.77423631416529,
311,7/15/2020,51.28037765713156,
311,9/23/2020,64.65282722619185,
311,10/22/2020,23.40178674515724,
311,11/21/2020,43.46046109874767,
311,12/23/2020,26.744899137396192,
311,1/23/2021,11.163028951399458,
311,2/7/2021,,no intersection
311,3/16/2021,23.40178674515724,
311,4/14/2021,26.059664850477407,
311,5/7/2021,26.744899137448428,
311,5/23/2021,51.504606401349534,
311,6/6/2021,34.78904443999806,
311,8/17/2021,56.83291066786019,
311,9/11/2021,60.17602305932253,
311,9/30/2021,51.392492029602735,
311,10/11/2021,47.58837409383412,
311,11/11/2021,25.94755047873061,
311,12/9/2021,15.693984558467916,
311,1/12/2022,20.058674352866053,
311,2/11/2022,16.715561961351476,
311,3/5/2022,33.431123921926336,
311,4/26/2022,34.78904443999806,
311,5/17/2022,54.84771879364072,
311,7/15/2022,50.14668588327781,
311,9/5/2022,70.20536023614386,
311,9/16/2022,46.803573491038854,
311,11/18/2022,50.14668588333005,
311,12/17/2022,42.99945555521801,
311,1/25/2023,19.261325694200465,
311,2/9/2023,10.029337176821333,
311,6/18/2023,36.08900202729874,
311,7/28/2023,31.333817676012305,
311,9/7/2023,29.40277724271636,
311,10/6/2023,26.744899137448428,
311,11/7/2023,20.058674352866053,
312,5/6/2017,23.40178674515724,
312,6/5/2017,46.80357349031448,
312,8/2/2017,,no intersection
312,9/27/2017,56.83291066713581,
312,10/14/2017,33.43112392197857,
312,11/27/2017,30.088011529739617,
312,12/23/2017,33.43112392197857,
312,1/6/2018,20.395017468883058,
312,2/10/2018,10.029337176044718,
312,3/27/2018,30.088011529687382,
312,4/2/2018,33.43112392197857,
312,6/10/2018,30.088011530463998,
312,7/15/2018,46.80357349031448,
312,8/31/2018,40.11734870578434,
312,9/13/2018,38.22149603,
312,10/15/2018,46.80357349109109,
312,11/16/2018,23.401786745933855,
312,12/13/2018,18.94775775731592,
312,1/1/2019,18.05070730117182,
312,2/22/2019,23.401786745933855,
312,4/30/2019,43.46046109807552,
312,5/20/2019,25.85821128539189,
312,6/18/2019,63.51913545166595,
312,7/17/2019,50.14668588333005,
312,8/19/2019,60.176023059374764,
312,9/8/2019,60.176023059374764,
312,10/7/2019,36.77423631349315,
312,11/22/2019,43.46046109802329,
312,12/5/2019,26.744899137448428,
312,1/31/2020,14.70759490888063,
312,2/12/2020,12.261532972785773,
312,3/12/2020,25.633982541121682,
312,5/23/2020,56.83291066713581,
312,6/17/2020,40.790034937766116,
312,7/15/2020,51.593945594897185,
312,9/23/2020,63.51913545166595,
312,10/22/2020,31.535271242031136,
312,11/21/2020,46.80357349109109,
312,12/23/2020,32.656550441668834,
312,1/23/2021,13.372449568335906,
312,2/7/2021,,no intersection
312,3/16/2021,26.744899137396192,
312,4/14/2021,33.99169578148918,
312,5/7/2021,26.744899137396192,
312,5/23/2021,50.14668588260567,
312,6/6/2021,26.744899137396192,
312,8/17/2021,60.176023059426996,
312,9/11/2021,65.07850953570427,
312,9/30/2021,40.11734870578434,
312,10/11/2021,48.362947574352795,
312,11/11/2021,23.40178674515724,
312,12/9/2021,22.178755777083694,
312,1/12/2022,16.715561960627095,
312,2/11/2022,20.058674352918285,
312,3/5/2022,34.99049800601689,
312,4/26/2022,26.744899137448428,
312,5/17/2022,56.83291066713581,
312,7/15/2022,46.80357349109109,
312,9/5/2022,76.45335465570912,
312,9/16/2022,46.80357349031448,
312,11/18/2022,52.827339166333914,
312,12/17/2022,43.46046109802329,
312,1/25/2023,23.40178674515724,
312,2/9/2023,16.715561960627095,
312,6/18/2023,33.43112392197857,
312,7/28/2023,22.290870148830493,
312,9/7/2023,33.43112392197857,
312,10/6/2023,24.96116082919556,
312,11/7/2023,28.977094933360636,
313,5/6/2017,18.634189824805215,
313,6/5/2017,39.029207292904765,
313,8/2/2017,,no intersection
313,9/27/2017,53.48979827597998,
313,10/14/2017,30.088011530255063,
313,11/27/2017,30.088011530202827,
313,12/23/2017,33.431123922441785,
313,1/6/2018,20.05867435343373,
313,2/10/2018,15.066848689490532,
313,3/27/2018,36.77423631395636,
313,4/2/2018,53.48979827520337,
313,6/10/2018,32.23086813683676,
313,7/15/2018,43.46046109921088,
313,8/31/2018,33.431123922441785,
313,9/13/2018,32.23086813683676,
313,10/15/2018,45.827546448920536,
313,11/16/2018,25.432528980820987,
313,12/13/2018,16.715561961194776,
313,1/1/2019,16.73058405971511,
313,2/22/2019,21.81950199672807,
313,4/30/2019,46.80357349144984,
313,5/20/2019,30.088011530202827,
313,6/18/2019,66.86224784,
313,7/17/2019,45.827546448920536,
313,8/19/2019,50.14668588368879,
313,9/8/2019,53.48979827597998,
313,10/7/2019,36.774236314732974,
313,11/22/2019,36.774236314732974,
313,12/5/2019,30.088011530202827,
313,1/31/2020,16.715561961194776,
313,2/12/2020,13.37244956895582,
313,3/12/2020,30.088011530202827,
313,5/23/2020,50.14668588368879,
313,6/17/2020,35.46186615759009,
313,7/15/2020,46.80357349144984,
313,9/23/2020,60.176023060405655,
313,10/22/2020,30.088011530255063,
313,11/21/2020,53.48979827597998,
313,12/23/2020,36.774236314680735,
313,1/23/2021,,no intersection
313,2/7/2021,,no intersection
313,3/16/2021,23.40178674572492,
313,4/14/2021,30.088011530202827,
313,5/7/2021,32.18518228811076,
313,5/23/2021,48.946430098083766,
313,6/6/2021,32.073067916572896,
313,8/17/2021,65.99833517394437,
313,9/11/2021,66.86224784,
313,9/30/2021,38.91709292,
313,10/11/2021,53.48979827592775,
313,11/11/2021,23.40178674572492,
313,12/9/2021,23.40178674572492,
313,1/12/2022,15.178963061028394,
313,2/11/2022,21.865187845506306,
313,3/5/2022,30.088011530202827,
313,4/26/2022,25.20830023774526,
313,5/17/2022,63.519135452696844,
313,7/15/2022,46.80357349144984,
313,9/5/2022,76.89158502165266,
313,9/16/2022,50.14668588368879,
313,11/18/2022,62.161079446827955,
313,12/17/2022,50.14668588368879,
313,1/25/2023,21.977302217096405,
313,2/9/2023,23.40178674572492,
313,6/18/2023,30.088011530202827,
313,7/28/2023,28.663527001574312,
313,9/7/2023,40.117348706971924,
313,10/6/2023,30.088011530202827,
313,11/7/2023,30.088011530202827,
314,5/6/2017,30.088011529739617,
314,6/5/2017,60.17602306015138,
314,8/2/2017,,no intersection
314,9/27/2017,65.81775978241465,
314,10/14/2017,39.07286064501846,
314,11/27/2017,36.77423631426976,
314,12/23/2017,40.117348706508714,
314,1/6/2018,20.058674352918285,
314,2/10/2018,30.088011530463998,
314,3/27/2018,46.80357349031448,
314,4/2/2018,46.81859558961143,
314,6/10/2018,36.77423631426976,
314,7/15/2018,40.117348706560946,
314,8/31/2018,46.80357349109109,
314,9/13/2018,40.117348706560946,
314,10/15/2018,55.655430055408324,
314,11/16/2018,26.744899137396192,
314,12/13/2018,20.058674352866053,
314,1/1/2019,25.11896104,
314,2/22/2019,20.058674352866053,
314,4/30/2019,43.460461098799904,
314,5/20/2019,43.622007307469204,
314,6/18/2019,73.54847262848729,
314,7/17/2019,53.48979827562123,
314,8/19/2019,63.51913545166595,
314,9/8/2019,61.18505240664918,
314,10/7/2019,40.117348706560946,
314,11/22/2019,45.64697105774957,
314,12/5/2019,30.088011529687382,
314,1/31/2020,20.058674352866053,
314,2/12/2020,16.715561960574863,
314,3/12/2020,30.088011529687382,
314,5/23/2020,60.176023059374764,
314,6/17/2020,36.774236314217525,
314,7/15/2020,46.80357349109109,
314,9/23/2020,70.20536023624832,
314,10/22/2020,35.61763388092824,
314,11/21/2020,58.99854244769951,
314,12/23/2020,38.71563935051102,
314,1/23/2021,12.103732764076433,
314,2/7/2021,,no intersection
314,3/16/2021,18.208507509933394,
314,4/14/2021,40.117348706508714,
314,5/7/2021,30.088011530463998,
314,5/23/2021,50.14668588333005,
314,6/6/2021,33.43112392197857,
314,8/17/2021,66.86224784390491,
314,9/11/2021,66.86224784395714,
314,9/30/2021,52.20020329142257,
314,10/11/2021,46.80357349109109,
314,11/11/2021,25.588296704106906,
314,12/9/2021,25.588296704106906,
314,1/12/2022,16.715561961403708,
314,2/11/2022,20.058674352866053,
314,3/5/2022,30.088011529739617,
314,4/26/2022,43.460461098799904,
314,5/17/2022,70.20536024,
314,7/15/2022,53.48979827562123,
314,9/5/2022,72.48310639,
314,9/16/2022,65.81775978241465,
314,11/18/2022,55.676308234570904,
314,12/17/2022,52.20020329142257,
314,1/25/2023,23.40178674515724,
314,2/9/2023,30.088011529739617,
314,6/18/2023,26.744899137396192,
314,7/28/2023,33.43112392197857,
314,9/7/2023,40.790034937766116,
314,10/6/2023,32.27452148868928,
314,11/7/2023,35.72974825272727,
315,5/6/2017,30.088011530463998,
315,6/5/2017,62.900329699061324,
315,8/2/2017,,no intersection
315,9/27/2017,60.176023059374764,
315,10/14/2017,33.43112392197857,
315,11/27/2017,40.117348706508714,
315,12/23/2017,34.94684465005859,
315,1/6/2018,28.14850549378164,
315,2/10/2018,27.924276749563667,
315,3/27/2018,46.18476773770984,
315,4/2/2018,50.146685882553435,
315,6/10/2018,33.431123921926336,
315,7/15/2018,43.460461098799904,
315,8/31/2018,46.803573491038854,
315,9/13/2018,43.460461098799904,
315,10/15/2018,55.34186211894164,
315,11/16/2018,30.088011529687382,
315,12/13/2018,21.350166337452468,
315,1/1/2019,30.088011529687382,
315,2/22/2019,22.446637877312213,
315,4/30/2019,36.77423631426976,
315,5/20/2019,41.52095506216978,
315,6/18/2019,63.51913545244257,
315,7/17/2019,56.83291066786019,
315,8/19/2019,60.17602306015138,
315,9/8/2019,62.02808690352402,
315,10/7/2019,36.774236314217525,
315,11/22/2019,46.80357349109109,
315,12/5/2019,26.744899137448428,
315,1/31/2020,20.058674353642665,
315,2/12/2020,13.37244956911252,
315,3/12/2020,30.088011530463998,
315,5/23/2020,50.146685882553435,
315,6/17/2020,30.088011530463998,
315,7/15/2020,46.81859558961143,
315,9/23/2020,66.86224784395714,
315,10/22/2020,30.088011529687382,
315,11/21/2020,56.83291066786019,
315,12/23/2020,33.43112392197857,
315,1/23/2021,11.20871478893657,
315,2/7/2021,,no intersection
315,3/16/2021,17.89493957346671,
315,4/14/2021,43.46046109807552,
315,5/7/2021,26.744899137448428,
315,5/23/2021,52.75887815054542,
315,6/6/2021,36.04331618991833,
315,8/17/2021,68.82642605980097,
315,9/11/2021,69.36232573937349,
315,9/30/2021,50.14668588333005,
315,10/11/2021,45.088296198626715,
315,11/11/2021,23.40178674588162,
315,12/9/2021,20.058674353642665,
315,1/12/2022,17.89493957346671,
315,2/11/2022,19.103525485021024,
315,3/5/2022,29.244977033589155,
315,4/26/2022,30.088011529739617,
315,5/17/2022,61.91597253105284,
315,7/15/2022,55.11763337472367,
315,9/5/2022,68.82642605980097,
315,9/16/2022,63.51913545244257,
315,11/18/2022,54.38671325037223,
315,12/17/2022,53.48979828,
315,1/25/2023,23.40178674588162,
315,2/9/2023,28.14850549378164,
315,6/18/2023,23.40178674588162,
315,7/28/2023,32.58808942510373,
315,9/7/2023,36.774236314217525,
315,10/6/2023,26.74489913817281,
315,11/7/2023,26.74489913817281,
316,5/6/2017,30.088011529687382,
316,6/5/2017,56.832910667083574,
316,8/2/2017,,no intersection
316,9/27/2017,60.17602306009915,
316,10/14/2017,33.431123921926336,
316,11/27/2017,36.13265538148799,
316,12/23/2017,43.46046109874767,
316,1/6/2018,33.431123921926336,
316,2/10/2018,33.431123921926336,
316,3/27/2018,43.15522328125853,
316,4/2/2018,51.348838674636866,
316,6/10/2018,30.088011529687382,
316,7/15/2018,40.79003493760941,
316,8/31/2018,48.11784065486909,
316,9/13/2018,43.46046109874767,
316,10/15/2018,55.02829418,
316,11/16/2018,27.834937557785064,
316,12/13/2018,20.058674353642665,
316,1/1/2019,36.774236314217525,
316,2/22/2019,20.058674352866053,
316,4/30/2019,36.35688412498159,
316,5/20/2019,33.431123921926336,
316,6/18/2019,42.93099453776494,
316,7/17/2019,49.61721932229508,
316,8/19/2019,60.17602306009915,
316,9/8/2019,60.17602306009915,
316,10/7/2019,34.52116234231521,
316,11/22/2019,43.46046109874767,
316,12/5/2019,22.760205812427706,
316,1/31/2020,20.058674352866053,
316,2/12/2020,16.715561961351476,
316,3/12/2020,29.670659341175824,
316,5/23/2020,40.11734870645648,
316,6/17/2020,36.35688412498159,
316,7/15/2020,36.774236314217525,
316,9/23/2020,63.51913545239034,
316,10/22/2020,26.744899137396192,
316,11/21/2020,53.48979828,
316,12/23/2020,36.774236314217525,
316,1/23/2021,16.715561961351476,
316,2/7/2021,,no intersection
316,3/16/2021,20.924484029761324,
316,4/14/2021,36.774236314217525,
316,5/7/2021,23.40178674588162,
316,5/23/2021,49.72933369404188,
316,6/6/2021,36.35688412498159,
316,8/17/2021,68.51285812364769,
316,9/11/2021,70.20536023614386,
316,9/30/2021,43.46046109874767,
316,10/11/2021,36.774236314217525,
316,11/11/2021,26.74489913817281,
316,12/9/2021,23.40178674588162,
316,1/12/2022,14.238259245231182,
316,2/11/2022,16.073981028621944,
316,3/5/2022,23.40178674515724,
316,4/26/2022,29.670659341175824,
316,5/17/2022,63.51913545,
316,7/15/2022,51.46095304710805,
316,9/5/2022,68.51285812364769,
316,9/16/2022,73.01900606745231,
316,11/18/2022,60.17602306009915,
316,12/17/2022,50.14668588333005,
316,1/25/2023,23.40178674515724,
316,2/9/2023,23.40178674515724,
316,6/18/2023,23.40178674588162,
316,7/28/2023,29.55854496870465,
316,9/7/2023,43.46046109874767,
316,10/6/2023,26.744899137396192,
316,11/7/2023,20.058674353642665,
317,5/6/2017,23.40178674572492,
317,6/5/2017,56.832910668166704,
317,8/2/2017,,no intersection
317,9/27/2017,57.94572426941174,
317,10/14/2017,33.43112392249402,
317,11/27/2017,43.46046109915865,
317,12/23/2017,46.80357349144984,
317,1/6/2018,40.790034936199106,
317,2/10/2018,33.327339665089745,
317,3/27/2018,44.236931585790096,
317,4/2/2018,57.83360989787388,
317,6/10/2018,30.088011530202827,
317,7/15/2018,46.587674862507704,
317,8/31/2018,51.25949948,
317,9/13/2018,44.46116032886582,
317,10/15/2018,,no intersection
317,11/16/2018,33.431123922441785,
317,12/13/2018,24.066142860766274,
317,1/1/2019,36.774236314680735,
317,2/22/2019,23.073773745297157,
317,4/30/2019,33.43112392249402,
317,5/20/2019,30.088011530255063,
317,6/18/2019,40.790034936199106,
317,7/17/2019,50.14668588368879,
317,8/19/2019,63.30323682375471,
317,9/8/2019,56.832910668218936,
317,10/7/2019,36.774236314680735,
317,11/22/2019,40.790034936199106,
317,12/5/2019,26.744899137963873,
317,1/31/2020,23.073773745297157,
317,2/12/2020,16.387548960767013,
317,3/12/2020,26.744899137963873,
317,5/23/2020,,no intersection
317,6/17/2020,33.43112392249402,
317,7/15/2020,39.90145008,
317,9/23/2020,60.176023060405655,
317,10/22/2020,30.088011530202827,
317,11/21/2020,53.48979827592775,
317,12/23/2020,43.46046109915865,
317,1/23/2021,13.924691312511543,
317,2/7/2021,,no intersection
317,3/16/2021,17.2678037,
317,4/14/2021,33.431123922441785,
317,5/7/2021,20.058674353485962,
317,5/23/2021,40.117348706971924,
317,6/6/2021,30.088011530255063,
317,8/17/2021,64.85617779696538,
317,9/11/2021,70.20536023712252,
317,9/30/2021,50.14668588368879,
317,10/11/2021,41.11804793662687,
317,11/11/2021,20.05867435343373,
317,12/9/2021,16.715561961194776,
317,1/12/2022,13.37244956895582,
317,2/11/2022,19.73066135,
317,3/5/2022,20.395017468099553,
317,4/26/2022,27.40925525305746,
317,5/17/2022,56.832910668218936,
317,7/15/2022,54.60261187717279,
317,9/5/2022,66.86224784488357,
317,9/16/2022,83.57780980613057,
317,11/18/2022,53.48979827592775,
317,12/17/2022,49.81867288326103,
317,1/25/2023,23.40178674572492,
317,2/9/2023,26.41688613753611,
317,6/18/2023,17.2678037,
317,7/28/2023,36.55833768579084,
317,9/7/2023,40.11734870691969,
317,10/6/2023,26.744899137963873,
317,11/7/2023,20.723030468527316,
318,5/6/2017,33.43112392197857,
318,6/5/2017,53.69958196264783,
318,8/2/2017,,no intersection
318,9/27/2017,57.042694354939016,
318,10/14/2017,33.43112392197857,
318,11/27/2017,30.088011529687382,
318,12/23/2017,40.69236562248632,
318,1/6/2018,33.431123921926336,
318,2/10/2018,33.43112392197857,
318,3/27/2018,50.146685882553435,
318,4/2/2018,63.51913545166595,
318,6/10/2018,27.207801681679236,
318,7/15/2018,40.69236562248632,
318,8/31/2018,56.83291066786019,
318,9/13/2018,50.14668588333005,
318,10/15/2018,36.774236314217525,
318,11/16/2018,36.774236314217525,
318,12/13/2018,26.744899137396192,
318,1/1/2019,37.34925323019513,
318,2/22/2019,16.701116904160095,
318,4/30/2019,30.297795216766207,
318,5/20/2019,36.77423631426976,
318,6/18/2019,43.46046109874767,
318,7/17/2019,53.69958196264783,
318,8/19/2019,57.74427069907819,
318,9/8/2019,56.83291066786019,
318,10/7/2019,36.774236314217525,
318,11/22/2019,40.117348706508714,
318,12/5/2019,23.40178674515724,
318,1/31/2020,23.40178674515724,
318,2/12/2020,16.715561960627095,
318,3/12/2020,26.744899137448428,
318,5/23/2020,23.499456060437033,
318,6/17/2020,36.77423631426976,
318,7/15/2020,37.237138858500565,
318,9/23/2020,56.83291066786019,
318,10/22/2020,23.752574917589016,
318,11/21/2020,50.94593154280125,
318,12/23/2020,43.46046109874767,
318,1/23/2021,16.715561960627095,
318,2/7/2021,,no intersection
318,3/16/2021,16.715561961351476,
318,4/14/2021,30.088011529687382,
318,5/7/2021,20.395017468883058,
318,5/23/2021,36.774236314217525,
318,6/6/2021,26.744899137448428,
318,8/17/2021,63.51913545166595,
318,9/11/2021,66.86224784390491,
318,9/30/2021,50.14668588333005,
318,10/11/2021,36.774236314217525,
318,11/11/2021,23.40178674515724,
318,12/9/2021,16.954235761312074,
318,1/12/2022,13.37244956911252,
318,2/11/2022,20.058674352918285,
318,3/5/2022,20.40946252535006,
318,4/26/2022,23.640460545894452,
318,5/17/2022,50.833817171054456,
318,7/15/2022,53.48979827562123,
318,9/5/2022,66.86224784390491,
318,9/16/2022,84.93762732423819,
318,11/18/2022,50.14668588333005,
318,12/17/2022,50.14668588333005,
318,1/25/2023,23.40178674515724,
318,2/9/2023,26.744899137448428,
318,6/18/2023,16.715561961351476,
318,7/28/2023,36.774236314217525,
318,9/7/2023,36.774236314217525,
318,10/6/2023,33.431123921926336,
318,11/7/2023,16.715561960627095,
319,5/6/2017,30.088011530463998,
319,6/5/2017,50.67003750671885,
319,8/2/2017,,no intersection
319,9/27/2017,63.51913545166595,
319,10/14/2017,33.43112392197857,
319,11/27/2017,30.088011529687382,
319,12/23/2017,46.803573491038854,
319,1/6/2018,40.117348706508714,
319,2/10/2018,36.77423631426976,
319,3/27/2018,56.83291066713581,
319,4/2/2018,63.519135451718185,
319,6/10/2018,33.43112392197857,
319,7/15/2018,47.21481074,
319,8/31/2018,60.58726031179338,
319,9/13/2018,50.55792313502429,
319,10/15/2018,46.803573491038854,
319,11/16/2018,40.52858595820295,
319,12/13/2018,26.74489913817281,
319,1/1/2019,47.177136842348816,
319,2/22/2019,20.058674353642665,
319,4/30/2019,33.43112392197857,
319,5/20/2019,36.77423631426976,
319,6/18/2019,36.92357092208612,
319,7/17/2019,46.803573491038854,
319,8/19/2019,60.17602306009915,
319,9/8/2019,53.90103552726324,
319,10/7/2019,30.088011529687382,
319,11/22/2019,40.52858595820295,
319,12/5/2019,23.40178674515724,
319,1/31/2020,26.74489913817281,
319,2/12/2020,20.058674353642665,
319,3/12/2020,26.744899137396192,
319,5/23/2020,30.088011530463998,
319,6/17/2020,30.088011530463998,
319,7/15/2020,30.088011530463998,
319,9/23/2020,53.48979828,
319,10/22/2020,36.774236314217525,
319,11/21/2020,60.17602306009915,
319,12/23/2020,47.21481074,
319,1/23/2021,23.40178674588162,
319,2/7/2021,,no intersection
319,3/16/2021,20.05867435359043,
319,4/14/2021,30.088011529687382,
319,5/7/2021,23.326892609480005,
319,5/23/2021,33.43112392197857,
319,6/6/2021,26.74489913817281,
319,8/17/2021,67.57215431128411,
319,9/11/2021,63.51913545239034,
319,9/30/2021,60.17602306009915,
319,10/11/2021,43.46046109874767,
319,11/11/2021,23.81302399757586,
319,12/9/2021,26.74489913817281,
319,1/12/2022,17.126799213045718,
319,2/11/2022,16.715561961351476,
319,3/5/2022,30.088011529687382,
319,4/26/2022,30.088011529687382,
319,5/17/2022,53.489798274844624,
319,7/15/2022,56.83291066786019,
319,9/5/2022,70.20536024,
319,9/16/2022,87.96717178016716,
319,11/18/2022,53.90103552726324,
319,12/17/2022,50.14668588333005,
319,1/25/2023,20.058674353642665,
319,2/9/2023,30.088011529687382,
319,6/18/2023,16.715561961351476,
319,7/28/2023,33.58045852979493,
319,9/7/2023,40.37879768607188,
319,10/6/2023,40.117348706508714,
319,11/7/2023,26.74489913817281,
32,5/6/2017,25.949712308626967,
32,6/5/2017,,no intersection
32,8/2/2017,17.97238985824312,
32,9/27/2017,64.87428077094407,
32,10/14/2017,42.16828250086856,
32,11/27/2017,25.94971230800362,
32,12/23/2017,,no intersection
32,1/6/2018,32.43714038516036,
32,2/10/2018,64.87428077094407,
32,3/27/2018,45.41199653947385,
32,4/2/2018,58.38685269311014,
32,6/10/2018,55.14313865455869,
32,7/15/2018,35.680854423711814,
32,8/31/2018,55.75044555764202,
32,9/13/2018,55.75044555764202,
32,10/15/2018,55.14313865518204,
32,11/16/2018,54.613160698872875,
32,12/13/2018,38.92456846226327,
32,1/1/2019,36.72945506152844,
32,2/22/2019,29.19342634655507,
32,4/30/2019,61.10058877602961,
32,5/20/2019,41.63830454455939,
32,6/18/2019,44.88201858316467,
32,7/17/2019,68.11799480954936,
32,8/19/2019,81.09285096318565,
32,9/8/2019,64.87428077094407,
32,10/7/2019,55.75044555764202,
32,11/22/2019,51.369446660321415,
32,12/5/2019,42.16828250086856,
32,1/31/2020,35.680854423711814,
32,2/12/2020,25.94971230800362,
32,3/12/2020,38.92456846226327,
32,5/23/2020,64.34430281,
32,6/17/2020,55.14313865518204,
32,7/15/2020,61.10058877602961,
32,9/23/2020,84.33656500173711,
32,10/22/2020,42.16828250086856,
32,11/21/2020,77.31915897,
32,12/23/2020,,no intersection
32,1/23/2021,35.680854423711814,
32,2/7/2021,25.949712308626967,
32,3/16/2021,29.19342634717842,
32,4/14/2021,35.680854423711814,
32,5/7/2021,25.949712308626967,
32,5/23/2021,29.19342634717842,
32,6/6/2021,38.39459050600793,
32,8/17/2021,60.39536974779087,
32,9/11/2021,55.14313865518204,
32,9/30/2021,35.680854423711814,
32,10/11/2021,51.89942461657675,
32,11/11/2021,42.16828250086856,
32,12/9/2021,55.14313865518204,
32,1/12/2022,29.19342634717842,
32,2/11/2022,44.61809329028259,
32,3/5/2022,58.386852693733495,
32,4/26/2022,42.16828250086856,
32,5/17/2022,64.87428077094407,
32,7/15/2022,68.11799480881834,
32,9/5/2022,77.84913692458036,
32,9/16/2022,,no intersection
32,11/18/2022,64.34430281,
32,12/17/2022,58.386852693733495,
32,1/25/2023,32.43714038510653,
32,2/9/2023,,no intersection
32,6/18/2023,35.680854423711814,
32,7/28/2023,48.65571058,
32,9/7/2023,38.92456846226327,
32,10/6/2023,29.19342634717842,
32,11/7/2023,38.92456846226327,
320,5/6/2017,23.40178674515724,
320,6/5/2017,53.489798274844624,
320,8/2/2017,,no intersection
320,9/27/2017,66.86224784390491,
320,10/14/2017,43.460461098799904,
320,11/27/2017,23.237553416559155,
320,12/23/2017,50.98360544318553,
320,1/6/2018,50.146685882553435,
320,2/10/2018,46.80357349109109,
320,3/27/2018,56.83291066713581,
320,4/2/2018,66.86224784395714,
320,6/10/2018,36.72211735664186,
320,7/15/2018,46.86356890526222,
320,8/31/2018,56.83291066713581,
320,9/13/2018,50.87149107143873,
320,10/15/2018,47.58837409409529,
320,11/16/2018,44.18526628690859,
320,12/13/2018,34.15592911081164,
320,1/1/2019,70.99582412,
320,2/22/2019,23.40178674515724,
320,4/30/2019,36.49788861314826,
320,5/20/2019,36.77423631426976,
320,6/18/2019,40.117348706508714,
320,7/17/2019,44.18526628690859,
320,8/19/2019,56.83291066713581,
320,9/8/2019,50.14668588260567,
320,10/7/2019,33.43112392197857,
320,11/22/2019,43.460461098799904,
320,12/5/2019,30.088011529687382,
320,1/31/2020,26.744899137448428,
320,2/12/2020,23.40178674515724,
320,3/12/2020,29.69954945681909,
320,5/23/2020,30.088011529687382,
320,6/17/2020,36.77423631426976,
320,7/15/2020,33.15477622090931,
320,9/23/2020,56.83291066713581,
320,10/22/2020,26.744899137448428,
320,11/21/2020,53.661908061539165,
320,12/23/2020,47.52837867914755,
320,1/23/2021,23.40178674515724,
320,2/7/2021,,no intersection
320,3/16/2021,16.327099887758802,
320,4/14/2021,30.088011529739617,
320,5/7/2021,40.117348706508714,
320,5/23/2021,36.77423631426976,
320,6/6/2021,36.61000298489506,
320,8/17/2021,66.86224784395714,
320,9/11/2021,66.86224784395714,
320,9/30/2021,57.117134825524914,
320,10/11/2021,43.46046109802329,
320,11/11/2021,23.40178674515724,
320,12/9/2021,26.468551436379165,
320,1/12/2022,16.715561960627095,
320,2/11/2022,16.715561960627095,
320,3/5/2022,23.40178674588162,
320,4/26/2022,30.088011529687382,
320,5/17/2022,43.46046109802329,
320,7/15/2022,57.66983022771568,
320,9/5/2022,70.93016543,
320,9/16/2022,83.56278770601168,
320,11/18/2022,53.661908061539165,
320,12/17/2022,60.176023059426996,
320,1/25/2023,26.744899137448428,
320,2/9/2023,33.43112392197857,
320,6/18/2023,12.87187312377305,
320,7/28/2023,33.43112392197857,
320,9/7/2023,40.842153894617404,
320,10/6/2023,33.43112392197857,
320,11/7/2023,16.715561960627095,
321,5/6/2017,29.720124231031175,
321,6/5/2017,57.42472259323148,
321,8/2/2017,,no intersection
321,9/27/2017,64.60281291736558,
321,10/14/2017,,no intersection
321,11/27/2017,26.417888204607525,
321,12/23/2017,46.23130435864593,
321,1/6/2018,46.23130435864593,
321,2/10/2018,52.83577640997444,
321,3/27/2018,56.13801244,
321,4/2/2018,75.95142858962423,
321,6/10/2018,29.72012423027178,
321,7/15/2018,46.23130435864593,
321,8/31/2018,53.33168604443939,
321,9/13/2018,46.727213993057994,
321,10/15/2018,40.12274194172949,
321,11/16/2018,26.417888205366918,
321,12/13/2018,42.92906833298168,
321,1/1/2019,79.47084686561072,
321,2/22/2019,24.34059736370739,
321,4/30/2019,27.642833389371642,
321,5/20/2019,31.363270411107308,
321,6/18/2019,33.022360255988914,
321,7/17/2019,42.92906833298168,
321,8/19/2019,53.05295866029669,
321,9/8/2019,52.83577640997444,
321,10/7/2019,34.09188816396597,
321,11/22/2019,30.21603386473672,
321,12/5/2019,23.115652179649786,
321,1/31/2020,24.34059736370739,
321,2/12/2020,21.534270972455197,
321,3/12/2020,13.2089441,
321,5/23/2020,30.789652138301715,
321,6/17/2020,26.417888205366918,
321,7/15/2020,24.34059736370739,
321,9/23/2020,52.83577640997444,
321,10/22/2020,21.534270972455197,
321,11/21/2020,56.13801244,
321,12/23/2020,42.92906833298168,
321,1/23/2021,21.534270972455197,
321,2/7/2021,,no intersection
321,3/16/2021,13.2089441,
321,4/14/2021,26.417888205366918,
321,5/7/2021,26.417888205366918,
321,5/23/2021,30.789652138301715,
321,6/6/2021,33.02236025669543,
321,8/17/2021,59.936158095767894,
321,9/11/2021,62.74248448702009,
321,9/30/2021,53.33168604443939,
321,10/11/2021,33.51826989040097,
321,11/11/2021,24.185180086973205,
321,12/9/2021,23.115652179702664,
321,1/12/2022,26.417888205366918,
321,2/11/2022,13.2089441,
321,3/5/2022,23.115652179649786,
321,4/26/2022,24.758798359778798,
321,5/17/2022,42.92906833298168,
321,7/15/2022,32.665924233452685,
321,9/5/2022,62.74248448702009,
321,9/16/2022,83.05181027541768,
321,11/18/2022,53.905304317244976,
321,12/17/2022,53.05295866029669,
321,1/25/2023,24.34059736370739,
321,2/9/2023,33.022360255988914,
321,6/18/2023,14.356180648321091,
321,7/28/2023,37.394124188923705,
321,9/7/2023,36.324596281653164,
321,10/6/2023,30.21603386473672,
321,11/7/2023,17.00708976278622,
322,5/6/2017,,no intersection
322,6/5/2017,58.88264770043529,
322,8/2/2017,,no intersection
322,9/27/2017,65.74598089302124,
322,10/14/2017,,no intersection
322,11/27/2017,33.582179372056274,
322,12/23/2017,42.734887580590424,
322,1/6/2018,52.59678471464367,
322,2/10/2018,55.88408375961437,
322,3/27/2018,52.59678471464367,
322,4/2/2018,,no intersection
322,6/10/2018,36.688615472435735,
322,7/15/2018,46.022186625508006,
322,8/31/2018,57.35639768978545,
322,9/13/2018,52.59678471464367,
322,10/15/2018,39.447588536372336,
322,11/16/2018,52.308049610547016,
322,12/13/2018,46.08538390853657,
322,1/1/2019,90.10246127221015,
322,2/22/2019,16.43649522324203,
322,4/30/2019,36.16028949145476,
322,5/20/2019,27.115453442426023,
322,6/18/2019,48.257625561030565,
322,7/17/2019,42.73488758128992,
322,8/19/2019,57.22947082572609,
322,9/8/2019,52.59678471464367,
322,10/7/2019,29.585691402265972,
322,11/22/2019,49.02075056632893,
322,12/5/2019,20.432983193731822,
322,1/31/2020,26.298392358047888,
322,2/12/2020,16.43649522324203,
322,3/12/2020,16.43649522329515,
322,5/23/2020,36.16028949145476,
322,6/17/2020,35.10842938270611,
322,7/15/2020,33.690051531614806,
322,9/23/2020,55.88408375956125,
322,10/22/2020,20.540855353290357,
322,11/21/2020,52.59678471464367,
322,12/23/2020,42.734887580590424,
322,1/23/2021,26.298392358047888,
322,2/7/2021,,no intersection
322,3/16/2021,,no intersection
322,4/14/2021,16.43649522324203,
322,5/7/2021,39.447588536372336,
322,5/23/2021,22.01316928346144,
322,6/6/2021,26.298392357295274,
322,8/17/2021,59.171382804531945,
322,9/11/2021,65.74598089,
322,9/30/2021,57.22947082572609,
322,10/11/2021,36.16028949140164,
322,11/11/2021,23.011093312377696,
322,12/9/2021,23.828154397508445,
322,1/12/2022,19.723794268159608,
322,2/11/2022,16.43649522324203,
322,3/5/2022,19.723794268159608,
322,4/26/2022,21.959233203682174,
322,5/17/2022,46.02218662480851,
322,7/15/2022,29.531755322486706,
322,9/5/2022,60.51676986994418,
322,9/16/2022,86.58036320367468,
322,11/18/2022,46.022186625508006,
322,12/17/2022,53.942171780808515,
322,1/25/2023,23.011093313130306,
322,2/9/2023,23.011093313130306,
322,6/18/2023,16.4904313,
322,7/28/2023,38.50360058648274,
322,9/7/2023,32.872990447183554,
322,10/6/2023,32.872990447183554,
322,11/7/2023,19.723794268159608,
323,5/6/2017,23.01109331253706,
323,6/5/2017,52.59678471431602,
323,8/2/2017,,no intersection
323,9/27/2017,66.03950785314659,
323,10/14/2017,34.16780776058408,
323,11/27/2017,42.73488758015654,
323,12/23/2017,46.022186624427746,
323,1/6/2018,46.022186624427746,
323,2/10/2018,59.16801647754335,
323,3/27/2018,55.88408375858723,
323,4/2/2018,75.60787803,
323,6/10/2018,32.87299044669654,
323,7/15/2018,69.02991361170282,
323,8/31/2018,55.88408375858723,
323,9/13/2018,42.73488758015654,
323,10/15/2018,36.16028949096775,
323,11/16/2018,52.59341838835456,
323,12/13/2018,48.54299434,
323,1/1/2019,88.75707420528377,
323,2/22/2019,22.013169284364487,
323,4/30/2019,34.16780776058408,
323,5/20/2019,34.16780776058408,
323,6/18/2019,46.02218662512724,
323,7/17/2019,46.02218662512724,
323,8/19/2019,59.17138280350481,
323,9/8/2019,58.70178475834072,
323,10/7/2019,36.16028949096775,
323,11/22/2019,41.96839624857799,
323,12/5/2019,29.585691401778966,
323,1/31/2020,26.298392356808264,
323,2/12/2020,23.01109331253706,
323,3/12/2020,22.77966061594304,
323,5/23/2020,36.16028949096775,
323,6/17/2020,23.542785621560125,
323,7/15/2020,27.593209671395293,
323,9/23/2020,62.45868184777602,
323,10/22/2020,23.01109331253706,
323,11/21/2020,52.59678471431602,
323,12/23/2020,45.25569529354868,
323,1/23/2021,29.585691401778966,
323,2/7/2021,,no intersection
323,3/16/2021,29.582325075764377,
323,4/14/2021,23.01109331253706,
323,5/7/2021,,no intersection
323,5/23/2021,26.29839235750776,
323,6/6/2021,19.72379426756636,
323,8/17/2021,62.45868184777602,
323,9/11/2021,65.74598089274672,
323,9/30/2021,49.60637895575979,
323,10/11/2021,39.44758853523896,
323,11/11/2021,26.298392356808264,
323,12/9/2021,19.72379426756636,
323,1/12/2022,16.43649522264878,
323,2/11/2022,19.72379426761948,
323,3/5/2022,16.43649522334827,
323,4/26/2022,19.72379426761948,
323,5/17/2022,39.44758853593845,
323,7/15/2022,29.35089237917036,
323,9/5/2022,59.17138280350481,
323,9/16/2022,87.22745786814127,
323,11/18/2022,46.02218662512724,
323,12/17/2022,55.88408375858723,
323,1/25/2023,26.298392356808264,
323,2/9/2023,28.056075064583332,
323,6/18/2023,23.011093311837566,
323,7/28/2023,29.585691401778966,
323,9/7/2023,29.585691401778966,
323,10/6/2023,28.056075064583332,
323,11/7/2023,20.255486576589423,
324,5/6/2017,29.585691401566486,
324,6/5/2017,52.11566214807912,
324,8/2/2017,,no intersection
324,9/27/2017,66.03950785070305,
324,10/14/2017,39.447588536372336,
324,11/27/2017,46.022186625561126,
324,12/23/2017,45.541064058943455,
324,1/6/2018,39.447588536372336,
324,2/10/2018,42.734887580590424,
324,3/27/2018,52.59678471469679,
324,4/2/2018,82.18247612,
324,6/10/2018,49.30948566977921,
324,7/15/2018,55.88408375961437,
324,8/31/2018,54.639836187698336,
324,9/13/2018,51.35253714278076,
324,10/15/2018,29.585691401566486,
324,11/16/2018,38.20334096445631,
324,12/13/2018,45.541064058943455,
324,1/1/2019,83.22760356045481,
324,2/22/2019,23.011093312430816,
324,4/30/2019,31.62874287456803,
324,5/20/2019,31.62874287456803,
324,6/18/2019,48.06523809856267,
324,7/17/2019,51.364061661675635,
324,8/19/2019,61.214434276887125,
324,9/8/2019,55.88408375961437,
324,10/7/2019,29.585691401566486,
324,11/22/2019,32.87299044653718,
324,12/5/2019,29.585691401566486,
324,1/31/2020,25.054144785432364,
324,2/12/2020,19.72379426821273,
324,3/12/2020,29.35089237805483,
324,5/23/2020,33.88243899424207,
324,6/17/2020,31.62874287456803,
324,7/15/2020,34.91604191953873,
324,9/23/2020,55.88408375961437,
324,10/22/2020,23.011093313130306,
324,11/21/2020,45.270586139104516,
324,12/23/2020,39.447588536372336,
324,1/23/2021,31.62874287456803,
324,2/7/2021,,no intersection
324,3/16/2021,36.16028949145476,
324,4/14/2021,26.298392357348394,
324,5/7/2021,21.766845741214276,
324,5/23/2021,29.585691401566486,
324,6/6/2021,18.479546696243577,
324,8/17/2021,61.214434276887125,
324,9/11/2021,67.78903237,
324,9/30/2021,46.022186625561126,
324,10/11/2021,41.49064001,
324,11/11/2021,23.011093313130306,
324,12/9/2021,16.43649522324203,
324,1/12/2022,16.43649522324203,
324,2/11/2022,19.72379426821273,
324,3/5/2022,19.723794268159608,
324,4/26/2022,23.011093313130306,
324,5/17/2022,43.744336128348436,
324,7/15/2022,36.16028949145476,
324,9/5/2022,46.022186625508006,
324,9/16/2022,80.93822854504674,
324,11/18/2022,46.022186625561126,
324,12/17/2022,56.65873328321435,
324,1/25/2023,29.585691401566486,
324,2/9/2023,26.298392357348394,
324,6/18/2023,19.72379426821273,
324,7/28/2023,34.91604191953873,
324,9/7/2023,26.298392357348394,
324,10/6/2023,28.34144383034994,
324,11/7/2023,16.43649522324203,
325,5/6/2017,26.29839235750776,
325,6/5/2017,44.22209235892024,
325,8/2/2017,,no intersection
325,9/27/2017,66.23526164328473,
325,10/14/2017,42.73488758020966,
325,11/27/2017,49.03564141431938,
325,12/23/2017,39.44758853588533,
325,1/6/2018,39.44758853588533,
325,2/10/2018,55.88408375858723,
325,3/27/2018,52.59678471431602,
325,4/2/2018,82.18247611609499,
325,6/10/2018,42.46104332507747,
325,7/15/2018,59.17138280355793,
325,8/31/2018,59.17138280355793,
325,9/13/2018,51.63790591861392,
325,10/15/2018,32.872990445997054,
325,11/16/2018,35.20141069526564,
325,12/13/2018,46.02218662512724,
325,1/1/2019,69.03327993771742,
325,2/22/2019,26.298392356808264,
325,4/30/2019,36.884369264114376,
325,5/20/2019,36.68861547397623,
325,6/18/2019,55.88408375858723,
325,7/17/2019,49.30948566939844,
325,8/19/2019,62.947962598314035,
325,9/8/2019,59.17138280355793,
325,10/7/2019,40.93479331394954,
325,11/22/2019,29.35089237917036,
325,12/5/2019,23.73517308568368,
325,1/31/2020,29.585691401778966,
325,2/12/2020,19.723794268318972,
325,3/12/2020,36.16028949096775,
325,5/23/2020,39.44758853523896,
325,6/17/2020,29.35089237917036,
325,7/15/2020,36.16028949096775,
325,9/23/2020,54.92520496358461,
325,10/22/2020,29.585691401778966,
325,11/21/2020,42.73488758015654,
325,12/23/2020,35.20141069526564,
325,1/23/2021,23.01109331259018,
325,2/7/2021,,no intersection
325,3/16/2021,32.87299044674966,
325,4/14/2021,13.149196178377572,
325,5/7/2021,23.011093311837566,
325,5/23/2021,36.16028949096775,
325,6/6/2021,18.764915471864253,
325,8/17/2021,52.59678471436914,
325,9/11/2021,59.17138280350481,
325,9/30/2021,36.16028949096775,
325,10/11/2021,39.44758853523896,
325,11/11/2021,25.33951356180565,
325,12/9/2021,16.43649522264878,
325,1/12/2022,16.24074143326325,
325,2/11/2022,16.39744999087781,
325,3/5/2022,20.44787404071298,
325,4/26/2022,16.43649522340139,
325,5/17/2022,42.73488758015654,
325,7/15/2022,23.01109331253706,
325,9/5/2022,42.73488758015654,
325,9/16/2022,72.32057898,
325,11/18/2022,46.022186624427746,
325,12/17/2022,53.08606546485404,
325,1/25/2023,23.01109331253706,
325,2/9/2023,25.33951356180565,
325,6/18/2023,19.72379426761948,
325,7/28/2023,28.626812606023737,
325,9/7/2023,23.01109331259018,
325,10/6/2023,23.01109331259018,
325,11/7/2023,16.43649522264878,
326,5/6/2017,29.585691402265972,
326,6/5/2017,46.022186625508006,
326,8/2/2017,,no intersection
326,9/27/2017,59.17138280383246,
326,10/14/2017,26.298392357348394,
326,11/27/2017,45.34867659439493,
326,12/23/2017,44.699848598035956,
326,1/6/2018,42.734887580590424,
326,2/10/2018,52.59678471464367,
326,3/27/2018,55.88408375956125,
326,4/2/2018,88.05267713384576,
326,6/10/2018,39.447588536319216,
326,7/15/2018,55.884083758914876,
326,8/31/2018,59.37529478701025,
326,9/13/2018,52.59678471469679,
326,10/15/2018,,no intersection
326,11/16/2018,32.872990447183554,
326,12/13/2018,36.16028949145476,
326,1/1/2019,69.03327994,
326,2/22/2019,32.199480415424105,
326,4/30/2019,30.024402409061658,
326,5/20/2019,26.298392357348394,
326,6/18/2019,46.022186625508006,
326,7/17/2019,52.59678471464367,
326,8/19/2019,55.884083758914876,
326,9/8/2019,59.17138280383246,
326,10/7/2019,42.734887580590424,
326,11/22/2019,33.31170145397924,
326,12/5/2019,26.298392357348394,
326,1/31/2020,25.624882326235323,
326,2/12/2020,19.723794268159608,
326,3/12/2020,39.88629954,
326,5/23/2020,39.447588536372336,
326,6/17/2020,32.872990447183554,
326,7/15/2020,39.447588536319216,
326,9/23/2020,62.66259383192783,
326,10/22/2020,26.298392357348394,
326,11/21/2020,42.734887580590424,
326,12/23/2020,29.585691402265972,
326,1/23/2021,23.011093313077186,
326,2/7/2021,,no intersection
326,3/16/2021,39.88629954,
326,4/14/2021,16.43649522324203,
326,5/7/2021,18.636255265004944,
326,5/23/2021,33.31170145397924,
326,6/6/2021,19.72379426821273,
326,8/17/2021,58.49787277271938,
326,9/11/2021,55.88408375956125,
326,9/30/2021,26.73710336479045,
326,10/11/2021,32.872990447183554,
326,11/11/2021,30.024402409061658,
326,12/9/2021,19.723794268159608,
326,1/12/2022,16.526110197480442,
326,2/11/2022,19.050284237099657,
326,3/5/2022,23.011093312430816,
326,4/26/2022,29.585691402265972,
326,5/17/2022,43.17359858803248,
326,7/15/2022,23.011093313077186,
326,9/5/2022,42.73488758,
326,9/16/2022,72.32057898280328,
326,11/18/2022,41.41254955376475,
326,12/17/2022,55.88408375956125,
326,1/25/2023,23.449804319872875,
326,2/9/2023,25.624882326235323,
326,6/18/2023,19.723794268159608,
326,7/28/2023,33.31170145397924,
326,9/7/2023,23.011093313077186,
326,10/6/2023,23.011093313077186,
326,11/7/2023,16.43649522394152,
327,5/6/2017,29.585691401778966,
327,6/5/2017,39.44758853593845,
327,8/2/2017,,no intersection
327,9/27/2017,59.17138280350481,
327,10/14/2017,36.16028949166724,
327,11/27/2017,39.44758853588533,
327,12/23/2017,44.41447982309692,
327,1/6/2018,36.16028949096775,
327,2/10/2018,55.03950196276725,
327,3/27/2018,57.56367600147449,
327,4/2/2018,92.04437324955498,
327,6/10/2018,37.839881733855016,
327,7/15/2018,58.78324154924311,
327,8/31/2018,59.17138280355793,
327,9/13/2018,51.75220291784967,
327,10/15/2018,44.41447982309692,
327,11/16/2018,37.07675672829105,
327,12/13/2018,32.87299044674966,
327,1/1/2019,69.03327994,
327,2/22/2019,26.45173458851448,
327,4/30/2019,29.585691401778966,
327,5/20/2019,26.29839235750776,
327,6/18/2019,46.02218662512724,
327,7/17/2019,59.08992601265554,
327,8/19/2019,58.78324154924311,
327,9/8/2019,55.88408375858723,
327,10/7/2019,36.68861547397623,
327,11/22/2019,32.87299044674966,
327,12/5/2019,36.16028949096775,
327,1/31/2020,26.298392356808264,
327,2/12/2020,23.011093311837566,
327,3/12/2020,42.73488758015654,
327,5/23/2020,36.31363172267397,
327,6/17/2020,29.585691401778966,
327,7/15/2020,42.73488758015654,
327,9/23/2020,58.78324154924311,
327,10/22/2020,16.04835396903345,
327,11/21/2020,42.73488758015654,
327,12/23/2020,23.01109331259018,
327,1/23/2021,16.04835396903345,
327,2/7/2021,,no intersection
327,3/16/2021,42.73488758015654,
327,4/14/2021,19.72379426761948,
327,5/7/2021,19.723794268265852,
327,5/23/2021,36.16028949166724,
327,6/6/2021,26.29839235750776,
327,8/17/2021,49.30948566934532,
327,9/11/2021,54.73281749935482,
327,9/30/2021,26.45173458851448,
327,10/11/2021,29.585691401778966,
327,11/11/2021,29.35089237917036,
327,12/9/2021,23.011093311837566,
327,1/12/2022,16.43649522334827,
327,2/11/2022,13.149196178377572,
327,3/5/2022,23.01109331259018,
327,4/26/2022,16.43649522334827,
327,5/17/2022,43.87299633702276,
327,7/15/2022,19.72379426761948,
327,9/5/2022,38.29632227600655,
327,9/16/2022,69.03327994,
327,11/18/2022,41.127180778126224,
327,12/17/2022,55.88408376,
327,1/25/2023,26.45173458851448,
327,2/9/2023,23.011093311837566,
327,6/18/2023,23.011093311837566,
327,7/28/2023,29.197550147464142,
327,9/7/2023,26.45173458851448,
327,10/6/2023,19.114011493708613,
327,11/7/2023,15.063587443926561,
328,5/6/2017,32.87299044648406,
328,6/5/2017,43.36598605194356,
328,8/2/2017,,no intersection
328,9/27/2017,52.59678471464367,
328,10/14/2017,29.585691401566486,
328,11/27/2017,44.02633856692288,
328,12/23/2017,49.20671318010655,
328,1/6/2018,42.63211509097088,
328,2/10/2018,59.655191451210946,
328,3/27/2018,52.59678471469679,
328,4/2/2018,89.18262769745986,
328,6/10/2018,49.20671318010655,
328,7/15/2018,52.49401222502413,
328,8/31/2018,59.06861031421291,
328,9/13/2018,51.46683415102957,
328,10/15/2018,46.022186625508006,
328,11/16/2018,36.16028949140164,
328,12/13/2018,32.770217956864514,
328,1/1/2019,55.88408375956125,
328,2/22/2019,29.585691402265972,
328,4/30/2019,22.90832082275815,
328,5/20/2019,29.585691401566486,
328,6/18/2019,52.49401222502413,
328,7/17/2019,52.59678471464367,
328,8/19/2019,59.17138280383246,
328,9/8/2019,59.17138280383246,
328,10/7/2019,42.734887580590424,
328,11/22/2019,36.16028949140164,
328,12/5/2019,29.585691402265972,
328,1/31/2020,26.298392357295274,
328,2/12/2020,14.675446188974293,
328,3/12/2020,39.315562,
328,5/23/2020,36.16028949145476,
328,6/17/2020,29.585691401566486,
328,7/15/2020,45.91941413588846,
328,9/23/2020,62.45868184875003,
328,10/22/2020,23.011093312377696,
328,11/21/2020,45.91941413588846,
328,12/23/2020,23.011093312430816,
328,1/23/2021,13.046423688704907,
328,2/7/2021,,no intersection
328,3/16/2021,39.44758853567285,
328,4/14/2021,19.723794267513238,
328,5/7/2021,19.723794268159608,
328,5/23/2021,42.73488758128992,
328,6/6/2021,22.90832082275815,
328,8/17/2021,46.022186625508006,
328,9/11/2021,52.59678471469679,
328,9/30/2021,26.298392357348394,
328,10/11/2021,42.63211509097088,
328,11/11/2021,36.16028949140164,
328,12/9/2021,26.298392357348394,
328,1/12/2022,16.43649522324203,
328,2/11/2022,9.861897134106364,
328,3/5/2022,26.929490828002034,
328,4/26/2022,16.43649522394152,
328,5/17/2022,39.44758853561973,
328,7/15/2022,23.011093312377696,
328,9/5/2022,42.734887580590424,
328,9/16/2022,69.03327994,
328,11/18/2022,44.02633856692288,
328,12/17/2022,55.88408375961437,
328,1/25/2023,26.298392357348394,
328,2/9/2023,19.723794268159608,
328,6/18/2023,19.723794268159608,
328,7/28/2023,29.585691401566486,
328,9/7/2023,32.770217956864514,
328,10/6/2023,22.01316928346144,
328,11/7/2023,16.43649522324203,
329,5/6/2017,26.298392356808264,
329,6/5/2017,43.68060887513919,
329,8/2/2017,,no intersection
329,9/27/2017,54.46876441913997,
329,10/14/2017,26.298392356808264,
329,11/27/2017,39.44758853593845,
329,12/23/2017,46.02218662512724,
329,1/6/2018,46.02218662512724,
329,2/10/2018,56.06668005,
329,3/27/2018,56.992938457794104,
329,4/2/2018,88.75707420528377,
329,6/10/2018,32.87299044674966,
329,7/15/2018,59.17138280355793,
329,8/31/2018,52.59678471436914,
329,9/13/2018,49.309485670097935,
329,10/15/2018,42.73488758015654,
329,11/16/2018,39.44758853588533,
329,12/13/2018,26.298392356808264,
329,1/1/2019,42.73488758020966,
329,2/22/2019,36.16028949096775,
329,4/30/2019,21.83057299499892,
329,5/20/2019,26.298392356808264,
329,6/18/2019,59.17138280350481,
329,7/17/2019,55.88408375858723,
329,8/19/2019,59.17138280350481,
329,9/8/2019,59.17138280350481,
329,10/7/2019,39.44758853593845,
329,11/22/2019,36.16028949096775,
329,12/5/2019,42.73488758015654,
329,1/31/2020,16.43649522264878,
329,2/12/2020,9.861897134159486,
329,3/12/2020,42.31749226823548,
329,5/23/2020,36.16028949096775,
329,6/17/2020,29.585691401778966,
329,7/15/2020,43.84374227936341,
329,9/23/2020,59.353979092870375,
329,10/22/2020,18.543273950780833,
329,11/21/2020,42.73488758015654,
329,12/23/2020,19.72379426761948,
329,1/23/2021,13.149196178377572,
329,2/7/2021,,no intersection
329,3/16/2021,39.44758853523896,
329,4/14/2021,19.72379426761948,
329,5/7/2021,26.29839235750776,
329,5/23/2021,39.44758853593845,
329,6/6/2021,23.01109331253706,
329,8/17/2021,39.44758853593845,
329,9/11/2021,49.30948566939844,
329,9/30/2021,29.585691401778966,
329,10/11/2021,46.02218662512724,
329,11/11/2021,42.73488758090915,
329,12/9/2021,29.16829608980479,
329,1/12/2022,19.723794268318972,
329,2/11/2022,15.255974905810133,
329,3/5/2022,26.298392356808264,
329,4/26/2022,23.01109331253706,
329,5/17/2022,34.97976917342961,
329,7/15/2022,36.16028949096775,
329,9/5/2022,39.44758853593845,
329,9/16/2022,65.85691156,
329,11/18/2022,51.18146537416928,
329,12/17/2022,55.88408375928672,
329,1/25/2023,19.72379426761948,
329,2/9/2023,23.01109331253706,
329,6/18/2023,29.35089237917036,
329,7/28/2023,26.29839235756088,
329,9/7/2023,29.585691401778966,
329,10/6/2023,16.43649522334827,
329,11/7/2023,16.43649522334827,
33,5/6/2017,29.193426346716574,
33,6/5/2017,,no intersection
33,8/2/2017,22.705998269505997,
33,9/27/2017,61.63056673130742,
33,10/14/2017,45.411996539011994,
33,11/27/2017,23.554930897967957,
33,12/23/2017,,no intersection
33,1/6/2018,37.19304836489572,
33,2/10/2018,55.14313865415068,
33,3/27/2018,45.411996539011994,
33,4/2/2018,58.38685269337932,
33,6/10/2018,58.38685269337932,
33,7/15/2018,38.92456846185526,
33,8/31/2018,51.899424616168744,
33,9/13/2018,58.386852692702135,
33,10/15/2018,58.386852692755966,
33,11/16/2018,48.65571057761729,
33,12/13/2018,35.68085442324997,
33,1/1/2019,32.43714038464468,
33,2/22/2019,27.461906249079856,
33,4/30/2019,51.56911467107578,
33,5/20/2019,38.92456846185526,
33,6/18/2019,51.899424616222575,
33,7/17/2019,68.11799480851799,
33,8/19/2019,77.84913692428003,
33,9/8/2019,61.63056673130742,
33,10/7/2019,61.30025678621446,
33,11/22/2019,45.41199653906583,
33,12/5/2019,39.44319114517042,
33,1/31/2020,38.92456846185526,
33,2/12/2020,36.52978705171193,
33,3/12/2020,38.92456846185526,
33,5/23/2020,64.87428076991272,
33,6/17/2020,55.14313865415068,
33,7/15/2020,61.63056673130742,
33,9/23/2020,87.10533046445711,
33,10/22/2020,48.65571057761729,
33,11/21/2020,64.87428076996655,
33,12/23/2020,,no intersection
33,1/23/2021,29.193426346039395,
33,2/7/2021,22.705998269505997,
33,3/16/2021,25.39743478408332,
33,4/14/2021,33.94933432629043,
33,5/7/2021,25.949712308111287,
33,5/23/2021,22.705998269505997,
33,6/6/2021,25.949712308111287,
33,8/17/2021,58.386852692755966,
33,9/11/2021,64.87428076996655,
33,9/30/2021,30.04235897517853,
33,10/11/2021,48.65571057699394,
33,11/11/2021,35.68085442324997,
33,12/9/2021,54.812828709057726,
33,1/12/2022,25.39743478408332,
33,2/11/2022,41.17471124212995,
33,3/5/2022,51.89942461559923,
33,4/26/2022,38.92456846185526,
33,5/17/2022,68.11799480851799,
33,7/15/2022,64.87428076996655,
33,9/5/2022,71.36170884712328,
33,9/16/2022,,no intersection
33,11/18/2022,55.14313865415068,
33,12/17/2022,55.14313865415068,
33,1/25/2023,25.949712308111287,
33,2/9/2023,,no intersection
33,6/18/2023,38.92456846185526,
33,7/28/2023,43.68047644205246,
33,9/7/2023,38.92456846185526,
33,10/6/2023,29.193426346039395,
33,11/7/2023,35.68085442324997,
330,5/6/2017,32.872990447183554,
330,6/5/2017,36.628254543222496,
330,8/2/2017,,no intersection
330,9/27/2017,52.59678471469679,
330,10/14/2017,23.479058364251678,
330,11/27/2017,46.022186625508006,
330,12/23/2017,52.59678471469679,
330,1/6/2018,39.447588536372336,
330,2/10/2018,62.45868184875003,
330,3/27/2018,59.99486873909666,
330,4/2/2018,101.90627038442288,
330,6/10/2018,31.81470548765508,
330,7/15/2018,52.59678471469679,
330,8/31/2018,55.88408375961437,
330,9/13/2018,46.022186625508006,
330,10/15/2018,29.585691402265972,
330,11/16/2018,39.447588536372336,
330,12/13/2018,36.16028949140164,
330,1/1/2019,45.49222764771312,
330,2/22/2019,32.872990447183554,
330,4/30/2019,21.54520423,
330,5/20/2019,16.43649522324203,
330,6/18/2019,52.59678471469679,
330,7/17/2019,52.59678471469679,
330,8/19/2019,52.59678471469679,
330,9/8/2019,59.17138280383246,
330,10/7/2019,32.933351376449906,
330,11/22/2019,32.933351376449906,
330,12/5/2019,36.16028949140164,
330,1/31/2020,18.257905187475615,
330,2/12/2020,13.149196178271332,
330,3/12/2020,29.585691401513362,
330,5/23/2020,36.16028949140164,
330,6/17/2020,32.872990447183554,
330,7/15/2020,39.447588536372336,
330,9/23/2020,62.45868184875003,
330,10/22/2020,19.72379426821273,
330,11/21/2020,36.16028949145476,
330,12/23/2020,19.723794268159608,
330,1/23/2021,14.207481137153433,
330,2/7/2021,,no intersection
330,3/16/2021,39.447588536372336,
330,4/14/2021,26.35875328656163,
330,5/7/2021,22.01316928351456,
330,5/23/2021,46.022186625454886,
330,6/6/2021,23.011093312430816,
330,8/17/2021,36.16028949140164,
330,9/11/2021,52.59678471469679,
330,9/30/2021,23.011093313130306,
330,10/11/2021,46.022186625508006,
330,11/11/2021,49.30948566972609,
330,12/9/2021,23.011093313130306,
330,1/12/2022,16.904460275062892,
330,2/11/2022,16.43649522324203,
330,3/5/2022,26.298392357295274,
330,4/26/2022,19.723794268159608,
330,5/17/2022,32.87299044648406,
330,7/15/2022,29.585691402212852,
330,9/5/2022,36.16028949140164,
330,9/16/2022,59.171382804531945,
330,11/18/2022,47.60879757,
330,12/17/2022,55.88408375956125,
330,1/25/2023,19.723794268159608,
330,2/9/2023,13.149196178271332,
330,6/18/2023,26.766357409169256,
330,7/28/2023,29.585691402265972,
330,9/7/2023,29.585691402265972,
330,10/6/2023,13.149196179023944,
330,11/7/2023,14.207481137153433,
331,5/6/2017,29.585691401778966,
331,6/5/2017,36.16028949096775,
331,8/2/2017,,no intersection
331,9/27/2017,52.59678471436914,
331,10/14/2017,29.585691401778966,
331,11/27/2017,36.16028949096775,
331,12/23/2017,53.350118545121994,
331,1/6/2018,43.48822141096251,
331,2/10/2018,69.03327993771742,
331,3/27/2018,65.74598089274672,
331,4/2/2018,88.75707420533689,
331,6/10/2018,26.298392356808264,
331,7/15/2018,49.309485670097935,
331,8/31/2018,52.59678471431602,
331,9/13/2018,39.44758853593845,
331,10/15/2018,26.29839235750776,
331,11/16/2018,36.16028949096775,
331,12/13/2018,44.026338568728974,
331,1/1/2019,32.872990445997054,
331,2/22/2019,29.585691401725846,
331,4/30/2019,26.298392356808264,
331,5/20/2019,13.902530009183549,
331,6/18/2019,43.48822141096251,
331,7/17/2019,49.309485670097935,
331,8/19/2019,55.88408375928672,
331,9/8/2019,53.350118545121994,
331,10/7/2019,36.68861547397623,
331,11/22/2019,29.585691401725846,
331,12/5/2019,29.585691401725846,
331,1/31/2020,16.43649522334827,
331,2/12/2020,14.685237364369728,
331,3/12/2020,27.814851193178203,
331,5/23/2020,35.17215663760629,
331,6/17/2020,32.87299044669654,
331,7/15/2020,39.985705693704915,
331,9/23/2020,65.74598089274672,
331,10/22/2020,29.35089237917036,
331,11/21/2020,32.87299044669654,
331,12/23/2020,22.022960459175597,
331,1/23/2021,13.149196179130184,
331,2/7/2021,,no intersection
331,3/16/2021,45.79717877738286,
331,4/14/2021,29.360683553981467,
331,5/7/2021,26.29839235750776,
331,5/23/2021,42.50987973241216,
331,6/6/2021,32.872990446050174,
331,8/17/2021,36.16028949096775,
331,9/11/2021,42.73488758015654,
331,9/30/2021,29.35089237917036,
331,10/11/2021,39.44758853593845,
331,11/11/2021,49.30948566939844,
331,12/9/2021,26.29839235750776,
331,1/12/2022,19.72379426761948,
331,2/11/2022,19.723794268318972,
331,3/5/2022,22.78608546479268,
331,4/26/2022,16.43649522340139,
331,5/17/2022,32.87299044674966,
331,7/15/2022,23.01109331253706,
331,9/5/2022,36.16028949096775,
331,9/16/2022,55.88408375928672,
331,11/18/2022,42.734887580856025,
331,12/17/2022,55.88408375928672,
331,1/25/2023,23.01109331253706,
331,2/9/2023,13.149196179130184,
331,6/18/2023,35.17215663760629,
331,7/28/2023,29.585691401778966,
331,9/7/2023,29.585691401778966,
331,10/6/2023,10.634813314534556,
331,11/7/2023,9.861897133459994,
332,5/6/2017,26.298392357348394,
332,6/5/2017,32.87299044648406,
332,8/2/2017,,no intersection
332,9/27/2017,53.612658113119465,
332,10/14/2017,27.33709495055654,
332,11/27/2017,36.16028949140164,
332,12/23/2017,52.59678471464367,
332,1/6/2018,54.37578311841782,
332,2/10/2018,75.60787802707449,
332,3/27/2018,69.03327993793881,
332,4/2/2018,97.11067069900825,
332,6/10/2018,29.585691401566486,
332,7/15/2018,50.34818826298736,
332,8/31/2018,52.59678471464367,
332,9/13/2018,46.02218662480851,
332,10/15/2018,26.298392357295274,
332,11/16/2018,42.734887580537304,
332,12/13/2018,37.198992084662905,
332,1/1/2019,29.585691402265972,
332,2/22/2019,29.585691402265972,
332,4/30/2019,19.72379426821273,
332,5/20/2019,10.90059972661502,
332,6/18/2019,46.02218662480851,
332,7/17/2019,52.59678471464367,
332,8/19/2019,59.17138280377934,
332,9/8/2019,53.63548730790494,
332,10/7/2019,39.44758853561973,
332,11/22/2019,26.298392357348394,
332,12/5/2019,36.16028949140164,
332,1/31/2020,16.43649522324203,
332,2/12/2020,14.39986860106451,
332,3/12/2020,27.549064780088454,
332,5/23/2020,34.88678787,
332,6/17/2020,29.075314790038803,
332,7/15/2020,36.16028949140164,
332,9/23/2020,62.45868184875003,
332,10/22/2020,27.33709495055654,
332,11/21/2020,42.734887580537304,
332,12/23/2020,19.723794268159608,
332,1/23/2021,19.723794267460118,
332,2/7/2021,,no intersection
332,3/16/2021,42.734887580590424,
332,4/14/2021,25.788015745820715,
332,5/7/2021,26.298392357348394,
332,5/23/2021,42.22451096906274,
332,6/6/2021,30.62439399477463,
332,8/17/2021,39.44758853561973,
332,9/11/2021,46.02218662480851,
332,9/30/2021,28.31218978468732,
332,10/11/2021,42.734887580537304,
332,11/11/2021,50.34818826298736,
332,12/9/2021,28.31218978468732,
332,1/12/2022,17.475197816503297,
332,2/11/2022,16.712072811151813,
332,3/5/2022,16.43649522324203,
332,4/26/2022,16.43649522324203,
332,5/17/2022,34.12366286922412,
332,7/15/2022,23.011093312377696,
332,9/5/2022,39.44758853567285,
332,9/16/2022,32.87299044648406,
332,11/18/2022,50.325359068148764,
332,12/17/2022,52.59678471464367,
332,1/25/2023,14.39986860106451,
332,2/9/2023,6.574598089135666,
332,6/18/2023,36.16028949145476,
332,7/28/2023,29.585691402265972,
332,9/7/2023,32.87299044648406,
332,10/6/2023,13.636743595713028,
332,11/7/2023,16.43649522324203,
333,5/6/2017,26.500570996495544,
333,6/5/2017,35.36454410178297,
333,8/2/2017,,no intersection
333,9/27/2017,55.88408375858723,
333,10/14/2017,23.01109331253706,
333,11/27/2017,39.44758853523896,
333,12/23/2017,42.734887580856025,
333,1/6/2018,59.17138280355793,
333,2/10/2018,76.93194939909947,
333,3/27/2018,65.74598089,
333,4/2/2018,98.61897133949638,
333,6/10/2018,29.553071018105026,
333,7/15/2018,62.45868184852863,
333,8/31/2018,59.17138280355793,
333,9/13/2018,46.02218662512724,
333,10/15/2018,28.026821006977098,
333,11/16/2018,33.43393681262635,
333,12/13/2018,36.16028949096775,
333,1/1/2019,23.01109331259018,
333,2/22/2019,32.87299044669654,
333,4/30/2019,16.43649522264878,
333,5/20/2019,6.6377953723235885,
333,6/18/2019,42.702267196535715,
333,7/17/2019,55.88408375858723,
333,8/19/2019,59.17138280355793,
333,9/8/2019,49.309485670044815,
333,10/7/2019,39.44758853588533,
333,11/22/2019,26.29839235750776,
333,12/5/2019,32.872990446050174,
333,1/31/2020,19.72379426761948,
333,2/12/2020,19.72379426761948,
333,3/12/2020,29.585691401725846,
333,5/23/2020,42.73488758015654,
333,6/17/2020,36.16028949096775,
333,7/15/2020,39.44758853523896,
333,9/23/2020,60.49545417575119,
333,10/22/2020,26.298392356808264,
333,11/21/2020,42.73488758015654,
333,12/23/2020,21.452222917788312,
333,1/23/2021,19.72379426761948,
333,2/7/2021,,no intersection
333,3/16/2021,39.44758853518584,
333,4/14/2021,29.585691401778966,
333,5/7/2021,32.87299044674966,
333,5/23/2021,44.82208395796688,
333,6/6/2021,26.298392356808264,
333,8/17/2021,42.73488758015654,
333,9/11/2021,42.702267196535715,
333,9/30/2021,29.585691401778966,
333,10/11/2021,39.44758853523896,
333,11/11/2021,46.02218662512724,
333,12/9/2021,39.44758853523896,
333,1/12/2022,18.079273241960035,
333,2/11/2022,19.72379426761948,
333,3/5/2022,0,
333,4/26/2022,16.43649522340139,
333,5/17/2022,29.585691401725846,
333,7/15/2022,23.57203967916636,
333,9/5/2022,36.16028949096775,
333,9/16/2022,39.44758853523896,
333,11/18/2022,40.008534902514626,
333,12/17/2022,52.59678471436914,
333,1/25/2023,19.723794268265852,
333,2/9/2023,3.287299044271208,
333,6/18/2023,38.65184314675366,
333,7/28/2023,28.026821006977098,
333,9/7/2023,29.585691401725846,
333,10/6/2023,13.085998895720854,
333,11/7/2023,13.149196178430694,
334,5/6/2017,32.87299044648406,
334,6/5/2017,36.16028949070215,
334,8/2/2017,,no intersection
334,9/27/2017,55.884083758861756,
334,10/14/2017,24.620533447079367,
334,11/27/2017,32.87299044648406,
334,12/23/2017,39.44758853561973,
334,1/6/2018,52.59678471464367,
334,2/10/2018,80.50461720669374,
334,3/27/2018,72.32057898,
334,4/2/2018,98.61897134015167,
334,6/10/2018,32.87299044648406,
334,7/15/2018,62.45868184875003,
334,8/31/2018,59.17138280383246,
334,9/13/2018,46.02218662480851,
334,10/15/2018,26.298392357348394,
334,11/16/2018,42.734887580590424,
334,12/13/2018,44.02633856692288,
334,1/1/2019,29.585691401566486,
334,2/22/2019,31.791876293515976,
334,4/30/2019,26.298392357348394,
334,5/20/2019,3.2872990449175785,
334,6/18/2019,32.87299044648406,
334,7/17/2019,51.364061661410034,
334,8/19/2019,55.88408375961437,
334,9/8/2019,49.75462152670836,
334,10/7/2019,35.079175337734064,
334,11/22/2019,23.011093313130306,
334,12/5/2019,32.87299044648406,
334,1/31/2020,24.454153199028827,
334,2/12/2020,20.57010939756292,
334,3/12/2020,29.585691402265972,
334,5/23/2020,49.30948567,
334,6/17/2020,52.59678471469679,
334,7/15/2020,41.05702867,
334,9/23/2020,60.37964366611308,
334,10/22/2020,27.90783249205007,
334,11/21/2020,36.688615472435735,
334,12/23/2020,26.298392357348394,
334,1/23/2021,17.11643010454168,
334,2/7/2021,,no intersection
334,3/16/2021,36.16028949145476,
334,4/14/2021,36.16028949070215,
334,5/7/2021,29.585691402265972,
334,5/23/2021,38.36647438265164,
334,6/6/2021,31.028751288164496,
334,8/17/2021,39.44758853561973,
334,9/11/2021,42.41689843222121,
334,9/30/2021,37.76972962540382,
334,10/11/2021,36.16028949070215,
334,11/11/2021,46.022186625508006,
334,12/9/2021,35.079175337734064,
334,1/12/2022,19.723794268159608,
334,2/11/2022,19.72379426821273,
334,3/5/2022,31.791876293515976,
334,4/26/2022,16.43649522324203,
334,5/17/2022,,no intersection
334,7/15/2022,23.011093313130306,
334,9/5/2022,29.585691401566486,
334,9/16/2022,36.16028949140164,
334,11/18/2022,39.447588536372336,
334,12/17/2022,52.59678471464367,
334,1/25/2023,9.861897134106364,
334,2/9/2023,3.2872990442180874,
334,6/18/2023,36.16028949070215,
334,7/28/2023,27.90783249205007,
334,9/7/2023,26.298392357348394,
334,10/6/2023,13.149196178324452,
334,11/7/2023,20.40372914875977,
335,5/6/2017,33.267556555943514,
335,6/5/2017,48.680120536754984,
335,8/2/2017,,no intersection
335,9/27/2017,55.88408375956125,
335,10/14/2017,23.405659421837154,
335,11/27/2017,32.872990447183554,
335,12/23/2017,36.16028949140164,
335,1/6/2018,49.30948567042558,
335,2/10/2018,72.32057898,
335,3/27/2018,72.48034606794535,
335,4/2/2018,95.39040022838603,
335,6/10/2018,26.298392357348394,
335,7/15/2018,62.45868184875003,
335,8/31/2018,60.094274894272885,
335,9/13/2018,42.131529661080506,
335,10/15/2018,23.405659421837154,
335,11/16/2018,38.844230616162925,
335,12/13/2018,42.734887580590424,
335,1/1/2019,26.298392357348394,
335,2/22/2019,32.872990447183554,
335,4/30/2019,22.01316928351456,
335,5/20/2019,9.861897134106364,
335,6/18/2019,24.168784427188633,
335,7/17/2019,49.30948567042558,
335,8/19/2019,55.88408375961437,
335,9/8/2019,49.46925275556765,
335,10/7/2019,29.585691402265972,
335,11/22/2019,13.149196179023944,
335,12/5/2019,29.585691402265972,
335,1/31/2020,23.011093313130306,
335,2/12/2020,27.45608347210621,
335,3/12/2020,29.585691402265972,
335,5/23/2020,56.15133432801323,
335,6/17/2020,51.364061661463154,
335,7/15/2020,42.734887580537304,
335,9/23/2020,60.094274894272885,
335,10/22/2020,29.585691402265972,
335,11/21/2020,36.16028949140164,
335,12/23/2020,26.298392357348394,
335,1/23/2021,20.118360377619062,
335,2/7/2021,,no intersection
335,3/16/2021,30.74338252,
335,4/14/2021,38.08110561081145,
335,5/7/2021,35.53092435843053,
335,5/23/2021,36.16028949140164,
335,6/6/2021,29.585691402265972,
335,8/17/2021,36.16028949140164,
335,9/11/2021,45.418828705298594,
335,9/30/2021,38.08110561081145,
335,10/11/2021,36.16028949140164,
335,11/11/2021,42.734887580590424,
335,12/9/2021,29.585691402265972,
335,1/12/2022,16.831061332701484,
335,2/11/2022,23.011093313130306,
335,3/5/2022,29.585691402265972,
335,4/26/2022,16.43649522324203,
335,5/17/2022,,no intersection
335,7/15/2022,19.72379426821273,
335,9/5/2022,30.71737530275687,
335,9/16/2022,36.16028949145476,
335,11/18/2022,36.16028949145476,
335,12/17/2022,52.59678471534316,
335,1/25/2023,9.861897134106364,
335,2/9/2023,6.574598089135666,
335,6/18/2023,36.16028949140164,
335,7/28/2023,32.87299044648406,
335,9/7/2023,26.298392357348394,
335,10/6/2023,16.43649522324203,
335,11/7/2023,26.298392357348394,
336,5/6/2017,32.87299044674966,
336,6/5/2017,38.34046717414851,
336,8/2/2017,,no intersection
336,9/27/2017,59.17138280355793,
336,10/14/2017,26.29839235750776,
336,11/27/2017,27.170714695989602,
336,12/23/2017,42.734887580856025,
336,1/6/2018,54.77696239679729,
336,2/10/2018,55.88408375928672,
336,3/27/2018,72.32057898198862,
336,4/2/2018,92.04437325025448,
336,6/10/2018,30.239619073778673,
336,7/15/2018,69.03327994,
336,8/31/2018,64.63885953095678,
336,9/13/2018,46.022186624427746,
336,10/15/2018,19.832991601183732,
336,11/16/2018,51.36406166353485,
336,12/13/2018,38.34046717414851,
336,1/1/2019,29.585691401778966,
336,2/22/2019,32.87299044669654,
336,4/30/2019,26.29839235750776,
336,5/20/2019,15.329373861558329,
336,6/18/2019,27.170714695989602,
336,7/17/2019,46.02218662512724,
336,8/19/2019,55.88408376,
336,9/8/2019,42.73488758020966,
336,10/7/2019,36.16028949096775,
336,11/22/2019,18.61667290582954,
336,12/5/2019,26.298392356808264,
336,1/31/2020,28.478570039989023,
336,2/12/2020,24.42814599015385,
336,3/12/2020,28.478570039989023,
336,5/23/2020,66.38350420931945,
336,6/17/2020,52.59678471436914,
336,7/15/2020,52.59678471431602,
336,9/23/2020,59.80890612013066,
336,10/22/2020,41.083035880683745,
336,11/21/2020,33.74531278587788,
336,12/23/2020,32.87299044669654,
336,1/23/2021,27.170714695989602,
336,2/7/2021,,no intersection
336,3/16/2021,37.03261183014909,
336,4/14/2021,34.508437790795476,
336,5/7/2021,29.69488873534322,
336,5/23/2021,32.872990445997054,
336,6/6/2021,32.87299044669654,
336,8/17/2021,36.68861547397623,
336,9/11/2021,52.59678471431602,
336,9/30/2021,38.34046717414851,
336,10/11/2021,33.74531278587788,
336,11/11/2021,48.202364307608505,
336,12/9/2021,26.29839235750776,
336,1/12/2022,26.298392356808264,
336,2/11/2022,23.01109331259018,
336,3/5/2022,26.29839235750776,
336,4/26/2022,19.723794268318972,
336,5/17/2022,,no intersection
336,7/15/2022,26.29839235750776,
336,9/5/2022,26.298392356808264,
336,9/16/2022,42.73488758015654,
336,11/18/2022,36.16028949096775,
336,12/17/2022,42.73488758015654,
336,1/25/2023,9.861897134106364,
336,2/9/2023,5.467476727451965,
336,6/18/2023,42.734887580856025,
336,7/28/2023,31.76586908495972,
336,9/7/2023,26.29839235750776,
336,10/6/2023,13.149196178377572,
336,11/7/2023,26.298392356808264,
337,5/6/2017,36.16028949145476,
337,6/5/2017,52.59678471464367,
337,8/2/2017,,no intersection
337,9/27/2017,59.17138280383246,
337,10/14/2017,32.87299044648406,
337,11/27/2017,32.872990447236674,
337,12/23/2017,37.51036806937104,
337,1/6/2018,42.73488758128992,
337,2/10/2018,59.112755212248636,
337,3/27/2018,72.32057898280328,
337,4/2/2018,92.04437325101601,
337,6/10/2018,32.87299044648406,
337,7/15/2018,64.92422829603281,
337,8/31/2018,59.52353735283248,
337,9/13/2018,46.022186625508006,
337,10/15/2018,38.625835938737545,
337,11/16/2018,48.89851521412725,
337,12/13/2018,32.051237849548755,
337,1/1/2019,36.74724306401956,
337,2/22/2019,36.688615472435735,
337,4/30/2019,29.585691401566486,
337,5/20/2019,18.902041671224303,
337,6/18/2019,23.011093313130306,
337,7/17/2019,51.364061661410034,
337,8/19/2019,58.34963020689715,
337,9/8/2019,51.77503211776149,
337,10/7/2019,36.16028949145476,
337,11/22/2019,6.574598089888277,
337,12/5/2019,26.298392357295274,
337,1/31/2020,19.72379426821273,
337,2/12/2020,29.585691402265972,
337,3/12/2020,29.585691402265972,
337,5/23/2020,65.74598089296812,
337,6/17/2020,62.45868184875003,
337,7/15/2020,46.022186625508006,
337,9/23/2020,73.43585853645529,
337,10/22/2020,37.51036806937104,
337,11/21/2020,39.44758853561973,
337,12/23/2020,48.48773307279079,
337,1/23/2021,29.585691402265972,
337,2/7/2021,,no intersection
337,3/16/2021,42.734887580590424,
337,4/14/2021,37.51036806937104,
337,5/7/2021,32.87299044648406,
337,5/23/2021,42.734887580590424,
337,6/6/2021,32.87299044648406,
337,8/17/2021,46.022186625508006,
337,9/11/2021,46.022186625508006,
337,9/30/2021,46.022186625508006,
337,10/11/2021,32.87299044648406,
337,11/11/2021,42.73488758128992,
337,12/9/2021,26.298392357348394,
337,1/12/2022,23.011093313130306,
337,2/11/2022,29.585691402265972,
337,3/5/2022,25.47663976041309,
337,4/26/2022,29.585691402265972,
337,5/17/2022,,no intersection
337,7/15/2022,29.585691402265972,
337,9/5/2022,28.000813800032308,
337,9/16/2022,36.16028949140164,
337,11/18/2022,35.33853689451946,
337,12/17/2022,42.734887580537304,
337,1/25/2023,9.861897134053244,
337,2/9/2023,9.040144537,
337,6/18/2023,37.51036806937104,
337,7/28/2023,36.16028949145476,
337,9/7/2023,23.011093312430816,
337,10/6/2023,18.902041671224303,
337,11/7/2023,26.885345930665807,
338,5/6/2017,39.44758853523896,
338,6/5/2017,52.59678471431602,
338,8/2/2017,,no intersection
338,9/27/2017,62.45868184847551,
338,10/14/2017,32.87299044674966,
338,11/27/2017,37.22499929432576,
338,12/23/2017,36.16028949096775,
338,1/6/2018,49.309485670097935,
338,2/10/2018,52.59678471431602,
338,3/27/2018,69.03327993771742,
338,4/2/2018,88.75707420528377,
338,6/10/2018,29.049307581429428,
338,7/15/2018,62.45868184777602,
338,8/31/2018,59.17138280350481,
338,9/13/2018,45.4858028,
338,10/15/2018,44.02633857,
338,11/16/2018,51.90044548388438,
338,12/13/2018,29.585691401778966,
338,1/1/2019,36.461874288708685,
338,2/22/2019,29.585691401778966,
338,4/30/2019,16.43649522334827,
338,5/20/2019,19.187410447269944,
338,6/18/2019,29.887276199519896,
338,7/17/2019,46.02218662512724,
338,8/19/2019,52.59678471431602,
338,9/8/2019,48.773101848995786,
338,10/7/2019,36.68861547397623,
338,11/22/2019,13.149196178377572,
338,12/5/2019,23.31267811033111,
338,1/31/2020,19.72379426761948,
338,2/12/2020,23.31267811033111,
338,3/12/2020,23.31267811033111,
338,5/23/2020,62.52546762366095,
338,6/17/2020,49.309485670097935,
338,7/15/2020,46.02218662512724,
338,9/23/2020,72.32057898263498,
338,10/22/2020,42.73488758015654,
338,11/21/2020,32.87299044674966,
338,12/23/2020,59.17138280350481,
338,1/23/2021,29.887276199519896,
338,2/7/2021,,no intersection
338,3/16/2021,39.44758853593845,
338,4/14/2021,40.512298339296464,
338,5/7/2021,32.87299044674966,
338,5/23/2021,42.73488758090915,
338,6/6/2021,36.461874288708685,
338,8/17/2021,42.73488758015654,
338,9/11/2021,44.562722389131636,
338,9/30/2021,39.44758853593845,
338,10/11/2021,26.298392356808264,
338,11/11/2021,42.73488758015654,
338,12/9/2021,19.723794268318972,
338,1/12/2022,29.585691401778966,
338,2/11/2022,23.31267811033111,
338,3/5/2022,29.049307581429428,
338,4/26/2022,26.298392356808264,
338,5/17/2022,,no intersection
338,7/15/2022,23.01109331259018,
338,9/5/2022,24.075803115948194,
338,9/16/2022,36.16028949096775,
338,11/18/2022,29.585691401778966,
338,12/17/2022,38.14807970997183,
338,1/25/2023,9.861897134159486,
338,2/9/2023,16.43649522334827,
338,6/18/2023,36.16028949096775,
338,7/28/2023,37.22499929432576,
338,9/7/2023,23.01109331253706,
338,10/6/2023,19.187410447269944,
338,11/7/2023,23.01109331253706,
339,5/6/2017,36.16028949140164,
339,6/5/2017,50.85195171225294,
339,8/2/2017,,no intersection
339,9/27/2017,62.45868184875003,
339,10/14/2017,36.16028949140164,
339,11/27/2017,36.93963052787751,
339,12/23/2017,40.22692957284821,
339,1/6/2018,39.196573480177946,
339,2/10/2018,42.73488758128992,
339,3/27/2018,65.68225869768737,
339,4/2/2018,81.69666203715047,
339,6/10/2018,26.298392357295274,
339,7/15/2018,65.74598089372073,
339,8/31/2018,62.45868184875003,
339,9/13/2018,49.30948566972609,
339,10/15/2018,52.59678471464367,
339,11/16/2018,52.59678471464367,
339,12/13/2018,29.585691401513362,
339,1/1/2019,54.13925075647102,
339,2/22/2019,32.87299044648406,
339,4/30/2019,23.011093313130306,
339,5/20/2019,23.011093313130306,
339,6/18/2019,35.90927443595986,
339,7/17/2019,35.90927443595986,
339,8/19/2019,52.59678471464367,
339,9/8/2019,52.59678471464367,
339,10/7/2019,32.87299044648406,
339,11/22/2019,16.43649522324203,
339,12/5/2019,26.298392357295274,
339,1/31/2020,19.723794268159608,
339,2/12/2020,29.585691402265972,
339,3/12/2020,35.90927443595986,
339,5/23/2020,55.88408375961437,
339,6/17/2020,49.30948567,
339,7/15/2020,49.30948566972609,
339,9/23/2020,72.32057898,
339,10/22/2020,47.56465266733536,
339,11/21/2020,29.585691402265972,
339,12/23/2020,52.34576965920189,
339,1/23/2021,44.27735362236466,
339,2/7/2021,,no intersection
339,3/16/2021,32.87299044648406,
339,4/14/2021,39.447588536372336,
339,5/7/2021,32.87299044648406,
339,5/23/2021,39.447588536372336,
339,6/6/2021,36.16028949145476,
339,8/17/2021,39.44758853561973,
339,9/11/2021,46.022186625508006,
339,9/30/2021,42.734887580537304,
339,10/11/2021,23.011093312377696,
339,11/11/2021,42.48387252509553,
339,12/9/2021,26.298392358047888,
339,1/12/2022,29.585691401513362,
339,2/11/2022,36.93963052787751,
339,3/5/2022,29.585691401513362,
339,4/26/2022,26.298392357348394,
339,5/17/2022,,no intersection
339,7/15/2022,26.298392357348394,
339,9/5/2022,23.011093313130306,
339,9/16/2022,44.27735362236466,
339,11/18/2022,29.601907433390366,
339,12/17/2022,31.85885039,
339,1/25/2023,13.149196179023944,
339,2/9/2023,14.926461244416071,
339,6/18/2023,32.87299044648406,
339,7/28/2023,36.16028949140164,
339,9/7/2023,26.298392357295274,
339,10/6/2023,22.76007825693592,
339,11/7/2023,19.723794268159608,
34,5/6/2017,25.94971230748794,
34,6/5/2017,,no intersection
34,8/2/2017,29.19342634677041,
34,9/27/2017,58.59482358,
34,10/14/2017,45.41199653906583,
34,11/27/2017,29.19342634609323,
34,12/23/2017,,no intersection
34,1/6/2018,23.016650066531803,
34,2/10/2018,51.89942461627641,
34,3/27/2018,48.65571057767112,
34,4/2/2018,58.38685269343315,
34,6/10/2018,58.386852692863634,
34,7/15/2018,50.70618535034502,
34,8/31/2018,58.38685269343315,
34,9/13/2018,58.59482358,
34,10/15/2018,55.143138654881696,
34,11/16/2018,48.65571057772496,
34,12/13/2018,42.16828250046055,
34,1/1/2019,24.417860219129395,
34,2/22/2019,25.94971230816512,
34,4/30/2019,55.143138654881696,
34,5/20/2019,38.92456846190909,
34,6/18/2019,48.65571057772496,
34,7/17/2019,69.72717584658893,
34,8/19/2019,68.11799480862567,
34,9/8/2019,61.630566731468925,
34,10/7/2019,61.630566731468925,
34,11/22/2019,47.462471311793564,
34,12/5/2019,42.16828250051438,
34,1/31/2020,32.43714039,
34,2/12/2020,32.437140384698516,
34,3/12/2020,38.92456846190909,
34,5/23/2020,58.59482358,
34,6/17/2020,55.143138654881696,
34,7/15/2020,61.630566731468925,
34,9/23/2020,94.06770711611361,
34,10/22/2020,38.92456846190909,
34,11/21/2020,61.630566731468925,
34,12/23/2020,,no intersection
34,1/23/2021,28.441480814980135,
34,2/7/2021,22.70599826955983,
34,3/16/2021,25.94971230816512,
34,4/14/2021,32.437140384698516,
34,5/7/2021,29.19342634677041,
34,5/23/2021,32.30649844820655,
34,6/6/2021,25.94971230816512,
34,8/17/2021,58.386852692863634,
34,9/11/2021,61.63056673141509,
34,9/30/2021,32.437140384698516,
34,10/11/2021,51.89942461627641,
34,11/11/2021,42.03764056334523,
34,12/9/2021,48.65571057772496,
34,1/12/2022,29.19342634677041,
34,2/11/2022,45.28135460195051,
34,3/5/2022,51.76878267916109,
34,4/26/2022,29.19342634677041,
34,5/17/2022,68.11799480862567,
34,7/15/2022,64.87428077002038,
34,9/5/2022,81.09285096231581,
34,9/16/2022,,no intersection
34,11/18/2022,51.89942461627641,
34,12/17/2022,51.89942461627641,
34,1/25/2023,29.19342634677041,
34,2/9/2023,,no intersection
34,6/18/2023,38.92456846190909,
34,7/28/2023,48.52506864,
34,9/7/2023,44.218757273188274,
34,10/6/2023,29.19342634677041,
34,11/7/2023,38.79392652473994,
340,5/6/2017,32.87299044669654,
340,6/5/2017,49.30948566939844,
340,8/2/2017,,no intersection
340,9/27/2017,69.03327993701792,
340,10/14/2017,32.87299044669654,
340,11/27/2017,32.87299044669654,
340,12/23/2017,49.385167391530715,
340,1/6/2018,32.87299044669654,
340,2/10/2018,42.73488758015654,
340,3/27/2018,52.59678471431602,
340,4/2/2018,74.64430771977139,
340,6/10/2018,19.723794268318972,
340,7/15/2018,75.60787803,
340,8/31/2018,59.96886153015964,
340,9/13/2018,52.59678471431602,
340,10/15/2018,59.17138280355793,
340,11/16/2018,55.88408375858723,
340,12/13/2018,29.585691401778966,
340,1/1/2019,32.87299044669654,
340,2/22/2019,26.29839235750776,
340,4/30/2019,24.502989602680355,
340,5/20/2019,25.26611460829744,
340,6/18/2019,36.65426175293848,
340,7/17/2019,36.65426175293848,
340,8/19/2019,49.309485670097935,
340,9/8/2019,49.30948566939844,
340,10/7/2019,39.44758853523896,
340,11/22/2019,14.64109246857399,
340,12/5/2019,19.723794268318972,
340,1/31/2020,23.01109331259018,
340,2/12/2020,29.585691401778966,
340,3/12/2020,42.73488758015654,
340,5/23/2020,56.68156248518895,
340,6/17/2020,53.39426344091774,
340,7/15/2020,52.63113843540689,
340,9/23/2020,78.89517707117741,
340,10/22/2020,42.73488758015654,
340,11/21/2020,32.87299044669654,
340,12/23/2020,52.59678471436914,
340,1/23/2021,42.671690296384284,
340,2/7/2021,,no intersection
340,3/16/2021,32.90734416708792,
340,4/14/2021,36.16028949096775,
340,5/7/2021,29.585691401778966,
340,5/23/2021,42.73488758015654,
340,6/6/2021,39.44758853523896,
340,8/17/2021,43.99198484774435,
340,9/11/2021,46.05654034616499,
340,9/30/2021,43.99198484774435,
340,10/11/2021,26.332746077899134,
340,11/11/2021,36.65426175293848,
340,12/9/2021,23.01109331253706,
340,1/12/2022,19.723794268318972,
340,2/11/2022,32.87299044669654,
340,3/5/2022,19.72379426761948,
340,4/26/2022,23.01109331253706,
340,5/17/2022,,no intersection
340,7/15/2022,29.35089237917036,
340,9/5/2022,29.585691401778966,
340,9/16/2022,42.73488758020966,
340,11/18/2022,26.29839235750776,
340,12/17/2022,29.585691401725846,
340,1/25/2023,13.149196178377572,
340,2/9/2023,16.43649522334827,
340,6/18/2023,29.620045122816716,
340,7/28/2023,36.16028949096775,
340,9/7/2023,23.04544703362793,
340,10/6/2023,23.01109331259018,
340,11/7/2023,19.723794268318972,
341,5/6/2017,31.555343931569176,
341,6/5/2017,43.054610066589056,
341,8/2/2017,,no intersection
341,9/27/2017,59.49110528983108,
341,10/14/2017,26.618114843347023,
341,11/27/2017,33.08159394221902,
341,12/23/2017,43.054610066589056,
341,1/6/2018,23.011093312377696,
341,2/10/2018,42.734887580590424,
341,3/27/2018,52.59678471469679,
341,4/2/2018,72.32057898,
341,6/10/2018,18.406147753244728,
341,7/15/2018,59.17138280383246,
341,8/31/2018,55.884083758914876,
341,9/13/2018,46.022186625508006,
341,10/15/2018,58.38206226989855,
341,11/16/2018,51.04433918,
341,12/13/2018,26.298392357348394,
341,1/1/2019,55.88408375961437,
341,2/22/2019,19.723794268159608,
341,4/30/2019,19.72379426821273,
341,5/20/2019,22.01316928346144,
341,6/18/2019,43.706616080924256,
341,7/17/2019,43.054610066589056,
341,8/19/2019,55.884083758914876,
341,9/8/2019,46.022186625508006,
341,10/7/2019,33.19271293248269,
341,11/22/2019,9.861897134106364,
341,12/5/2019,16.43649522324203,
341,1/31/2020,32.87299044648406,
341,2/12/2020,23.011093313130306,
341,3/12/2020,39.767311021618355,
341,5/23/2020,55.88408375956125,
341,6/17/2020,49.30948567042558,
341,7/15/2020,56.20380624,
341,9/23/2020,72.32057898280328,
341,10/22/2020,36.48001197740027,
341,11/21/2020,36.16028949140164,
341,12/23/2020,58.38206226989855,
341,1/23/2021,42.734887580590424,
341,2/7/2021,,no intersection
341,3/16/2021,39.447588536319216,
341,4/14/2021,36.16028949140164,
341,5/7/2021,24.98074584238039,
341,5/23/2021,46.022186625508006,
341,6/6/2021,36.16028949140164,
341,8/17/2021,44.02633856692288,
341,9/11/2021,46.34190911150663,
341,9/30/2021,39.21733151853522,
341,10/11/2021,36.16028949140164,
341,11/11/2021,32.87299044648406,
341,12/9/2021,19.723794268159608,
341,1/12/2022,23.011093313130306,
341,2/11/2022,32.872990447183554,
341,3/5/2022,14.355723702975666,
341,4/26/2022,23.011093312377696,
341,5/17/2022,,no intersection
341,7/15/2022,32.87299044648406,
341,9/5/2022,29.585691402265972,
341,9/16/2022,39.44758853561973,
341,11/18/2022,23.011093313130306,
341,12/17/2022,26.298392357348394,
341,1/25/2023,16.43649522324203,
341,2/9/2023,16.43649522324203,
341,6/18/2023,26.618114843347023,
341,7/28/2023,39.767311021618355,
341,9/7/2023,20.043516753458746,
341,10/6/2023,29.585691401566486,
341,11/7/2023,19.723794267460118,
342,5/6/2017,36.16028949102087,
342,6/5/2017,42.73488758026278,
342,8/2/2017,,no intersection
342,9/27/2017,65.74598089279984,
342,10/14/2017,28.745801116001637,
342,11/27/2017,32.87299044680278,
342,12/23/2017,44.02633856915394,
342,1/6/2018,16.43649522340139,
342,2/10/2018,38.607698249461635,
342,3/27/2018,49.309485670151055,
342,4/2/2018,72.32057898209486,
342,6/10/2018,26.298392356861388,
342,7/15/2018,72.32057898204174,
342,8/31/2018,55.884083759392965,
342,9/13/2018,46.62727789,
342,10/15/2018,55.88408375864035,
342,11/16/2018,46.62727789,
342,12/13/2018,21.408078021142646,
342,1/1/2019,59.17138280366417,
342,2/22/2019,20.328885531806414,
342,4/30/2019,16.43649522264878,
342,5/20/2019,22.01316928457697,
342,6/18/2019,44.02633856915394,
342,7/17/2019,46.02218662523348,
342,8/19/2019,50.75897040057861,
342,9/8/2019,46.02218662523348,
342,10/7/2019,30.19078266526641,
342,11/22/2019,14.67544618971798,
342,12/5/2019,17.041586486835715,
342,1/31/2020,33.478081710237106,
342,2/12/2020,23.01109331259018,
342,3/12/2020,36.16028949102087,
342,5/23/2020,52.59678471366965,
342,6/17/2020,49.30948566945156,
342,7/15/2020,58.70178476,
342,9/23/2020,72.92567024547607,
342,10/22/2020,46.62727789,
342,11/21/2020,33.478081710237106,
342,12/23/2020,49.30948566945156,
342,1/23/2021,40.052679799425896,
342,2/7/2021,,no intersection
342,3/16/2021,42.73488758026278,
342,4/14/2021,32.87299044680278,
342,5/7/2021,27.666608626665408,
342,5/23/2021,46.708546349937706,
342,6/6/2021,36.16028949102087,
342,8/17/2021,49.30948566945156,
342,9/11/2021,46.62727789,
342,9/30/2021,29.585691401832086,
342,10/11/2021,32.87299044680278,
342,11/11/2021,28.745801116001637,
342,12/9/2021,14.67544618971798,
342,1/12/2022,18.120778976171948,
342,2/11/2022,30.19078266526641,
342,3/5/2022,21.408078021142646,
342,4/26/2022,29.585691401832086,
342,5/17/2022,,no intersection
342,7/15/2022,31.95183169894982,
342,9/5/2022,29.585691401832086,
342,9/16/2022,42.73488758026278,
342,11/18/2022,23.01109331259018,
342,12/17/2022,26.29839235756088,
342,1/25/2023,18.120778976171948,
342,2/9/2023,16.43649522340139,
342,6/18/2023,22.01316928457697,
342,7/28/2023,33.478081710237106,
342,9/7/2023,24.695377065360734,
342,10/6/2023,32.87299044680278,
342,11/7/2023,26.29839235756088,
343,5/6/2017,32.87299044653718,
343,6/5/2017,36.16028949145476,
343,8/2/2017,,no intersection
343,9/27/2017,71.72364591278044,
343,10/14/2017,36.16028949140164,
343,11/27/2017,32.87299044648406,
343,12/23/2017,49.24628838627257,
343,1/6/2018,21.885834261267647,
343,2/10/2018,36.16028949145476,
343,3/27/2018,42.734887580590424,
343,4/2/2018,62.45868184875003,
343,6/10/2018,21.885834261267647,
343,7/15/2018,65.74598089296812,
343,8/31/2018,52.59678471469679,
343,9/13/2018,42.734887580590424,
343,10/15/2018,59.17138280383246,
343,11/16/2018,46.022186625508006,
343,12/13/2018,27.188852384840548,
343,1/1/2019,59.17138280383246,
343,2/22/2019,14.675446188974293,
343,4/30/2019,13.149196179023944,
343,5/20/2019,29.585691402265972,
343,6/18/2019,42.734887580590424,
343,7/17/2019,49.30948566972609,
343,8/19/2019,52.59678471469679,
343,9/8/2019,46.912646652300666,
343,10/7/2019,35.03503044029159,
343,11/22/2019,17.326955250734187,
343,12/5/2019,9.861897134106364,
343,1/31/2020,32.872990447183554,
343,2/12/2020,23.011093312430816,
343,3/12/2020,29.585691401566486,
343,5/23/2020,55.88408375956125,
343,6/17/2020,42.734887580590424,
343,7/15/2020,55.88408375961437,
343,9/23/2020,75.60787802777398,
343,10/22/2020,55.88408375956125,
343,11/21/2020,39.44758853567285,
343,12/23/2020,50.19994569721825,
343,1/23/2021,37.050749518893795,
343,2/7/2021,,no intersection
343,3/16/2021,36.16028949140164,
343,4/14/2021,32.87299044648406,
343,5/7/2021,24.664678345221333,
343,5/23/2021,52.59678471464367,
343,6/6/2021,36.16028949140164,
343,8/17/2021,52.59678471464367,
343,9/11/2021,46.02218662480851,
343,9/30/2021,29.585691401566486,
343,10/11/2021,39.447588536319216,
343,11/11/2021,23.011093312430816,
343,12/9/2021,19.723794268159608,
343,1/12/2022,26.298392357348394,
343,2/11/2022,32.87299044648406,
343,3/5/2022,28.460432350456436,
343,4/26/2022,24.664678345221333,
343,5/17/2022,,no intersection
343,7/15/2022,34.03710641072896,
343,9/5/2022,34.03710641072896,
343,9/16/2022,46.02218662480851,
343,11/18/2022,23.011093312430816,
343,12/17/2022,23.011093312430816,
343,1/25/2023,26.298392357348394,
343,2/9/2023,13.149196179023944,
343,6/18/2023,26.298392357348394,
343,7/28/2023,39.447588536319216,
343,9/7/2023,26.298392357348394,
343,10/6/2023,39.44758853567285,
343,11/7/2023,28.460432350456436,
344,5/6/2017,29.585691401725846,
344,6/5/2017,39.44758853523896,
344,8/2/2017,,no intersection
344,9/27/2017,66.03950785314659,
344,10/14/2017,30.76152020793751,
344,11/27/2017,36.16028949102087,
344,12/23/2017,40.623417341397506,
344,1/6/2018,23.01109331253706,
344,2/10/2018,32.87299044669654,
344,3/27/2018,49.30948566934532,
344,4/2/2018,65.74598089274672,
344,6/10/2018,23.01109331253706,
344,7/15/2018,55.88408375858723,
344,8/31/2018,52.59678471431602,
344,9/13/2018,36.16028949096775,
344,10/15/2018,59.17138280355793,
344,11/16/2018,49.30948566939844,
344,12/13/2018,20.83734047820594,
344,1/1/2019,60.05012999148267,
344,2/22/2019,13.149196178430694,
344,4/30/2019,11.037725939618541,
344,5/20/2019,23.01109331259018,
344,6/18/2019,42.73488758020966,
344,7/17/2019,52.59678471436914,
344,8/19/2019,52.59678471436914,
344,9/8/2019,39.44758853523896,
344,10/7/2019,29.585691401778966,
344,11/22/2019,19.72379426761948,
344,12/5/2019,13.149196178430694,
344,1/31/2020,26.29839235750776,
344,2/12/2020,16.43649522,
344,3/12/2020,32.872990446050174,
344,5/23/2020,49.30948566934532,
344,6/17/2020,36.16028949096775,
344,7/15/2020,52.59678471436914,
344,9/23/2020,69.03327994,
344,10/22/2020,46.02218662512724,
344,11/21/2020,43.91071638636821,
344,12/23/2020,42.73488758020966,
344,1/23/2021,39.44758853523896,
344,2/7/2021,,no intersection
344,3/16/2021,32.87299044669654,
344,4/14/2021,35.51278666781768,
344,5/7/2021,16.43649522334827,
344,5/23/2021,43.91071638636821,
344,6/6/2021,36.68861547397623,
344,8/17/2021,50.48531448,
344,9/11/2021,49.30948566939844,
344,9/30/2021,29.585691401778966,
344,10/11/2021,43.91071638636821,
344,11/11/2021,23.01109331259018,
344,12/9/2021,9.861897133459994,
344,1/12/2022,26.298392356861388,
344,2/11/2022,32.872990446050174,
344,3/5/2022,32.872990446050174,
344,4/26/2022,23.01109331259018,
344,5/17/2022,42.73488758090915,
344,7/15/2022,46.02218662512724,
344,9/5/2022,36.16028949096775,
344,9/16/2022,46.02218662512724,
344,11/18/2022,19.723794268318972,
344,12/17/2022,23.01109331259018,
344,1/25/2023,23.01109331259018,
344,2/9/2023,19.72379426761948,
344,6/18/2023,24.186922118748722,
344,7/28/2023,38.80008571273526,
344,9/7/2023,24.12463952312352,
344,10/6/2023,43.91071638636821,
344,11/7/2023,32.872990446050174,
345,5/6/2017,26.298392357295274,
345,6/5/2017,46.022186625508006,
345,8/2/2017,,no intersection
345,9/27/2017,75.60787802777398,
345,10/14/2017,32.87299044648406,
345,11/27/2017,31.940118859285086,
345,12/23/2017,38.514716948473875,
345,1/6/2018,22.947896029296015,
345,2/10/2018,32.87299044648406,
345,3/27/2018,49.30948566972609,
345,4/2/2018,55.88408375956125,
345,6/10/2018,34.33418801546974,
345,7/15/2018,55.884083758914876,
345,8/31/2018,57.24058718701774,
345,9/13/2018,42.734887580590424,
345,10/15/2018,57.34528132784744,
345,11/16/2018,42.734887580590424,
345,12/13/2018,19.723794267513238,
345,1/1/2019,63.05206027150141,
345,2/22/2019,13.149196178324452,
345,4/30/2019,23.076145754148097,
345,5/20/2019,23.011093312430816,
345,6/18/2019,42.734887580590424,
345,7/17/2019,62.45868184875003,
345,8/19/2019,55.88408375961437,
345,9/8/2019,58.10840633319892,
345,10/7/2019,38.514716948473875,
345,11/22/2019,20.551971714582002,
345,12/5/2019,6.574598089188786,
345,1/31/2020,34.33418801546974,
345,2/12/2020,16.43649522324203,
345,3/12/2020,24.60239576479794,
345,5/23/2020,51.53380824401013,
345,6/17/2020,35.09731302,
345,7/15/2020,59.171382804531945,
345,9/23/2020,67.86560932642246,
345,10/22/2020,42.734887580590424,
345,11/21/2020,49.30948566972609,
345,12/23/2020,46.022186625508006,
345,1/23/2021,32.87299044653718,
345,2/7/2021,,no intersection
345,3/16/2021,44.02633857,
345,4/14/2021,42.56514099804344,
345,5/7/2021,28.522714930932946,
345,5/23/2021,46.022186625508006,
345,6/6/2021,36.16028949145476,
345,8/17/2021,52.59678471469679,
345,9/11/2021,49.902864092530585,
345,9/30/2021,29.585691402265972,
345,10/11/2021,46.022186625508006,
345,11/11/2021,27.12656980441716,
345,12/9/2021,9.861897134106364,
345,1/12/2022,26.298392357348394,
345,2/11/2022,34.33418801546974,
345,3/5/2022,38.514716948473875,
345,4/26/2022,29.585691401566486,
345,5/17/2022,44.95921015487447,
345,7/15/2022,49.30948566972609,
345,9/5/2022,29.585691402265972,
345,9/16/2022,42.734887580590424,
345,11/18/2022,21.18499184,
345,12/17/2022,22.01316928351456,
345,1/25/2023,23.011093312430816,
345,2/9/2023,23.011093312430816,
345,6/18/2023,23.011093312430816,
345,7/28/2023,45.08931503760954,
345,9/7/2023,29.585691402265972,
345,10/6/2023,45.85244004296102,
345,11/7/2023,36.16028949145476,
346,5/6/2017,36.16028949166724,
346,6/5/2017,44.48145392775549,
346,8/2/2017,,no intersection
346,9/27/2017,65.74598089,
346,10/14/2017,32.87299044674966,
346,11/27/2017,32.87299044669654,
346,12/23/2017,36.16028949096775,
346,1/6/2018,26.29839235750776,
346,2/10/2018,36.14580680477705,
346,3/27/2018,52.37646837795124,
346,4/2/2018,59.17138280355793,
346,6/10/2018,34.94204912707677,
346,7/15/2018,59.17138280425742,
346,8/31/2018,62.45868184852863,
346,9/13/2018,44.026338568728974,
346,10/15/2018,55.88408375928672,
346,11/16/2018,47.76875297,
346,12/13/2018,18.183061570247734,
346,1/1/2019,66.03950785309347,
346,2/22/2019,11.608463481058948,
346,4/30/2019,36.16028949096775,
346,5/20/2019,23.01109331259018,
346,6/18/2019,42.73488758020966,
346,7/17/2019,60.91794915115688,
346,8/19/2019,59.17138280355793,
346,9/8/2019,49.30948566939844,
346,10/7/2019,39.44758853593845,
346,11/22/2019,19.723794268318972,
346,12/5/2019,6.574598089888277,
346,1/31/2020,,no intersection
346,2/12/2020,16.43649522334827,
346,3/12/2020,29.585691401778966,
346,5/23/2020,46.02218662512724,
346,6/17/2020,29.585691401778966,
346,7/15/2020,47.76875297,
346,9/23/2020,65.74598089274672,
346,10/22/2020,38.22934817134797,
346,11/21/2020,52.141669355289515,
346,12/23/2020,46.02218662512724,
346,1/23/2021,29.585691402478457,
346,2/7/2021,,no intersection
346,3/16/2021,46.02218662512724,
346,4/14/2021,42.734887580856025,
346,5/7/2021,29.585691401778966,
346,5/23/2021,49.30948566939844,
346,6/6/2021,29.585691401778966,
346,8/17/2021,46.02218662512724,
346,9/11/2021,55.88408375928672,
346,9/30/2021,27.604326032270897,
346,10/11/2021,45.567071266100726,
346,11/11/2021,23.01109331259018,
346,12/9/2021,15.453053881366403,
346,1/12/2022,21.470360615218432,
346,2/11/2022,29.585691402478457,
346,3/5/2022,37.90685584,
346,4/26/2022,29.585691401778966,
346,5/17/2022,49.30948566939844,
346,7/15/2022,49.309485670097935,
346,9/5/2022,37.90685584,
346,9/16/2022,44.48145392775549,
346,11/18/2022,16.43649522334827,
346,12/17/2022,19.723794268318972,
346,1/25/2023,21.470360615218432,
346,2/9/2023,21.470360615218432,
346,6/18/2023,21.470360615218432,
346,7/28/2023,46.02218662512724,
346,9/7/2023,39.44758853588533,
346,10/6/2023,39.44758853593845,
346,11/7/2023,36.16028949096775,
347,5/6/2017,38.17877843129774,
347,6/5/2017,46.022186625508006,
347,8/2/2017,,no intersection
347,9/27/2017,65.74598089,
347,10/14/2017,37.180854401681984,
347,11/27/2017,32.87299044648406,
347,12/23/2017,42.734887580590424,
347,1/6/2018,28.330327467721364,
347,2/10/2018,29.585691402265972,
347,3/27/2018,42.734887580537304,
347,4/2/2018,52.59678471464367,
347,6/10/2018,32.87299044648406,
347,7/15/2018,59.171382804531945,
347,8/31/2018,62.45868184875003,
347,9/13/2018,48.569001546438194,
347,10/15/2018,52.61942559595464,
347,11/16/2018,52.59678471464367,
347,12/13/2018,19.72379426821273,
347,1/1/2019,69.03327994,
347,2/22/2019,15.930810123518908,
347,4/30/2019,32.367305346760936,
347,5/20/2019,28.330327467721364,
347,6/18/2019,52.59678471464367,
347,7/17/2019,72.32057898,
347,8/19/2019,65.74598089296812,
347,9/8/2019,59.17138280383246,
347,10/7/2019,45.529947695562264,
347,11/22/2019,26.36158964000511,
347,12/5/2019,9.861897133353754,
347,1/31/2020,,no intersection
347,2/12/2020,16.43649522324203,
347,3/12/2020,32.872990447236674,
347,5/23/2020,38.19222460107511,
347,6/17/2020,29.585691402265972,
347,7/15/2020,49.30948566972609,
347,9/23/2020,65.74598089372073,
347,10/22/2020,42.734887580590424,
347,11/21/2020,55.884083758914876,
347,12/23/2020,49.30948567,
347,1/23/2021,29.350892377948586,
347,2/7/2021,,no intersection
347,3/16/2021,59.17138280377934,
347,4/14/2021,42.734887580590424,
347,5/7/2021,32.872990447236674,
347,5/23/2021,52.59678471464367,
347,6/6/2021,26.298392357295274,
347,8/17/2021,52.61942559595464,
347,9/11/2021,55.88408375956125,
347,9/30/2021,34.90492555685702,
347,10/11/2021,52.59678471464367,
347,11/11/2021,32.872990447236674,
347,12/9/2021,6.574598089888277,
347,1/12/2022,19.723794268159608,
347,2/11/2022,29.350892377948586,
347,3/5/2022,42.734887580537304,
347,4/26/2022,26.298392357348394,
347,5/17/2022,51.85630059065628,
347,7/15/2022,59.171382804531945,
347,9/5/2022,39.44758853561973,
347,9/16/2022,46.022186625508006,
347,11/18/2022,6.574598089888277,
347,12/17/2022,14.675446188974293,
347,1/25/2023,26.298392357295274,
347,2/9/2023,26.298392357295274,
347,6/18/2023,16.43649522324203,
347,7/28/2023,42.734887580590424,
347,9/7/2023,39.447588536372336,
347,10/6/2023,39.447588536372336,
347,11/7/2023,36.16028949145476,
348,5/6/2017,39.44758853588533,
348,6/5/2017,49.309485670097935,
348,8/2/2017,,no intersection
348,9/27/2017,73.37723094795246,
348,10/14/2017,35.95341934065349,
348,11/27/2017,29.585691401778966,
348,12/23/2017,35.95341934065349,
348,1/6/2018,32.87299044674966,
348,2/10/2018,19.723794268318972,
348,3/27/2018,42.734887580856025,
348,4/2/2018,58.72971363058195,
348,6/10/2018,36.16028949096775,
348,7/15/2018,62.25181169746176,
348,8/31/2018,65.53911074243246,
348,9/13/2018,49.309485670097935,
348,10/15/2018,58.96451265319055,
348,11/16/2018,52.389914564001764,
348,12/13/2018,13.149196179130184,
348,1/1/2019,68.77055204281446,
348,2/22/2019,29.35089237917036,
348,4/30/2019,29.585691401725846,
348,5/20/2019,32.87299044674966,
348,6/18/2019,55.88408375858723,
348,7/17/2019,72.11370883162124,
348,8/19/2019,62.45868184777602,
348,9/8/2019,65.48325299789688,
348,10/7/2019,45.81531647481298,
348,11/22/2019,29.585691401778966,
348,12/5/2019,19.72379426761948,
348,1/31/2020,39.44758853593845,
348,2/12/2020,16.43649522334827,
348,3/12/2020,32.872990445997054,
348,5/23/2020,39.44758853593845,
348,6/17/2020,26.29839235750776,
348,7/15/2020,49.10261551903107,
348,9/23/2020,62.45868184852863,
348,10/22/2020,49.309485670097935,
348,11/21/2020,59.17138280350481,
348,12/23/2020,49.10261551903107,
348,1/23/2021,26.298392356808264,
348,2/7/2021,,no intersection
348,3/16/2021,59.17138280350481,
348,4/14/2021,42.73488758020966,
348,5/7/2021,32.87299044674966,
348,5/23/2021,58.70178475834072,
348,6/6/2021,26.29839235750776,
348,8/17/2021,62.45868184852863,
348,9/11/2021,65.53911074243246,
348,9/30/2021,29.585691401778966,
348,10/11/2021,58.70178475834072,
348,11/11/2021,32.666120295682795,
348,12/9/2021,3.2872990449706987,
348,1/12/2022,16.43649522334827,
348,2/11/2022,29.585691401778966,
348,3/5/2022,49.10261551903107,
348,4/26/2022,26.298392356808264,
348,5/17/2022,52.59678471431602,
348,7/15/2022,65.53911074243246,
348,9/5/2022,45.81531647481298,
348,9/16/2022,46.02218662512724,
348,11/18/2022,23.01109331259018,
348,12/17/2022,16.43649522334827,
348,1/25/2023,26.298392356808264,
348,2/9/2023,23.01109331253706,
348,6/18/2023,26.29839235750776,
348,7/28/2023,51.36406166358797,
348,9/7/2023,46.02218662512724,
348,10/6/2023,39.44758853593845,
348,11/7/2023,39.240718384871585,
349,5/6/2017,32.87299044648406,
349,6/5/2017,46.02218662480851,
349,8/2/2017,,no intersection
349,9/27/2017,65.96100923813705,
349,10/14/2017,36.16028949140164,
349,11/27/2017,26.298392358047888,
349,12/23/2017,32.87299044648406,
349,1/6/2018,36.16028949140164,
349,2/10/2018,33.714614064029696,
349,3/27/2018,42.734887580590424,
349,4/2/2018,52.59678471464367,
349,6/10/2018,42.734887580537304,
349,7/15/2018,75.60787802707449,
349,8/31/2018,59.17138280377934,
349,9/13/2018,49.30948567042558,
349,10/15/2018,55.884083758861756,
349,11/16/2018,46.02218662480851,
349,12/13/2018,9.861897134053244,
349,1/1/2019,60.01300642137809,
349,2/22/2019,23.011093312377696,
349,4/30/2019,32.55969281067201,
349,5/20/2019,29.585691402265972,
349,6/18/2019,52.59678471469679,
349,7/17/2019,69.03327994,
349,8/19/2019,65.74598089296812,
349,9/8/2019,69.03327993863832,
349,10/7/2019,51.285563049162754,
349,11/22/2019,36.16028949145476,
349,12/5/2019,22.697795676565647,
349,1/31/2020,36.16028949140164,
349,2/12/2020,19.72379426821273,
349,3/12/2020,32.87299044648406,
349,5/23/2020,42.734887580537304,
349,6/17/2020,32.87299044648406,
349,7/15/2020,43.94783995467561,
349,9/23/2020,72.32057898,
349,10/22/2020,49.30948566977921,
349,11/21/2020,75.60787802777398,
349,12/23/2020,52.59678471469679,
349,1/23/2021,36.16028949140164,
349,2/7/2021,,no intersection
349,3/16/2021,62.45868184875003,
349,4/14/2021,46.022186625508006,
349,5/7/2021,32.872990447183554,
349,5/23/2021,52.59678471464367,
349,6/6/2021,19.723794268159608,
349,8/17/2021,65.74598089296812,
349,9/11/2021,65.96100923813705,
349,9/30/2021,32.87299044648406,
349,10/11/2021,62.45868184875003,
349,11/11/2021,36.16028949140164,
349,12/9/2021,10.54652352721057,
349,1/12/2022,23.011093312377696,
349,2/11/2022,22.697795676565647,
349,3/5/2022,49.30948566972609,
349,4/26/2022,29.585691402265972,
349,5/17/2022,61.910585188620594,
349,7/15/2022,72.32057898,
349,9/5/2022,36.16028949140164,
349,9/16/2022,46.02218662480851,
349,11/18/2022,19.723794268159608,
349,12/17/2022,16.43649522324203,
349,1/25/2023,26.298392357348394,
349,2/9/2023,29.272393765701313,
349,6/18/2023,29.272393765701313,
349,7/28/2023,52.59678471464367,
349,9/7/2023,51.285563049162754,
349,10/6/2023,36.16028949140164,
349,11/7/2023,46.02218662480851,
35,5/6/2017,29.19342634655507,
35,6/5/2017,,no intersection
35,8/2/2017,32.43714038510653,
35,9/27/2017,64.87428077026689,
35,10/14/2017,38.924568462317104,
35,11/27/2017,25.949712307949785,
35,12/23/2017,,no intersection
35,1/6/2018,22.70599826939833,
35,2/10/2018,59.85708890349398,
35,3/27/2018,55.14313865450486,
35,4/2/2018,61.630566731661595,
35,6/10/2018,64.50201309364284,
35,7/15/2018,61.630566731661595,
35,8/31/2018,58.38685269311014,
35,9/13/2018,58.38685269378733,
35,10/15/2018,55.14313865523587,
35,11/16/2018,48.65571057807913,
35,12/13/2018,42.16828250086856,
35,1/1/2019,16.218570192918772,
35,2/22/2019,25.94971231,
35,4/30/2019,61.630566731661595,
35,5/20/2019,42.16828250086856,
35,6/18/2019,48.65571057807913,
35,7/17/2019,68.11799480954936,
35,8/19/2019,74.17243203933718,
35,9/8/2019,61.630566732392616,
35,10/7/2019,64.87428077026689,
35,11/22/2019,48.65571057807913,
35,12/5/2019,42.16828250086856,
35,1/31/2020,35.680854423711814,
35,2/12/2020,29.19342634655507,
35,3/12/2020,38.924568462317104,
35,5/23/2020,63.10080294204543,
35,6/17/2020,51.89942461663058,
35,7/15/2020,64.87428077094407,
35,9/23/2020,81.09285096318565,
35,10/22/2020,29.193426347232254,
35,11/21/2020,58.38685269378733,
35,12/23/2020,,no intersection
35,1/23/2021,25.94971231,
35,2/7/2021,25.949712308626967,
35,3/16/2021,32.437140385837544,
35,4/14/2021,29.19342634655507,
35,5/7/2021,25.94971231,
35,5/23/2021,25.94971231,
35,6/6/2021,23.59688862820702,
35,8/17/2021,55.14313865523587,
35,9/11/2021,61.630566732392616,
35,9/30/2021,24.998098779804423,
35,10/11/2021,48.65571057807913,
35,11/11/2021,35.680854423711814,
35,12/9/2021,51.89942461663058,
35,1/12/2022,25.94971231,
35,2/11/2022,36.13045104716385,
35,3/5/2022,42.168282500922395,
35,4/26/2022,31.485526856961165,
35,5/17/2022,64.87428077026689,
35,7/15/2022,58.38685269378733,
35,9/5/2022,77.84913692463421,
35,9/16/2022,,no intersection
35,11/18/2022,55.14313865518204,
35,12/17/2022,55.14313865518204,
35,1/25/2023,22.70599827007551,
35,2/9/2023,,no intersection
35,6/18/2023,42.16828250086856,
35,7/28/2023,42.16828250086856,
35,9/7/2023,47.26280331446945,
35,10/6/2023,31.485526856961165,
35,11/7/2023,35.680854423711814,
350,5/6/2017,29.585691402265972,
350,6/5/2017,36.16028949140164,
350,8/2/2017,,no intersection
350,9/27/2017,72.32057898280328,
350,10/14/2017,54.48690210873461,
350,11/27/2017,32.87299044648406,
350,12/23/2017,47.02928548532831,
350,1/6/2018,42.734887580590424,
350,2/10/2018,32.87299044648406,
350,3/27/2018,39.44758853567285,
350,4/2/2018,48.675429024897305,
350,6/10/2018,36.16028949140164,
350,7/15/2018,82.18247611621015,
350,8/31/2018,59.17138280377934,
350,9/13/2018,55.88408375956125,
350,10/15/2018,58.33791737,
350,11/16/2018,46.02218662480851,
350,12/13/2018,17.279135486115713,
350,1/1/2019,52.59678471464367,
350,2/22/2019,25.899134736084385,
350,4/30/2019,51.19960306381703,
350,5/20/2019,39.44758853561973,
350,6/18/2019,62.45868184875003,
350,7/17/2019,89.44985878472552,
350,8/19/2019,77.49799542186491,
350,9/8/2019,72.32057898,
350,10/7/2019,69.03327994,
350,11/22/2019,46.02218662480851,
350,12/5/2019,23.011093313130306,
350,1/31/2020,23.011093313077186,
350,2/12/2020,23.011093312377696,
350,3/12/2020,42.734887580590424,
350,5/23/2020,49.30948566972609,
350,6/17/2020,,no intersection
350,7/15/2020,,no intersection
350,9/23/2020,75.60787802777398,
350,10/22/2020,54.48690210873461,
350,11/21/2020,75.60787802777398,
350,12/23/2020,,no intersection
350,1/23/2021,39.61204713326584,
350,2/7/2021,,no intersection
350,3/16/2021,70.72398854553529,
350,4/14/2021,55.884083758861756,
350,5/7/2021,36.52415687484274,
350,5/23/2021,49.673353053866684,
350,6/6/2021,32.87299044648406,
350,8/17/2021,62.82254923289062,
350,9/11/2021,62.45868184875003,
350,9/30/2021,39.44758853561973,
350,10/11/2021,59.17138280383246,
350,11/11/2021,52.59678471464367,
350,12/9/2021,16.835752844506043,
350,1/12/2022,19.723794267460118,
350,2/11/2022,19.723794268159608,
350,3/5/2022,49.673353053866684,
350,4/26/2022,26.298392357295274,
350,5/17/2022,78.06171164002244,
350,7/15/2022,65.74598089,
350,9/5/2022,36.16028949140164,
350,9/16/2022,42.734887580537304,
350,11/18/2022,26.361589641501414,
350,12/17/2022,23.011093313077186,
350,1/25/2023,26.298392357348394,
350,2/9/2023,32.87299044648406,
350,6/18/2023,29.585691402265972,
350,7/28/2023,49.30948566972609,
350,9/7/2023,51.000194277322564,
350,10/6/2023,39.44758853561973,
350,11/7/2023,49.30948566972609,
351,5/6/2017,26.298392356861388,
351,6/5/2017,39.44758853518584,
351,8/2/2017,,no intersection
351,9/27/2017,82.18247611609499,
351,10/14/2017,42.73488758090915,
351,11/27/2017,39.44758853518584,
351,12/23/2017,44.147248746393736,
351,1/6/2018,36.16028949166724,
351,2/10/2018,32.87299044669654,
351,3/27/2018,35.81160162,
351,4/2/2018,42.73488758020966,
351,6/10/2018,46.02218662512724,
351,7/15/2018,75.60787802685309,
351,8/31/2018,66.03950785309347,
351,9/13/2018,60.58374396974201,
351,10/15/2018,58.05254859766748,
351,11/16/2018,42.73488758015654,
351,12/13/2018,16.43649522334827,
351,1/1/2019,55.88408375928672,
351,2/22/2019,32.87299044674966,
351,4/30/2019,52.59678471431602,
351,5/20/2019,51.48497184119961,
351,6/18/2019,59.17138280350481,
351,7/17/2019,82.18247611609499,
351,8/19/2019,69.03327994,
351,9/8/2019,64.62714668760889,
351,10/7/2019,49.309485670097935,
351,11/22/2019,44.147248746393736,
351,12/5/2019,37.57265065715183,
351,1/31/2020,26.29839235750776,
351,2/12/2020,29.585691401725846,
351,3/12/2020,39.44758853588533,
351,5/23/2020,51.48497184119961,
351,6/17/2020,45.20134872455523,
351,7/15/2020,58.05956993038839,
351,9/23/2020,67.15834206,
351,10/22/2020,37.57265065715183,
351,11/21/2020,65.74598089,
351,12/23/2020,46.02218662512724,
351,1/23/2021,39.44758853518584,
351,2/7/2021,,no intersection
351,3/16/2021,72.32057898263498,
351,4/14/2021,67.15834206,
351,5/7/2021,39.44758853593845,
351,5/23/2021,55.88408375928672,
351,6/6/2021,29.585691401725846,
351,8/17/2021,65.74598089,
351,9/11/2021,69.03327994,
351,9/30/2021,39.44758853593845,
351,10/11/2021,57.28942359285613,
351,11/11/2021,49.309485670097935,
351,12/9/2021,19.72379426761948,
351,1/12/2022,13.149196178430694,
351,2/11/2022,26.298392356808264,
351,3/5/2022,57.296444924771315,
351,4/26/2022,23.01109331253706,
351,5/17/2022,82.18247611609499,
351,7/15/2022,67.15834206,
351,9/5/2022,36.16028949096775,
351,9/16/2022,46.02218662512724,
351,11/18/2022,29.585691401725846,
351,12/17/2022,29.585691401725846,
351,1/25/2023,23.01109331253706,
351,2/9/2023,26.29839235750776,
351,6/18/2023,29.585691401725846,
351,7/28/2023,49.30948566939844,
351,9/7/2023,49.95872183001856,
351,10/6/2023,39.44758853593845,
351,11/7/2023,42.73488758015654,
352,5/6/2017,29.350892377948586,
352,6/5/2017,46.022186625508006,
352,8/2/2017,,no intersection
352,9/27/2017,75.60787802707449,
352,10/14/2017,36.16028949140164,
352,11/27/2017,36.16028949145476,
352,12/23/2017,42.734887580537304,
352,1/6/2018,34.99088554225587,
352,2/10/2018,32.87299044648406,
352,3/27/2018,39.38426943223134,
352,4/2/2018,44.85278267636224,
352,6/10/2018,46.022186625508006,
352,7/15/2018,74.78143391833463,
352,8/31/2018,61.05447887528688,
352,9/13/2018,64.15641177892991,
352,10/15/2018,69.03327994,
352,11/16/2018,46.022186625508006,
352,12/13/2018,20.315439353281576,
352,1/1/2019,55.82076465547338,
352,2/22/2019,36.16028949145476,
352,4/30/2019,55.05763965017501,
352,5/20/2019,46.022186625508006,
352,6/18/2019,59.17138280383246,
352,7/17/2019,78.89517707204519,
352,8/19/2019,75.60787802707449,
352,9/8/2019,69.03327994,
352,10/7/2019,57.00405482571731,
352,11/22/2019,47.719916555687874,
352,12/5/2019,42.734887580590424,
352,1/31/2020,42.734887580590424,
352,2/12/2020,36.16028949145476,
352,3/12/2020,46.022186625508006,
352,5/23/2020,46.022186625508006,
352,6/17/2020,42.734887580590424,
352,7/15/2020,58.344938695092594,
352,9/23/2020,66.03950785038433,
352,10/22/2020,39.44758853567285,
352,11/21/2020,66.03950785038433,
352,12/23/2020,42.734887580537304,
352,1/23/2021,42.734887580537304,
352,2/7/2021,,no intersection
352,3/16/2021,72.32057898280328,
352,4/14/2021,67.44371082384748,
352,5/7/2021,41.145318466499084,
352,5/23/2021,62.45868184875003,
352,6/6/2021,39.447588536372336,
352,8/17/2021,75.60787802707449,
352,9/11/2021,71.67950101469161,
352,9/30/2021,46.379032686312584,
352,10/11/2021,59.17138280383246,
352,11/11/2021,46.022186625508006,
352,12/9/2021,19.723794267513238,
352,1/12/2022,17.791265313715478,
352,2/11/2022,19.72379426821273,
352,3/5/2022,53.71675578079973,
352,4/26/2022,23.011093312377696,
352,5/17/2022,78.89517707199207,
352,7/15/2022,59.171382804478824,
352,9/5/2022,42.734887580590424,
352,9/16/2022,49.30948567042558,
352,11/18/2022,32.87299044648406,
352,12/17/2022,26.298392357348394,
352,1/25/2023,25.128988408202623,
352,2/9/2023,32.872990447183554,
352,6/18/2023,29.585691402265972,
352,7/28/2023,52.59678471464367,
352,9/7/2023,42.734887580590424,
352,10/6/2023,39.447588536372336,
352,11/7/2023,29.585691402265972,
353,5/6/2017,23.01109331259018,
353,6/5/2017,49.309485670044815,
353,8/2/2017,,no intersection
353,9/27/2017,67.72907960037121,
353,10/14/2017,46.02218662512724,
353,11/27/2017,36.16028949166724,
353,12/23/2017,42.04323986180398,
353,1/6/2018,39.44758853593845,
353,2/10/2018,32.872990446050174,
353,3/27/2018,39.44758853593845,
353,4/2/2018,52.59678471431602,
353,6/10/2018,39.44758853588533,
353,7/15/2018,69.03327993771742,
353,8/31/2018,69.03327994,
353,9/13/2018,59.17138280350481,
353,10/15/2018,62.45868184847551,
353,11/16/2018,39.44758853593845,
353,12/13/2018,14.369169880438097,
353,1/1/2019,52.59678471431602,
353,2/22/2019,36.16028949166724,
353,4/30/2019,55.88408375928672,
353,5/20/2019,49.309485670044815,
353,6/18/2019,62.45868184847551,
353,7/17/2019,78.89517707182378,
353,8/19/2019,78.89517707182378,
353,9/8/2019,75.60787802685309,
353,10/7/2019,60.00598509568693,
353,11/22/2019,44.717986287781024,
353,12/5/2019,46.093663911639155,
353,1/31/2020,35.46864177261519,
353,2/12/2020,32.87299044669654,
353,3/12/2020,49.309485670044815,
353,5/23/2020,41.28011485624002,
353,6/17/2020,49.309485670044815,
353,7/15/2020,59.17138280350481,
353,9/23/2020,69.03327994,
353,10/22/2020,31.56879010870396,
353,11/21/2020,59.17138280355793,
353,12/23/2020,44.717986287781024,
353,1/23/2021,46.02218662512724,
353,2/7/2021,,no intersection
353,3/16/2021,68.49220460523568,
353,4/14/2021,66.03950785314659,
353,5/7/2021,49.30948566939844,
353,5/23/2021,66.03950785314659,
353,6/6/2021,32.872990446050174,
353,8/17/2021,72.32057898263498,
353,9/11/2021,71.01637864,
353,9/30/2021,55.88408375858723,
353,10/11/2021,55.88408375858723,
353,11/11/2021,46.02218662512724,
353,12/9/2021,16.43649522334827,
353,1/12/2022,20.793195583056576,
353,2/11/2022,20.943767969626883,
353,3/5/2022,53.43138700644502,
353,4/26/2022,23.01109331253706,
353,5/17/2022,77.96873033016313,
353,7/15/2022,65.74598089274672,
353,9/5/2022,51.36406166353485,
353,9/16/2022,52.59678471436914,
353,11/18/2022,36.16028949096775,
353,12/17/2022,29.35089237917036,
353,1/25/2023,24.23106701389809,
353,2/9/2023,29.35089237917036,
353,6/18/2023,32.87299044674966,
353,7/28/2023,49.30948566934532,
353,9/7/2023,46.02218662512724,
353,10/6/2023,36.16028949166724,
353,11/7/2023,29.585691402478457,
354,5/6/2017,23.011093312377696,
354,6/5/2017,42.734887580537304,
354,8/2/2017,,no intersection
354,9/27/2017,69.03327994,
354,10/14/2017,46.02218662480851,
354,11/27/2017,42.73488758128992,
354,12/23/2017,44.02633856692288,
354,1/6/2018,38.42875696302191,
354,2/10/2018,32.87299044648406,
354,3/27/2018,25.279560784750583,
354,4/2/2018,36.688615472435735,
354,6/10/2018,49.30948566972609,
354,7/15/2018,64.72714932,
354,8/31/2018,75.60787802707449,
354,9/13/2018,58.15255123123464,
354,10/15/2018,55.820886476532685,
354,11/16/2018,42.73488758128992,
354,12/13/2018,13.149196179023944,
354,1/1/2019,44.28204513492182,
354,2/22/2019,46.022186625508006,
354,4/30/2019,52.382893234007845,
354,5/20/2019,55.88408375956125,
354,6/18/2019,59.17138280383246,
354,7/17/2019,78.89517707199207,
354,8/19/2019,75.60787802707449,
354,9/8/2019,69.03327994,
354,10/7/2019,69.03327994,
354,11/22/2019,52.59678471464367,
354,12/5/2019,51.57795314204586,
354,1/31/2020,42.734887580590424,
354,2/12/2020,49.09559418978976,
354,3/12/2020,46.02218662480851,
354,5/23/2020,48.332469184438274,
354,6/17/2020,49.30948566972609,
354,7/15/2020,52.382893234007845,
354,9/23/2020,64.72714932,
354,10/22/2020,31.854158873886245,
354,11/21/2020,58.15255123123464,
354,12/23/2020,42.734887580590424,
354,1/23/2021,49.30948566972609,
354,2/7/2021,,no intersection
354,3/16/2021,63.007915373412565,
354,4/14/2021,65.74598089296812,
354,5/7/2021,48.29065409712828,
354,5/23/2021,69.03327993793881,
354,6/6/2021,36.16028949140164,
354,8/17/2021,65.74598089296812,
354,9/11/2021,68.01444836528789,
354,9/30/2021,51.57795314204586,
354,10/11/2021,52.59678471464367,
354,11/11/2021,42.734887580590424,
354,12/9/2021,15.417663650644215,
354,1/12/2022,20.50782681719265,
354,2/11/2022,23.011093313130306,
354,3/5/2022,52.59678471469679,
354,4/26/2022,23.011093312377696,
354,5/17/2022,78.89517707199207,
354,7/15/2022,69.03327994,
354,9/5/2022,52.59678471464367,
354,9/16/2022,52.59678471464367,
354,11/18/2022,36.16028949145476,
354,12/17/2022,35.18327300616694,
354,1/25/2023,24.516435779399096,
354,2/9/2023,36.16028949140164,
354,6/18/2023,45.04517014,
354,7/28/2023,52.59678471464367,
354,9/7/2023,49.30948567042558,
354,10/6/2023,46.022186625508006,
354,11/7/2023,31.132848955897884,
355,5/6/2017,22.013169284364487,
355,6/5/2017,42.73488758015654,
355,8/2/2017,,no intersection
355,9/27/2017,62.45868184847551,
355,10/14/2017,38.18520327549912,
355,11/27/2017,45.522926370251874,
355,12/23/2017,38.18520327549912,
355,1/6/2018,36.16028949096775,
355,2/10/2018,36.16028949096775,
355,3/27/2018,32.87299044669654,
355,4/2/2018,41.472502320416694,
355,6/10/2018,46.02218662512724,
355,7/15/2018,74.87441523,
355,8/31/2018,72.32057898263498,
355,9/13/2018,52.59678471431602,
355,10/15/2018,44.52559882360435,
355,11/16/2018,42.73488758020966,
355,12/13/2018,16.43649522334827,
355,1/1/2019,46.02218662512724,
355,2/22/2019,42.73488758020966,
355,4/30/2019,48.57602287349264,
355,5/20/2019,49.30948566939844,
355,6/18/2019,65.0125181,
355,7/17/2019,78.16171427521849,
355,8/19/2019,73.37723094795246,
355,9/8/2019,74.11069374385826,
355,10/7/2019,70.82339469958706,
355,11/22/2019,48.81022541516945,
355,12/5/2019,46.02218662512724,
355,1/31/2020,37.951000734415565,
355,2/12/2020,52.59678471431602,
355,3/12/2020,44.02633857,
355,5/23/2020,52.59678471431602,
355,6/17/2020,46.022186624427746,
355,7/15/2020,59.17138280350481,
355,9/23/2020,65.0125181,
355,10/22/2020,32.139527650091246,
355,11/21/2020,52.59678471431602,
355,12/23/2020,32.87299044669654,
355,1/23/2021,42.73488758020966,
355,2/7/2021,,no intersection
355,3/16/2021,61.72521905187021,
355,4/14/2021,65.0125181,
355,5/7/2021,49.30948566934532,
355,5/23/2021,65.74598089,
355,6/6/2021,49.30948566934532,
355,8/17/2021,61.72521905187021,
355,9/11/2021,62.45868184847551,
355,9/30/2021,55.88408376,
355,10/11/2021,42.734887580856025,
355,11/11/2021,42.73488758020966,
355,12/9/2021,16.43649522334827,
355,1/12/2022,23.01109331259018,
355,2/11/2022,29.585691401778966,
355,3/5/2022,55.88408375858723,
355,4/26/2022,28.78903132166702,
355,5/17/2022,78.16171427521849,
355,7/15/2022,69.03327994,
355,9/5/2022,46.02218662512724,
355,9/16/2022,46.02218662512724,
355,11/18/2022,36.16028949096775,
355,12/17/2022,32.872990446050174,
355,1/25/2023,26.29839235750776,
355,2/9/2023,34.66370168944486,
355,6/18/2023,42.00142478425073,
355,7/28/2023,51.863321918410215,
355,9/7/2023,42.73488758020966,
355,10/6/2023,45.522926370251874,
355,11/7/2023,29.585691401778966,
356,5/6/2017,22.01316928346144,
356,6/5/2017,38.99949450451544,
356,8/2/2017,,no intersection
356,9/27/2017,55.862579742836495,
356,10/14/2017,42.734887580537304,
356,11/27/2017,46.022186625508006,
356,12/23/2017,46.022186625508006,
356,1/6/2018,31.66177141002829,
356,2/10/2018,39.44758853567285,
356,3/27/2018,36.16028949145476,
356,4/2/2018,48.524856648349356,
356,6/10/2018,44.81096758905223,
356,7/15/2018,72.32057898,
356,8/31/2018,72.32057898,
356,9/13/2018,46.022186625508006,
356,10/15/2018,49.30948566972609,
356,11/16/2018,39.447588536319216,
356,12/13/2018,16.43649522324203,
356,1/1/2019,42.734887580537304,
356,2/22/2019,48.09826663327032,
356,4/30/2019,52.14869068353938,
356,5/20/2019,51.364061661410034,
356,6/18/2019,62.45868184875003,
356,7/17/2019,73.37723094487147,
356,8/19/2019,80.71495403941174,
356,9/8/2019,70.53802593,
356,10/7/2019,75.60787802777398,
356,11/22/2019,55.88408375961437,
356,12/5/2019,54.67286472240599,
356,1/31/2020,42.734887580590424,
356,2/12/2020,52.59678471469679,
356,3/12/2020,39.447588536372336,
356,5/23/2020,49.30948567042558,
356,6/17/2020,52.59678471539628,
356,7/15/2020,55.435989727757466,
356,9/23/2020,65.29788686181071,
356,10/22/2020,26.511687364887912,
356,11/21/2020,46.022186625508006,
356,12/23/2020,32.87299044653718,
356,1/23/2021,46.022186625508006,
356,2/7/2021,,no intersection
356,3/16/2021,59.171382804531945,
356,4/14/2021,62.45868184875003,
356,5/7/2021,39.447588536372336,
356,5/23/2021,59.171382804531945,
356,6/6/2021,42.286793549433014,
356,8/17/2021,58.72328877267505,
356,9/11/2021,63.20030283732365,
356,9/30/2021,52.59678471469679,
356,10/11/2021,39.447588536372336,
356,11/11/2021,49.30948567,
356,12/9/2021,16.43649522324203,
356,1/12/2022,19.723794268159608,
356,2/11/2022,29.585691401566486,
356,3/5/2022,55.88408375961437,
356,4/26/2022,23.011093313130306,
356,5/17/2022,75.15978399591708,
356,7/15/2022,59.171382804531945,
356,9/5/2022,49.30948567,
356,9/16/2022,49.30948567,
356,11/18/2022,39.447588536372336,
356,12/17/2022,37.89983451,
356,1/25/2023,29.585691401566486,
356,2/9/2023,32.87299044648406,
356,6/18/2023,41.18713355,
356,7/28/2023,51.364061661410034,
356,9/7/2023,39.447588536372336,
356,10/6/2023,42.734887580537304,
356,11/7/2023,33.84941045937506,
357,5/6/2017,26.29839235750776,
357,6/5/2017,39.28486328072044,
357,8/2/2017,,no intersection
357,9/27/2017,52.59678471431602,
357,10/14/2017,36.16028949096775,
357,11/27/2017,38.377590739622676,
357,12/23/2017,41.809037320074054,
357,1/6/2018,34.327166689840624,
357,2/10/2018,29.585691401778966,
357,3/27/2018,31.94714018591457,
357,4/2/2018,54.95823349850475,
357,6/10/2018,41.66488978459338,
357,7/15/2018,69.03327993701792,
357,8/31/2018,75.60787802685309,
357,9/13/2018,59.17138280350481,
357,10/15/2018,46.02218662512724,
357,11/16/2018,36.16028949096775,
357,12/13/2018,19.723794268318972,
357,1/1/2019,36.16028949166724,
357,2/22/2019,46.02218662512724,
357,4/30/2019,48.23948787378217,
357,5/20/2019,55.88408375858723,
357,6/18/2019,66.20223310766511,
357,7/17/2019,72.32057898198862,
357,8/19/2019,72.32057898198862,
357,9/8/2019,70.25265715819977,
357,10/7/2019,81.64080430278769,
357,11/22/2019,55.88408375858723,
357,12/5/2019,49.309485670097935,
357,1/31/2020,36.16028949096775,
357,2/12/2020,45.096336365044756,
357,3/12/2020,39.44758853593845,
357,5/23/2020,52.59678471431602,
357,6/17/2020,62.151809057776816,
357,7/15/2020,59.17138280355793,
357,9/23/2020,59.17138280355793,
357,10/22/2020,29.585691401778966,
357,11/21/2020,46.02218662512724,
357,12/23/2020,29.585691401778966,
357,1/23/2021,44.026338568728974,
357,2/7/2021,,no intersection
357,3/16/2021,59.17138280355793,
357,4/14/2021,55.88408375928672,
357,5/7/2021,42.73488758015654,
357,5/23/2021,59.17138280350481,
357,6/6/2021,32.872990446050174,
357,8/17/2021,55.88408375858723,
357,9/11/2021,65.74598089274672,
357,9/30/2021,51.52678691805337,
357,10/11/2021,39.44758853593845,
357,11/11/2021,52.59678471431602,
357,12/9/2021,16.43649522334827,
357,1/12/2022,23.01109331259018,
357,2/11/2022,26.29839235756088,
357,3/5/2022,51.67093445423354,
357,4/26/2022,23.01109331259018,
357,5/17/2022,75.60787803,
357,7/15/2022,62.45868184782914,
357,9/5/2022,58.86451001285924,
357,9/16/2022,52.59678471436914,
357,11/18/2022,44.952188828811465,
357,12/17/2022,32.87299044674966,
357,1/25/2023,23.01109331259018,
357,2/9/2023,29.585691401778966,
357,6/18/2023,42.73488758020966,
357,7/28/2023,55.88408375928672,
357,9/7/2023,36.16028949096775,
357,10/6/2023,37.61446573405871,
357,11/7/2023,31.94714018591457,
358,5/6/2017,23.011093312377696,
358,6/5/2017,36.16028949140164,
358,8/2/2017,,no intersection
358,9/27/2017,55.88408375956125,
358,10/14/2017,39.447588536319216,
358,11/27/2017,39.447588536372336,
358,12/23/2017,39.447588536372336,
358,1/6/2018,37.32909697,
358,2/10/2018,,no intersection
358,3/27/2018,32.87299044648406,
358,4/2/2018,58.53090130881709,
358,6/10/2018,42.73488758128992,
358,7/15/2018,65.74598089,
358,8/31/2018,72.32057898,
358,9/13/2018,59.17138280383246,
358,10/15/2018,52.59678471469679,
358,11/16/2018,36.16028949145476,
358,12/13/2018,19.723794268159608,
358,1/1/2019,36.16028949140164,
358,2/22/2019,48.717244112260424,
358,4/30/2019,55.291842201396086,
358,5/20/2019,55.291842201396086,
358,6/18/2019,62.45868184875003,
358,7/17/2019,62.62956529588324,
358,8/19/2019,72.32057898280328,
358,9/8/2019,69.96728839037038,
358,10/7/2019,81.35543553,
358,11/22/2019,55.88408375956125,
358,12/5/2019,55.88408375961437,
358,1/31/2020,29.585691402265972,
358,2/12/2020,42.09440608557506,
358,3/12/2020,42.734887580590424,
358,5/23/2020,54.52871719609774,
358,6/17/2020,55.88408375961437,
358,7/15/2020,55.291842201396086,
358,9/23/2020,55.291842201396086,
358,10/22/2020,26.298392357295274,
358,11/21/2020,39.44758853567285,
358,12/23/2020,26.298392357348394,
358,1/23/2021,49.30948566972609,
358,2/7/2021,,no intersection
358,3/16/2021,58.579141246313675,
358,4/14/2021,62.45868184875003,
358,5/7/2021,39.447588536319216,
358,5/23/2021,61.866440290584876,
358,6/6/2021,47.95411910690895,
358,8/17/2021,49.30948567042558,
358,9/11/2021,59.17138280383246,
358,9/30/2021,46.022186625508006,
358,10/11/2021,36.16028949140164,
358,11/11/2021,58.579141246313675,
358,12/9/2021,18.603226728907238,
358,1/12/2022,23.011093313130306,
358,2/11/2022,19.72379426821273,
358,3/5/2022,49.30948567042558,
358,4/26/2022,36.16028949140164,
358,5/17/2022,72.32057898,
358,7/15/2022,62.45868184875003,
358,9/5/2022,52.59678471464367,
358,9/16/2022,52.59678471464367,
358,11/18/2022,49.30948566972609,
358,12/17/2022,36.16028949145476,
358,1/25/2023,26.298392357348394,
358,2/9/2023,29.585691402265972,
358,6/18/2023,49.30948567042558,
358,7/28/2023,52.59678471464367,
358,9/7/2023,38.807107040657485,
358,10/6/2023,36.16028949140164,
358,11/7/2023,32.232508951468695,
359,5/6/2017,23.01109331259018,
359,6/5/2017,39.567902229731935,
359,8/2/2017,,no intersection
359,9/27/2017,55.00647342490764,
359,10/14/2017,36.16028949096775,
359,11/27/2017,35.80517677456566,
359,12/23/2017,39.44758853523896,
359,1/6/2018,35.80517677456566,
359,2/10/2018,29.993703690940837,
359,3/27/2018,29.585691401778966,
359,4/2/2018,52.241671997967046,
359,6/10/2018,48.43187533571885,
359,7/15/2018,68.91879461,
359,8/31/2018,72.32057898,
359,9/13/2018,59.17138280355793,
359,10/15/2018,58.70178475834072,
359,11/16/2018,36.16028949096775,
359,12/13/2018,19.723794268318972,
359,1/1/2019,42.73488758020966,
359,2/22/2019,52.59678471436914,
359,4/30/2019,52.59678471431602,
359,5/20/2019,58.29377246987834,
359,6/18/2019,65.74598089274672,
359,7/17/2019,65.74598089274672,
359,8/19/2019,69.68191961446625,
359,9/8/2019,69.03327994,
359,10/7/2019,75.60787803,
359,11/22/2019,52.59678471436914,
359,12/5/2019,55.88408375928672,
359,1/31/2020,36.16028949096775,
359,2/12/2020,36.16028949096775,
359,3/12/2020,42.734887580856025,
359,5/23/2020,55.88408375858723,
359,6/17/2020,49.30948566939844,
359,7/15/2020,58.29377246987834,
359,9/23/2020,52.59678471431602,
359,10/22/2020,26.29839235750776,
359,11/21/2020,36.16028949096775,
359,12/23/2020,29.585691401778966,
359,1/23/2021,52.59678471436914,
359,2/7/2021,,no intersection
359,3/16/2021,61.58107151414955,
359,4/14/2021,68.91879461,
359,5/7/2021,39.567902229731935,
359,5/23/2021,59.17138280355793,
359,6/6/2021,42.734887580856025,
359,8/17/2021,52.59678471431602,
359,9/11/2021,52.59678471436914,
359,9/30/2021,44.02633857,
359,10/11/2021,29.70600509557245,
359,11/11/2021,52.59678471436914,
359,12/9/2021,16.43649522,
359,1/12/2022,22.655980596188087,
359,2/11/2022,22.655980596188087,
359,3/5/2022,52.59678471436914,
359,4/26/2022,26.29839235750776,
359,5/17/2022,75.60787803,
359,7/15/2022,62.45868184852863,
359,9/5/2022,55.88408375928672,
359,9/16/2022,51.71917437999006,
359,11/18/2022,48.95437295299635,
359,12/17/2022,39.09247581883687,
359,1/25/2023,26.29839235750776,
359,2/9/2023,26.418706051301246,
359,6/18/2023,49.30948566939844,
359,7/28/2023,55.00647342490764,
359,9/7/2023,39.44758853523896,
359,10/6/2023,32.517877729648085,
359,11/7/2023,29.35089237917036,
36,5/6/2017,25.949712308111287,
36,6/5/2017,,no intersection
36,8/2/2017,32.43714038532187,
36,9/27/2017,61.630566731361256,
36,10/14/2017,37.77328692413989,
36,11/27/2017,29.19342634666274,
36,12/23/2017,,no intersection
36,1/6/2018,19.46228423090071,
36,2/10/2018,55.143138654827865,
36,3/27/2018,51.899424616222575,
36,4/2/2018,58.386852692755966,
36,6/10/2018,58.38685269343315,
36,7/15/2018,51.899424616222575,
36,8/31/2018,55.143138654827865,
36,9/13/2018,61.43920161126367,
36,10/15/2018,56.81304287585839,
36,11/16/2018,48.65571057761729,
36,12/13/2018,38.92456846180142,
36,1/1/2019,19.46228423152406,
36,2/22/2019,26.218406377275244,
36,4/30/2019,55.14313865415068,
36,5/20/2019,39.19326253101921,
36,6/18/2019,53.56932884,
36,7/17/2019,68.11799480851799,
36,8/19/2019,74.60542288572857,
36,9/8/2019,69.78789902954853,
36,10/7/2019,58.386852692755966,
36,11/22/2019,45.411996539011994,
36,12/5/2019,38.92456846180142,
36,1/31/2020,35.68085442319614,
36,2/12/2020,25.949712308057453,
36,3/12/2020,35.68085442319614,
36,5/23/2020,63.10910583,
36,6/17/2020,51.899424616222575,
36,7/15/2020,71.36170884712328,
36,9/23/2020,74.60542288572857,
36,10/22/2020,25.949712308111287,
36,11/21/2020,58.386852692755966,
36,12/23/2020,,no intersection
36,1/23/2021,31.28585884692931,
36,2/7/2021,29.19342634666274,
36,3/16/2021,32.43714038526803,
36,4/14/2021,38.92456846180142,
36,5/7/2021,25.949712308057453,
36,5/23/2021,31.28585884692931,
36,6/6/2021,22.705998269505997,
36,8/17/2021,51.89942461554539,
36,9/11/2021,64.87428076991272,
36,9/30/2021,32.43714038464468,
36,10/11/2021,48.65571057761729,
36,11/11/2021,35.949548492413925,
36,12/9/2021,58.19548757265838,
36,1/12/2022,25.949712308057453,
36,2/11/2022,38.92456846180142,
36,3/5/2022,38.92456846180142,
36,4/26/2022,29.19342634666274,
36,5/17/2022,64.87428076996655,
36,7/15/2022,58.386852692755966,
36,9/5/2022,76.27532711,
36,9/16/2022,,no intersection
36,11/18/2022,55.14313865415068,
36,12/17/2022,51.89942461554539,
36,1/25/2023,28.042144808377856,
36,2/9/2023,,no intersection
36,6/18/2023,22.705998269505997,
36,7/28/2023,38.92456846180142,
36,9/7/2023,45.411996539011994,
36,10/6/2023,29.193426346039395,
36,11/7/2023,35.68085442319614,
360,5/6/2017,23.70447436415422,
360,6/5/2017,42.73488758128992,
360,8/2/2017,,no intersection
360,9/27/2017,59.171382804531945,
360,10/14/2017,42.73488758128992,
360,11/27/2017,29.585691402265972,
360,12/23/2017,36.75835942606381,
360,1/6/2018,23.011093313130306,
360,2/10/2018,35.23210941611346,
360,3/27/2018,29.585691401566486,
360,4/2/2018,55.88408375961437,
360,6/10/2018,41.57190848093174,
360,7/15/2018,62.45868184875003,
360,8/31/2018,72.32057898,
360,9/13/2018,69.03327993793881,
360,10/15/2018,52.19693062033647,
360,11/16/2018,39.44758853561973,
360,12/13/2018,18.795614192818313,
360,1/1/2019,36.16028949145476,
360,2/22/2019,52.59678471469679,
360,4/30/2019,59.171382804531945,
360,5/20/2019,59.171382804531945,
360,6/18/2019,65.3461268,
360,7/17/2019,65.74598089,
360,8/19/2019,72.32057898,
360,9/8/2019,62.45868184875003,
360,10/7/2019,69.03327993793881,
360,11/22/2019,52.59678471469679,
360,12/5/2019,52.59678471464367,
360,1/31/2020,29.585691401566486,
360,2/12/2020,36.16028949145476,
360,3/12/2020,46.022186625508006,
360,5/23/2020,58.70178476,
360,6/17/2020,68.63342584357851,
360,7/15/2020,59.86476385560898,
360,9/23/2020,55.884083758914876,
360,10/22/2020,19.723794267513238,
360,11/21/2020,32.87299044648406,
360,12/23/2020,29.420636331576667,
360,1/23/2021,51.43380561503811,
360,2/7/2021,,no intersection
360,3/16/2021,65.74598089372073,
360,4/14/2021,65.74598089372073,
360,5/7/2021,49.30948567,
360,5/23/2021,62.45868184880315,
360,6/6/2021,46.022186625508006,
360,8/17/2021,52.59678471469679,
360,9/11/2021,52.59678471469679,
360,9/30/2021,42.734887580537304,
360,10/11/2021,32.87299044648406,
360,11/11/2021,51.43380561503811,
360,12/9/2021,23.011093313077186,
360,1/12/2022,16.43649522324203,
360,2/11/2022,19.723794268159608,
360,3/5/2022,52.59678471469679,
360,4/26/2022,23.011093312430816,
360,5/17/2022,69.03327994,
360,7/15/2022,56.57746481,
360,9/5/2022,59.171382804531945,
360,9/16/2022,52.59678471469679,
360,11/18/2022,51.43380561503811,
360,12/17/2022,30.183761336875026,
360,1/25/2023,18.89092530928629,
360,2/9/2023,22.01316928351456,
360,6/18/2023,49.30948566977921,
360,7/28/2023,52.59678471469679,
360,9/7/2023,42.734887580590424,
360,10/6/2023,29.420636331576667,
360,11/7/2023,29.585691401566486,
361,5/6/2017,26.298392356861388,
361,6/5/2017,37.13903932268556,
361,8/2/2017,,no intersection
361,9/27/2017,59.17138280296468,
361,10/14/2017,36.16028949102087,
361,11/27/2017,26.298392356861388,
361,12/23/2017,32.87299044674966,
361,1/6/2018,29.585691401778966,
361,2/10/2018,45.57176277678975,
361,3/27/2018,38.23403968193076,
361,4/2/2018,60.91325764089282,
361,6/10/2018,36.16028949102087,
361,7/15/2018,56.95990992153703,
361,8/31/2018,75.60787802631295,
361,9/13/2018,69.03327993777054,
361,10/15/2018,62.536583982712614,
361,11/16/2018,40.52341469813564,
361,12/13/2018,23.011093311890686,
361,1/1/2019,46.02218662518036,
361,2/22/2019,55.88408375869347,
361,4/30/2019,59.17138280296468,
361,5/20/2019,55.88408375869347,
361,6/18/2019,62.45868184788226,
361,7/17/2019,62.45868184788226,
361,8/19/2019,69.11118207195452,
361,9/8/2019,56.09970858468795,
361,10/7/2019,65.74598089285296,
361,11/22/2019,52.59678471442226,
361,12/5/2019,52.596784713722776,
361,1/31/2020,29.585691401778966,
361,2/12/2020,32.87299044674966,
361,3/12/2020,44.47676241754455,
361,5/23/2020,62.45868184788226,
361,6/17/2020,69.03327993707104,
361,7/15/2020,65.74598089215347,
361,9/23/2020,59.17138280296468,
361,10/22/2020,23.011093311943807,
361,11/21/2020,29.801316227826568,
361,12/23/2020,26.298392356861388,
361,1/23/2021,,no intersection
361,2/7/2021,,no intersection
361,3/16/2021,66.03950785367779,
361,4/14/2021,72.32057898204174,
361,5/7/2021,52.90948587159562,
361,5/23/2021,60.24720896645461,
361,6/6/2021,49.309485670097935,
361,8/17/2021,61.010333971425325,
361,9/11/2021,52.59678471442226,
361,9/30/2021,42.73488758020966,
361,10/11/2021,29.585691401778966,
361,11/11/2021,46.02218662518036,
361,12/9/2021,14.67544618971798,
361,1/12/2022,13.149196178430694,
361,2/11/2022,19.17629408799688,
361,3/5/2022,42.73488758020966,
361,4/26/2022,36.16028949102087,
361,5/17/2022,63.43743167954695,
361,7/15/2022,60.91325764089282,
361,9/5/2022,52.59678471442226,
361,9/16/2022,52.59678471442226,
361,11/18/2022,49.30948566945156,
361,12/17/2022,36.16028949102087,
361,1/25/2023,19.72379427,
361,2/9/2023,25.750892177885156,
361,6/18/2023,51.148436837965335,
361,7/28/2023,55.88408375869347,
361,9/7/2023,42.73488758026278,
361,10/6/2023,29.585691401778966,
361,11/7/2023,26.298392356861388,
362,5/6/2017,26.298392357348394,
362,6/5/2017,,no intersection
362,8/2/2017,,no intersection
362,9/27/2017,54.15036711846216,
362,10/14/2017,29.585691402265972,
362,11/27/2017,33.37398403440263,
362,12/23/2017,36.16028949140164,
362,1/6/2018,33.37398403440263,
362,2/10/2018,36.688615472435735,
362,3/27/2018,30.84980999478341,
362,4/2/2018,40.71170712888978,
362,6/10/2018,46.022186625508006,
362,7/15/2018,58.70178475589717,
362,8/31/2018,75.60787802777398,
362,9/13/2018,69.03327994,
362,10/15/2018,65.74598089,
362,11/16/2018,39.447588536319216,
362,12/13/2018,26.799385945213842,
362,1/1/2019,42.73488758128992,
362,2/22/2019,52.59678471464367,
362,4/30/2019,59.171382804531945,
362,5/20/2019,49.30948566977921,
362,6/18/2019,62.45868184875003,
362,7/17/2019,62.45868184875003,
362,8/19/2019,65.74598089372073,
362,9/8/2019,65.74598089,
362,10/7/2019,62.45868184875003,
362,11/22/2019,53.09777830256223,
362,12/5/2019,53.09777830256223,
362,1/31/2020,36.66128307932021,
362,2/12/2020,28.84989879003002,
362,3/12/2020,40.71170712888978,
362,5/23/2020,67.01009948618506,
362,6/17/2020,75.40041139657212,
362,7/15/2020,63.722800441267474,
362,9/23/2020,55.88408375961437,
362,10/22/2020,28.086773785431152,
362,11/21/2020,28.84989879003002,
362,12/23/2020,29.350892377948586,
362,1/23/2021,46.02218662480851,
362,2/7/2021,,no intersection
362,3/16/2021,53.86090330721423,
362,4/14/2021,60.435501397049386,
362,5/7/2021,43.99900617380735,
362,5/23/2021,53.86090330721423,
362,6/6/2021,47.28630521802545,
362,8/17/2021,53.09777830256223,
362,9/11/2021,56.38507734678033,
362,9/30/2021,39.447588536319216,
362,10/11/2021,33.37398403440263,
362,11/11/2021,42.734887580590424,
362,12/9/2021,26.298392357348394,
362,1/12/2022,14.937577606407206,
362,2/11/2022,16.43649522324203,
362,3/5/2022,39.447588536319216,
362,4/26/2022,29.585691402265972,
362,5/17/2022,68.06268830208498,
362,7/15/2022,59.17138280383246,
362,9/5/2022,55.884083758861756,
362,9/16/2022,59.17138280377934,
362,11/18/2022,47.575769029273374,
362,12/17/2022,32.900322840299076,
362,1/25/2023,22.275300700894352,
362,2/9/2023,29.585691402265972,
362,6/18/2023,52.59678471464367,
362,7/28/2023,55.884083758861756,
362,9/7/2023,36.16028949140164,
362,10/6/2023,19.723794268159608,
362,11/7/2023,25.56259974581193,
363,5/6/2017,17.17638287,
363,6/5/2017,33.659352812475774,
363,8/2/2017,,no intersection
363,9/27/2017,56.67044612501283,
363,10/14/2017,30.372053767505072,
363,11/27/2017,26.321629717723024,
363,12/23/2017,32.87299044669654,
363,1/6/2018,29.60892876,
363,2/10/2018,32.61495406,
363,3/27/2018,20.510156634045078,
363,4/2/2018,32.87299044674966,
363,6/10/2018,42.758124941071294,
363,7/15/2018,46.02218662512724,
363,8/31/2018,65.74598089,
363,9/13/2018,69.03327993771742,
363,10/15/2018,69.05651729787957,
363,11/16/2018,39.47082589610059,
363,12/13/2018,17.939507873667683,
363,1/1/2019,42.73488758015654,
363,2/22/2019,46.02218662512724,
363,4/30/2019,55.88408375928672,
363,5/20/2019,49.309485670097935,
363,6/18/2019,56.67044612501283,
363,7/17/2019,63.24504421425474,
363,8/19/2019,65.25314548736736,
363,9/8/2019,59.95774516998353,
363,10/7/2019,49.309485670097935,
363,11/22/2019,49.309485670097935,
363,12/5/2019,49.309485670097935,
363,1/31/2020,29.35089237917036,
363,2/12/2020,28.56453001344425,
363,3/12/2020,30.372053767505072,
363,5/23/2020,65.74598089274672,
363,6/17/2020,69.03327994,
363,7/15/2020,59.17138280350481,
363,9/23/2020,57.91542239261461,
363,10/22/2020,20.510156634045078,
363,11/21/2020,26.29839235756088,
363,12/23/2020,32.87299044674966,
363,1/23/2021,42.73488758015654,
363,2/7/2021,,no intersection
363,3/16/2021,43.239976203002875,
363,4/14/2021,49.309485670097935,
363,5/7/2021,39.44758853588533,
363,5/23/2021,52.59678471431602,
363,6/6/2021,40.23395090166456,
363,8/17/2021,49.309485670097935,
363,9/11/2021,52.59678471431602,
363,9/30/2021,36.68861547397623,
363,10/11/2021,29.585691401778966,
363,11/11/2021,46.02218662512724,
363,12/9/2021,16.43649522334827,
363,1/12/2022,13.149196178377572,
363,2/11/2022,13.149196178377572,
363,3/5/2022,42.73488758090915,
363,4/26/2022,19.723794268318972,
363,5/17/2022,56.67044612501283,
363,7/15/2022,52.59678471431602,
363,9/5/2022,62.45868184852863,
363,9/16/2022,65.25314548736736,
363,11/18/2022,55.88408375928672,
363,12/17/2022,36.16028949096775,
363,1/25/2023,23.034330672752326,
363,2/9/2023,29.585691401725846,
363,6/18/2023,49.309485670097935,
363,7/28/2023,52.59678471431602,
363,9/7/2023,36.16028949166724,
363,10/6/2023,23.034330672752326,
363,11/7/2023,28.56453001344425,
364,5/6/2017,17.508226352601007,
364,6/5/2017,33.94472157584303,
364,8/2/2017,,no intersection
364,9/27/2017,57.63005363,
364,10/14/2017,29.585691401566486,
364,11/27/2017,26.298392357348394,
364,12/23/2017,29.350892377948586,
364,1/6/2018,29.042286253941096,
364,2/10/2018,32.87299044648406,
364,3/27/2018,16.43649522324203,
364,4/2/2018,29.585691402265972,
364,6/10/2018,39.447588536319216,
364,7/15/2018,49.30948566972609,
364,8/31/2018,69.03327994,
364,9/13/2018,75.60787802777398,
364,10/15/2018,72.62918510686389,
364,11/16/2018,,no intersection
364,12/13/2018,16.745101347249523,
364,1/1/2019,51.364061661410034,
364,2/22/2019,42.95460743756391,
364,4/30/2019,52.59678471464367,
364,5/20/2019,55.884083758861756,
364,6/18/2019,59.17138280383246,
364,7/17/2019,62.45868184875003,
364,8/19/2019,62.45868184875003,
364,9/8/2019,55.884083758861756,
364,10/7/2019,55.88408375961437,
364,11/22/2019,46.022186625508006,
364,12/5/2019,42.734887580590424,
364,1/31/2020,33.18159657049155,
364,2/12/2020,,no intersection
364,3/12/2020,29.585691401566486,
364,5/23/2020,63.530412978109005,
364,6/17/2020,72.32057898280328,
364,7/15/2020,52.59678471464367,
364,9/23/2020,52.59678471464367,
364,10/22/2020,17.508226352601007,
364,11/21/2020,21.704563159453947,
364,12/23/2020,26.606998481355888,
364,1/23/2021,49.30948566972609,
364,2/7/2021,,no intersection
364,3/16/2021,46.02218662480851,
364,4/14/2021,42.734887580590424,
364,5/7/2021,32.87299044648406,
364,5/23/2021,53.66851584400264,
364,6/6/2021,32.87299044648406,
364,8/17/2021,55.884083758861756,
364,9/11/2021,52.59678471464367,
364,9/30/2021,36.46889561546225,
364,10/11/2021,23.011093313130306,
364,11/11/2021,46.02218662480851,
364,12/9/2021,10.316416015397232,
364,1/12/2022,9.861897134106364,
364,2/11/2022,14.366840064966802,
364,3/5/2022,32.87299044648406,
364,4/26/2022,28.279161248589613,
364,5/17/2022,53.66851584400264,
364,7/15/2022,52.59678471464367,
364,9/5/2022,63.530412978109005,
364,9/16/2022,69.03327994,
364,11/18/2022,52.59678471464367,
364,12/17/2022,39.44758853567285,
364,1/25/2023,23.011093312430816,
364,2/9/2023,26.298392357348394,
364,6/18/2023,46.02218662480851,
364,7/28/2023,50.292330532051054,
364,9/7/2023,42.95460743756391,
364,10/6/2023,20.03240039222022,
364,11/7/2023,16.43649522324203,
365,5/6/2017,16.605645326663314,
365,6/5/2017,39.44758853523896,
365,8/2/2017,,no intersection
365,9/27/2017,59.17138280355793,
365,10/14/2017,34.230090353863055,
365,11/27/2017,26.29839235750776,
365,12/23/2017,29.585691401778966,
365,1/6/2018,21.419194382815057,
365,2/10/2018,36.16028949096775,
365,3/27/2018,16.605645326663314,
365,4/2/2018,23.01109331253706,
365,6/10/2018,40.14506462220885,
365,7/15/2018,46.02218662512724,
365,8/31/2018,75.60787803,
365,9/13/2018,75.60787802685309,
365,10/15/2018,65.74598089,
365,11/16/2018,49.903460571647365,
365,12/13/2018,14.081471288009189,
365,1/1/2019,29.585691401778966,
365,2/22/2019,43.32886248245858,
365,4/30/2019,55.88408375858723,
365,5/20/2019,55.88408375858723,
365,6/18/2019,59.17138280355793,
365,7/17/2019,,no intersection
365,8/19/2019,69.03327994,
365,9/8/2019,55.88408375858723,
365,10/7/2019,49.30948566934532,
365,11/22/2019,52.59678471436914,
365,12/5/2019,36.75426439321667,
365,1/31/2020,36.16028949166724,
365,2/12/2020,29.585691401778966,
365,3/12/2020,29.585691401778966,
365,5/23/2020,65.74598089274672,
365,6/17/2020,72.32057898,
365,7/15/2020,53.29426080063954,
365,9/23/2020,59.17138280355793,
365,10/22/2020,19.72379426761948,
365,11/21/2020,26.89236725905719,
365,12/23/2020,29.585691401778966,
365,1/23/2021,33.46696534829909,
365,2/7/2021,,no intersection
365,3/16/2021,46.02218662512724,
365,4/14/2021,52.59678471436914,
365,5/7/2021,29.585691401725846,
365,5/23/2021,55.88408375858723,
365,6/6/2021,31.28109151627505,
365,8/17/2021,53.29426080063954,
365,9/11/2021,49.30948566934532,
365,9/30/2021,33.46696534829909,
365,10/11/2021,17.368770332227275,
365,11/11/2021,36.16028949096775,
365,12/9/2021,19.72379426761948,
365,1/12/2022,10.031047237421406,
365,2/11/2022,9.861897134159486,
365,3/5/2022,19.723794268318972,
365,4/26/2022,29.585691401778966,
365,5/17/2022,52.59678471436914,
365,7/15/2022,46.02218662512724,
365,9/5/2022,65.74598089274672,
365,9/16/2022,75.60787803,
365,11/18/2022,52.59678471431602,
365,12/17/2022,36.16028949166724,
365,1/25/2023,21.419194382815057,
365,2/9/2023,28.75691747762093,
365,6/18/2023,52.59678471436914,
365,7/28/2023,53.29426080063954,
365,9/7/2023,42.73488758015654,
365,10/6/2023,20.317769169868402,
365,11/7/2023,13.149196178377572,
366,5/6/2017,19.72379426821273,
366,6/5/2017,36.688615472435735,
366,8/2/2017,,no intersection
366,9/27/2017,59.171382804531945,
366,10/14/2017,23.011093313130306,
366,11/27/2017,29.585691401566486,
366,12/23/2017,29.585691401566486,
366,1/6/2018,28.471548712447568,
366,2/10/2018,43.14699490142186,
366,3/27/2018,13.149196179023944,
366,4/2/2018,19.72379426821273,
366,6/10/2018,43.14699490142186,
366,7/15/2018,49.30948567042558,
366,8/31/2018,75.60787802777398,
366,9/13/2018,75.60787802777398,
366,10/15/2018,69.03327994,
366,11/16/2018,52.59678471464367,
366,12/13/2018,13.796102523473275,
366,1/1/2019,29.70191006241551,
366,2/22/2019,43.61423124603833,
366,4/30/2019,54.23925338549617,
366,5/20/2019,55.88408375961437,
366,6/18/2019,57.52655242971426,
366,7/17/2019,59.17138280383246,
366,8/19/2019,60.81385147463183,
366,9/8/2019,60.81385147463183,
366,10/7/2019,57.05931608579729,
366,11/22/2019,42.73488758128992,
366,12/5/2019,36.16028949140164,
366,1/31/2020,36.16028949140164,
366,2/12/2020,26.298392357295274,
366,3/12/2020,29.350892377948586,
366,5/23/2020,65.74598089,
366,6/17/2020,72.32057898,
366,7/15/2020,52.59678471539628,
366,9/23/2020,57.52655242971426,
366,10/22/2020,23.011093312430816,
366,11/21/2020,29.585691401566486,
366,12/23/2020,29.585691401566486,
366,1/23/2021,29.585691401566486,
366,2/7/2021,,no intersection
366,3/16/2021,52.24576703017675,
366,4/14/2021,43.61423124603833,
366,5/7/2021,39.63629068726459,
366,5/23/2021,52.59678471539628,
366,6/6/2021,26.298392358047888,
366,8/17/2021,46.434293946392565,
366,9/11/2021,46.434293946392565,
366,9/30/2021,32.87299044648406,
366,10/11/2021,23.011093313130306,
366,11/11/2021,31.758847757418266,
366,12/9/2021,16.43649522329515,
366,1/12/2022,13.149196179023944,
366,2/11/2022,9.861897134053244,
366,3/5/2022,19.723794268159608,
366,4/26/2022,26.298392358047888,
366,5/17/2022,44.377356251389806,
366,7/15/2022,46.022186625508006,
366,9/5/2022,65.74598089,
366,9/16/2022,72.32057898,
366,11/18/2022,59.17138280383246,
366,12/17/2022,46.022186625508006,
366,1/25/2023,23.011093313077186,
366,2/9/2023,26.298392357295274,
366,6/18/2023,49.30948567042558,
366,7/28/2023,52.59678471539628,
366,9/7/2023,42.734887580590424,
366,10/6/2023,17.083401568443975,
366,11/7/2023,16.43649522329515,
367,5/6/2017,29.585691401566486,
367,6/5/2017,36.16028949145476,
367,8/2/2017,,no intersection
367,9/27/2017,62.45868184875003,
367,10/14/2017,32.872990447236674,
367,11/27/2017,26.298392357348394,
367,12/23/2017,26.298392357348394,
367,1/6/2018,27.46310479468961,
367,2/10/2018,47.18689906284922,
367,3/27/2018,14.675446188974293,
367,4/2/2018,26.298392357295274,
367,6/10/2018,39.44758853561973,
367,7/15/2018,59.171382804531945,
367,8/31/2018,78.89517707269155,
367,9/13/2018,72.32057898,
367,10/15/2018,70.19799237522692,
367,11/16/2018,52.59678471464367,
367,12/13/2018,20.888506704801333,
367,1/1/2019,33.27457787847379,
367,2/22/2019,42.734887580537304,
367,4/30/2019,54.52462215733637,
367,5/20/2019,55.88408375961437,
367,6/18/2019,54.52462215733637,
367,7/17/2019,62.45868184875003,
367,8/19/2019,64.38651929069012,
367,9/8/2019,62.45868184875003,
367,10/7/2019,55.88408375961437,
367,11/22/2019,44.02633856692288,
367,12/5/2019,39.447588536319216,
367,1/31/2020,43.89960001793164,
367,2/12/2020,36.16028949140164,
367,3/12/2020,26.298392357348394,
367,5/23/2020,72.32057898,
367,6/17/2020,69.03327993793881,
367,7/15/2020,52.59678471469679,
367,9/23/2020,58.70178475589717,
367,10/22/2020,16.43649522324203,
367,11/21/2020,32.87299044648406,
367,12/23/2020,32.87299044648406,
367,1/23/2021,27.46310479468961,
367,2/7/2021,,no intersection
367,3/16/2021,52.59678471464367,
367,4/14/2021,39.447588536372336,
367,5/7/2021,43.89960001793164,
367,5/23/2021,57.811921201554455,
367,6/6/2021,39.44758853561973,
367,8/17/2021,46.14892517449925,
367,9/11/2021,51.364061661410034,
367,9/30/2021,27.46310479468961,
367,10/11/2021,24.135755891037807,
367,11/11/2021,24.17580574971891,
367,12/9/2021,19.723794268159608,
367,1/12/2022,13.149196178324452,
367,2/11/2022,7.3377230944871465,
367,3/5/2022,16.43649522324203,
367,4/26/2022,29.585691401566486,
367,5/17/2022,46.022186625508006,
367,7/15/2022,55.88408375961437,
367,9/5/2022,69.03327993793881,
367,9/16/2022,72.32057898,
367,11/18/2022,60.82437136347354,
367,12/17/2022,46.022186625508006,
367,1/25/2023,29.350892377948586,
367,2/9/2023,27.46310479468961,
367,6/18/2023,49.30948566972609,
367,7/28/2023,55.88408375961437,
367,9/7/2023,42.734887580537304,
367,10/6/2023,19.723794268159608,
367,11/7/2023,16.43649522324203,
368,5/6/2017,19.723794268318972,
368,6/5/2017,32.87299044669654,
368,8/2/2017,,no intersection
368,9/27/2017,65.74598089274672,
368,10/14/2017,32.87299044669654,
368,11/27/2017,36.16028949096775,
368,12/23/2017,29.585691401725846,
368,1/6/2018,31.188110210851523,
368,2/10/2018,46.02218662507412,
368,3/27/2018,22.013169284364487,
368,4/2/2018,29.585691401778966,
368,6/10/2018,49.30948566934532,
368,7/15/2018,59.17138280355793,
368,8/31/2018,78.89517707182378,
368,9/13/2018,71.16402472974532,
368,10/15/2018,69.03327994,
368,11/16/2018,59.17138280350481,
368,12/13/2018,19.72379426756636,
368,1/1/2019,36.84724569864021,
368,2/22/2019,45.86355640041014,
368,4/30/2019,58.860414983004695,
368,5/20/2019,59.17138280350481,
368,6/18/2019,59.17138280355793,
368,7/17/2019,59.10818551935179,
368,8/19/2019,65.74598089274672,
368,9/8/2019,65.74598089274672,
368,10/7/2019,58.09728997744073,
368,11/22/2019,46.022186624427746,
368,12/5/2019,39.44758853518584,
368,1/31/2020,39.44758853518584,
368,2/12/2020,36.16028949096775,
368,3/12/2020,29.585691401778966,
368,5/23/2020,65.74598089274672,
368,6/17/2020,65.74598089274672,
368,7/15/2020,49.309485670044815,
368,9/23/2020,59.17138280355793,
368,10/22/2020,23.01109331259018,
368,11/21/2020,42.73488758015654,
368,12/23/2020,39.44758853518584,
368,1/23/2021,29.585691401725846,
368,2/7/2021,,no intersection
368,3/16/2021,49.761642854462295,
368,4/14/2021,33.559946653722626,
368,5/7/2021,40.89766974847538,
368,5/23/2021,55.88408375858723,
368,6/6/2021,32.872990445997054,
368,8/17/2021,46.02218662507412,
368,9/11/2021,67.19606210598313,
368,9/30/2021,27.74847357004468,
368,10/11/2021,23.850387116045653,
368,11/11/2021,23.850387116045653,
368,12/9/2021,32.872990445997054,
368,1/12/2022,12.075103352313494,
368,2/11/2022,9.861897133406874,
368,3/5/2022,16.43649522334827,
368,4/26/2022,19.723794268318972,
368,5/17/2022,48.99851784889833,
368,7/15/2022,52.59678471431602,
368,9/5/2022,64.67188806662952,
368,9/16/2022,78.50174782,
368,11/18/2022,59.17138280350481,
368,12/17/2022,49.30948566934532,
368,1/25/2023,27.74847357004468,
368,2/9/2023,31.188110210851523,
368,6/18/2023,54.809990932470036,
368,7/28/2023,54.809990932470036,
368,9/7/2023,39.44758853518584,
368,10/6/2023,23.01109331253706,
368,11/7/2023,16.43649522334827,
369,5/6/2017,23.011093313077186,
369,6/5/2017,36.16028949140164,
369,8/2/2017,,no intersection
369,9/27/2017,62.45868184875003,
369,10/14/2017,37.47733953322021,
369,11/27/2017,31.321141380348102,
369,12/23/2017,29.585691402265972,
369,1/6/2018,31.321141380348102,
369,2/10/2018,52.59678471464367,
369,3/27/2018,22.98549426,
369,4/2/2018,36.16028949140164,
369,6/10/2018,42.290888588141264,
369,7/15/2018,62.45868184875003,
369,8/31/2018,72.32057898,
369,9/13/2018,78.89517707199207,
369,10/15/2018,69.03327993793881,
369,11/16/2018,59.17138280383246,
369,12/13/2018,23.56501835,
369,1/1/2019,49.30948566972609,
369,2/22/2019,49.30948567042558,
369,4/30/2019,52.57118565921068,
369,5/20/2019,62.43308279256443,
369,6/18/2019,62.45868184875003,
369,7/17/2019,66.03950785038433,
369,8/19/2019,65.74598089372073,
369,9/8/2019,65.74598089372073,
369,10/7/2019,59.17138280383246,
369,11/22/2019,46.022186625508006,
369,12/5/2019,39.447588536372336,
369,1/31/2020,30.902741444084544,
369,2/12/2020,39.447588536319216,
369,3/12/2020,36.16028949140164,
369,5/23/2020,75.60787802707449,
369,6/17/2020,69.03327994,
369,7/15/2020,59.171382804531945,
369,9/23/2020,62.45868184875003,
369,10/22/2020,26.298392357348394,
369,11/21/2020,46.022186625508006,
369,12/23/2020,45.233462564723524,
369,1/23/2021,29.585691402265972,
369,2/7/2021,,no intersection
369,3/16/2021,46.022186625508006,
369,4/14/2021,30.558016375749233,
369,5/7/2021,36.16028949145476,
369,5/23/2021,55.884083758861756,
369,6/6/2021,55.88408375956125,
369,8/17/2021,51.04493564850771,
369,9/11/2021,62.45868184875003,
369,9/30/2021,34.608440425265684,
369,10/11/2021,26.298392357348394,
369,11/11/2021,32.87299044648406,
369,12/9/2021,46.022186625508006,
369,1/12/2022,9.861897134053244,
369,2/11/2022,6.574598089188786,
369,3/5/2022,14.884646157106074,
369,4/26/2022,19.723794268159608,
369,5/17/2022,45.996587569322394,
369,7/15/2022,69.00768088,
369,9/5/2022,58.70178475589717,
369,9/16/2022,81.39375205612517,
369,11/18/2022,69.03327994,
369,12/17/2022,49.30948566972609,
369,1/25/2023,26.298392357348394,
369,2/9/2023,36.16028949140164,
369,6/18/2023,51.808060653859194,
369,7/28/2023,52.15278572,
369,9/7/2023,44.47033755937205,
369,10/6/2023,23.011093313077186,
369,11/7/2023,16.227295255110253,
37,5/6/2017,17.15141827554323,
37,6/5/2017,,no intersection
37,8/2/2017,32.43714038510653,
37,9/27/2017,58.38685269311014,
37,10/14/2017,45.41199653947385,
37,11/27/2017,25.949712308626967,
37,12/23/2017,,no intersection
37,1/6/2018,12.974856154313484,
37,2/10/2018,55.14313865450486,
37,3/27/2018,56.594609419367785,
37,4/2/2018,61.630566731661595,
37,6/10/2018,61.630566731661595,
37,7/15/2018,45.41199653947385,
37,8/31/2018,48.70597119055981,
37,9/13/2018,61.630566731661595,
37,10/15/2018,58.38685269311014,
37,11/16/2018,47.28156875999036,
37,12/13/2018,42.16828250086856,
37,1/1/2019,34.30671260567688,
37,2/22/2019,26.41807437692273,
37,4/30/2019,51.89942461595341,
37,5/20/2019,44.037854721385074,
37,6/18/2019,51.89942461595341,
37,7/17/2019,66.74385299078341,
37,8/19/2019,76.47499510654542,
37,9/8/2019,63.109105830086996,
37,10/7/2019,61.63056673171543,
37,11/22/2019,45.41199653947385,
37,12/5/2019,42.16828250086856,
37,1/31/2020,35.680854423711814,
37,2/12/2020,29.19342634655507,
37,3/12/2020,35.680854423711814,
37,5/23/2020,61.63056673171543,
37,6/17/2020,48.65571058,
37,7/15/2020,69.98756703,
37,9/23/2020,74.60542288597509,
37,10/22/2020,44.06104700041095,
37,11/21/2020,61.63056673171543,
37,12/23/2020,,no intersection
37,1/23/2021,32.43714038510653,
37,2/7/2021,39.443191143770726,
37,3/16/2021,38.92456846226327,
37,4/14/2021,42.16828250086856,
37,5/7/2021,35.680854423711814,
37,5/23/2021,35.680854423711814,
37,6/6/2021,31.06299856707159,
37,8/17/2021,55.14313865450486,
37,9/11/2021,64.87428077026689,
37,9/30/2021,35.680854423711814,
37,10/11/2021,48.65571057734812,
37,11/11/2021,38.92456846226327,
37,12/9/2021,60.25642491362666,
37,1/12/2022,32.43714038510653,
37,2/11/2022,38.92456846226327,
37,3/5/2022,38.92456846226327,
37,4/26/2022,32.43714038516036,
37,5/17/2022,67.72696168672722,
37,7/15/2022,60.25642491362666,
37,9/5/2022,73.23128106794015,
37,9/16/2022,,no intersection
37,11/18/2022,57.995819570965196,
37,12/17/2022,58.38685269311014,
37,1/25/2023,32.43714038510653,
37,2/9/2023,,no intersection
37,6/18/2023,21.331856451363393,
37,7/28/2023,42.16828250086856,
37,9/7/2023,47.28156875999036,
37,10/6/2023,29.19342634655507,
37,11/7/2023,38.924568462317104,
370,5/6/2017,29.585691401778966,
370,6/5/2017,39.44758853593845,
370,8/2/2017,,no intersection
370,9/27/2017,72.32057898,
370,10/14/2017,39.44758853593845,
370,11/27/2017,32.872990446050174,
370,12/23/2017,36.16028949096775,
370,1/6/2018,31.606510155756297,
370,2/10/2018,55.88408375858723,
370,3/27/2018,27.32128708,
370,4/2/2018,46.02218662512724,
370,6/10/2018,36.16028949096775,
370,7/15/2018,72.32057898,
370,8/31/2018,75.67107530998788,
370,9/13/2018,85.46977516101256,
370,10/15/2018,69.03327994,
370,11/16/2018,59.17138280350481,
370,12/13/2018,29.585691401778966,
370,1/1/2019,,no intersection
370,2/22/2019,46.022186624427746,
370,4/30/2019,52.59678471431602,
370,5/20/2019,62.71845156871631,
370,6/18/2019,59.17138280350481,
370,7/17/2019,66.00575061,
370,8/19/2019,78.89517707182378,
370,9/8/2019,75.86764774709388,
370,10/7/2019,66.00575061,
370,11/22/2019,49.30948566939844,
370,12/5/2019,36.16028949096775,
370,1/31/2020,36.16028949096775,
370,2/12/2020,36.16028949096775,
370,3/12/2020,36.16028949096775,
370,5/23/2020,79.91807179762854,
370,6/17/2020,75.60787802685309,
370,7/15/2020,63.481576574227155,
370,9/23/2020,66.03950785309347,
370,10/22/2020,38.953019792389554,
370,11/21/2020,49.309485670044815,
370,12/23/2020,55.15471599318234,
370,1/23/2021,26.298392356808264,
370,2/7/2021,,no intersection
370,3/16/2021,49.309485670097935,
370,4/14/2021,30.843385150139213,
370,5/7/2021,32.87299044669654,
370,5/23/2021,59.17138280355793,
370,6/6/2021,59.17138280350481,
370,8/17/2021,52.59678471431602,
370,9/11/2021,62.45868184847551,
370,9/30/2021,19.723794268318972,
370,10/11/2021,23.01109331259018,
370,11/11/2021,38.94423325056217,
370,12/9/2021,56.906978485038366,
370,1/12/2022,9.861897133459994,
370,2/11/2022,3.2872990449175785,
370,3/5/2022,13.149196178430694,
370,4/26/2022,19.72379426761948,
370,5/17/2022,46.02218662512724,
370,7/15/2022,75.60787802685309,
370,9/5/2022,51.33030442402215,
370,9/16/2022,82.18247611609499,
370,11/18/2022,73.88058623262926,
370,12/17/2022,52.59678471431602,
370,1/25/2023,32.87299044669654,
370,2/9/2023,36.16028949096775,
370,6/18/2023,52.59678471361653,
370,7/28/2023,51.86741694821164,
370,9/7/2023,48.043005379104564,
370,10/6/2023,29.585691401778966,
370,11/7/2023,22.013169284364487,
371,5/6/2017,36.14347698712781,
371,6/5/2017,39.447588536319216,
371,8/2/2017,,no intersection
371,9/27/2017,72.83209245961667,
371,10/14/2017,42.73488758,
371,11/27/2017,36.16028949140164,
371,12/23/2017,39.447588536319216,
371,1/6/2018,46.022186625508006,
371,2/10/2018,52.59678471534316,
371,3/27/2018,32.87299044648406,
371,4/2/2018,46.022186625508006,
371,6/10/2018,41.753776055894875,
371,7/15/2018,62.45868184875003,
371,8/31/2018,79.55822748318816,
371,9/13/2018,80.71495403941174,
371,10/15/2018,82.18247611690964,
371,11/16/2018,65.74598089,
371,12/13/2018,32.85617794221024,
371,1/1/2019,75.60787802772086,
371,2/22/2019,55.88408375956125,
371,4/30/2019,52.59678471469679,
371,5/20/2019,62.45868184875003,
371,6/18/2019,56.42922224486917,
371,7/17/2019,72.32057898,
371,8/19/2019,82.18247611696276,
371,9/8/2019,75.60787802707449,
371,10/7/2019,59.71652128978675,
371,11/22/2019,46.022186625508006,
371,12/5/2019,23.011093313077186,
371,1/31/2020,36.16028949140164,
371,2/12/2020,36.688615472435735,
371,3/12/2020,42.734887580590424,
371,5/23/2020,75.60787802777398,
371,6/17/2020,69.03327994,
371,7/15/2020,65.74598089296812,
371,9/23/2020,65.74598089302124,
371,10/22/2020,32.87299044648406,
371,11/21/2020,53.14192320065108,
371,12/23/2020,68.78166840934762,
371,1/23/2021,36.16028949145476,
371,2/7/2021,,no intersection
371,3/16/2021,40.75585202697862,
371,4/14/2021,39.44758853561973,
371,5/7/2021,29.585691402265972,
371,5/23/2021,52.59678471464367,
371,6/6/2021,49.30948566972609,
371,8/17/2021,59.17138280383246,
371,9/11/2021,65.74598089372073,
371,9/30/2021,23.011093312430816,
371,10/11/2021,32.85617794221024,
371,11/11/2021,39.447588536319216,
371,12/9/2021,59.17138280383246,
371,1/12/2022,16.43649522324203,
371,2/11/2022,9.861897134106364,
371,3/5/2022,13.149196179023944,
371,4/26/2022,23.011093312430816,
371,5/17/2022,43.280026066544714,
371,7/15/2022,69.03327994,
371,9/5/2022,49.30948567042558,
371,9/16/2022,85.46977516112773,
371,11/18/2022,75.60787802777398,
371,12/17/2022,65.74598089296812,
371,1/25/2023,26.298392357295274,
371,2/9/2023,49.30948566972609,
371,6/18/2023,55.82088648,
371,7/28/2023,72.25738169870338,
371,9/7/2023,49.30948566977921,
371,10/6/2023,32.87299044648406,
371,11/7/2023,29.585691402265972,
372,5/6/2017,36.990796752595834,
372,6/5/2017,50.13999293172603,
372,8/2/2017,,no intersection
372,9/27/2017,75.60787802685309,
372,10/14/2017,52.59678471431602,
372,11/27/2017,42.80226983692015,
372,12/23/2017,42.73488758015654,
372,1/6/2018,55.88408375853411,
372,2/10/2018,53.42729197594411,
372,3/27/2018,23.01109331253706,
372,4/2/2018,49.309485670044815,
372,6/10/2018,39.44758853518584,
372,7/15/2018,62.45868184847551,
372,8/31/2018,85.46977516031308,
372,9/13/2018,85.46977516106568,
372,10/15/2018,82.18247611609499,
372,11/16/2018,59.17138280350481,
372,12/13/2018,39.14540725656623,
372,1/1/2019,80.71495404275834,
372,2/22/2019,59.17138280350481,
372,4/30/2019,57.108152491148665,
372,5/20/2019,59.17138280350481,
372,6/18/2019,59.17138280350481,
372,7/17/2019,72.32057898263498,
372,8/19/2019,88.75707420528377,
372,9/8/2019,78.89517707182378,
372,10/7/2019,69.03327994,
372,11/22/2019,42.43270630153693,
372,12/5/2019,23.01109331253706,
372,1/31/2020,32.87299044674966,
372,2/12/2020,19.723794268265852,
372,3/12/2020,36.16028949096775,
372,5/23/2020,72.32057898263498,
372,6/17/2020,64.05231411566756,
372,7/15/2020,59.17138280350481,
372,9/23/2020,69.03327994,
372,10/22/2020,39.44758853593845,
372,11/21/2020,53.42729197594411,
372,12/23/2020,72.32057898263498,
372,1/23/2021,39.44758853593845,
372,2/7/2021,,no intersection
372,3/16/2021,44.026338568728974,
372,4/14/2021,42.73488758015654,
372,5/7/2021,29.585691401778966,
372,5/23/2021,50.13999293172603,
372,6/6/2021,46.02218662512724,
372,8/17/2021,58.70178475834072,
372,9/11/2021,75.60787803,
372,9/30/2021,26.298392356808264,
372,10/11/2021,32.57080916737745,
372,11/11/2021,39.44758853588533,
372,12/9/2021,56.71459102091481,
372,1/12/2022,16.43649522334827,
372,2/11/2022,13.149196178430694,
372,3/5/2022,13.149196178430694,
372,4/26/2022,28.520385117542276,
372,5/17/2022,49.309485670044815,
372,7/15/2022,59.17138280350481,
372,9/5/2022,0,
372,9/16/2022,95.33167229447255,
372,11/18/2022,78.96255933,
372,12/17/2022,62.52606410453963,
372,1/25/2023,28.889948652872373,
372,2/9/2023,55.88408375928672,
372,6/18/2023,53.42729197594411,
372,7/28/2023,68.49629963573659,
372,9/7/2023,52.59678471431602,
372,10/6/2023,39.44758853518584,
372,11/7/2023,36.16028949096775,
373,5/6/2017,38.86003849,
373,6/5/2017,56.999959786309574,
373,8/2/2017,,no intersection
373,9/27/2017,72.32057898280328,
373,10/14/2017,42.734887580537304,
373,11/27/2017,42.734887580590424,
373,12/23/2017,36.688615472435735,
373,1/6/2018,46.022186625508006,
373,2/10/2018,50.42536169717391,
373,3/27/2018,23.011093313130306,
373,4/2/2018,46.197761584445765,
373,6/10/2018,36.16028949140164,
373,7/15/2018,62.45868184875003,
373,8/31/2018,80.01105309943989,
373,9/13/2018,76.72375405,
373,10/15/2018,75.60787802707449,
373,11/16/2018,50.42536169717391,
373,12/13/2018,42.734887580537304,
373,1/1/2019,85.46977516112773,
373,2/22/2019,52.59678471464367,
373,4/30/2019,47.13806265225633,
373,5/20/2019,49.30948566972609,
373,6/18/2019,52.59678471464367,
373,7/17/2019,69.03327994,
373,8/19/2019,82.18247611690964,
373,9/8/2019,78.89517707199207,
373,10/7/2019,63.574557875498364,
373,11/22/2019,,no intersection
373,12/5/2019,26.473967316286156,
373,1/31/2020,32.28544040076983,
373,2/12/2020,29.175317419063948,
373,3/12/2020,42.14733753487619,
373,5/23/2020,69.03327993793881,
373,6/17/2020,64.16050681839076,
373,7/15/2020,59.17138280377934,
373,9/23/2020,75.54865396239435,
373,10/22/2020,32.87299044648406,
373,11/21/2020,53.71266074139199,
373,12/23/2020,75.54865396239435,
373,1/23/2021,33.98886647393188,
373,2/7/2021,,no intersection
373,3/16/2021,42.14733753487619,
373,4/14/2021,36.16028949140164,
373,5/7/2021,29.585691402265972,
373,5/23/2021,39.447588536372336,
373,6/6/2021,42.14733753487619,
373,8/17/2021,62.45868184875003,
373,9/11/2021,75.96062904917082,
373,9/30/2021,25.710842311581043,
373,10/11/2021,46.197761584445765,
373,11/11/2021,44.02633857,
373,12/9/2021,63.574557875498364,
373,1/12/2022,13.149196179023944,
373,2/11/2022,6.574598089135666,
373,3/5/2022,11.03539612260675,
373,4/26/2022,36.16028949145476,
373,5/17/2022,43.85076360803824,
373,7/15/2022,52.59678471464367,
373,9/5/2022,,no intersection
373,9/16/2022,93.16024927776434,
373,11/18/2022,85.46977516182723,
373,12/17/2022,62.81143287084637,
373,1/25/2023,29.585691402265972,
373,2/9/2023,47.13806265225633,
373,6/18/2023,49.30948566972609,
373,7/28/2023,72.32057898280328,
373,9/7/2023,59.17138280383246,
373,10/6/2023,36.16028949140164,
373,11/7/2023,29.585691402265972,
374,5/6/2017,39.44758853523896,
374,6/5/2017,62.45868184852863,
374,8/2/2017,,no intersection
374,9/27/2017,75.26328518686206,
374,10/14/2017,42.73488758015654,
374,11/27/2017,43.388218769037586,
374,12/23/2017,39.33779471850293,
374,1/6/2018,46.02218662512724,
374,2/10/2018,49.30948566939844,
374,3/27/2018,29.585691401778966,
374,4/2/2018,54.76115452524158,
374,6/10/2018,26.298392356808264,
374,7/15/2018,58.70178475834072,
374,8/31/2018,73.72182378794348,
374,9/13/2018,75.60787803,
374,10/15/2018,65.74598089274672,
374,11/16/2018,53.25011590249758,
374,12/13/2018,42.73488758015654,
374,1/1/2019,95.39040023231695,
374,2/22/2019,49.309485670044815,
374,4/30/2019,55.88408375928672,
374,5/20/2019,42.73488758015654,
374,6/18/2019,55.88408375858723,
374,7/17/2019,74.48494879286106,
374,8/19/2019,81.05954688274934,
374,9/8/2019,80.71495404,
374,10/7/2019,59.17138280355793,
374,11/22/2019,28.46276216843332,
374,12/5/2019,19.72379426756636,
374,1/31/2020,26.298392356808264,
374,2/12/2020,29.585691401725846,
374,3/12/2020,44.899257391082095,
374,5/23/2020,69.03327994,
374,6/17/2020,62.45868184777602,
374,7/15/2020,53.25011590249758,
374,9/23/2020,75.26328518686206,
374,10/22/2020,36.16028949096775,
374,11/21/2020,46.675517813308794,
374,12/23/2020,69.03327993771742,
374,1/23/2021,36.16028949096775,
374,2/7/2021,,no intersection
374,3/16/2021,46.02218662512724,
374,4/14/2021,36.68861547397623,
374,5/7/2021,23.649213112281572,
374,5/23/2021,36.05049567423171,
374,6/6/2021,35.037360257622105,
374,8/17/2021,62.45868184782914,
374,9/11/2021,75.60787802685309,
374,9/30/2021,26.298392356808264,
374,10/11/2021,49.309485670044815,
374,11/11/2021,42.62509376,
374,12/9/2021,62.45868184847551,
374,1/12/2022,9.861897134159486,
374,2/11/2022,13.149196179130184,
374,3/5/2022,13.149196178377572,
374,4/26/2022,29.585691401778966,
374,5/17/2022,39.33779471850293,
374,7/15/2022,56.53741494746828,
374,9/5/2022,,no intersection
374,9/16/2022,92.04437325025448,
374,11/18/2022,76.24599783,
374,12/17/2022,59.17138280350481,
374,1/25/2023,36.05049567423171,
374,2/9/2023,55.88408375928672,
374,6/18/2023,52.59678471431602,
374,7/28/2023,72.32057898,
374,9/7/2023,54.776365913678625,
374,10/6/2023,39.44758853588533,
374,11/7/2023,26.93651215719915,
375,5/6/2017,48.91432308792294,
375,6/5/2017,57.570697327803096,
375,8/2/2017,,no intersection
375,9/27/2017,65.74598089372073,
375,10/14/2017,36.16028949145476,
375,11/27/2017,39.60795209385811,
375,12/23/2017,36.16028949140164,
375,1/6/2018,52.59678471469679,
375,2/10/2018,52.59678471464367,
375,3/27/2018,39.447588536319216,
375,4/2/2018,62.45868184875003,
375,6/10/2018,23.011093312430816,
375,7/15/2018,65.74598089302124,
375,8/31/2018,62.45868184875003,
375,9/13/2018,62.06007360967173,
375,10/15/2018,55.88408375961437,
375,11/16/2018,46.02218662480851,
375,12/13/2018,29.350892377948586,
375,1/1/2019,105.19356942998684,
375,2/22/2019,29.585691402265972,
375,4/30/2019,52.59678471464367,
375,5/20/2019,39.44758853567285,
375,6/18/2019,56.25204618241008,
375,7/17/2019,72.32057898280328,
375,8/19/2019,75.60787802707449,
375,9/8/2019,73.37723094492459,
375,10/7/2019,50.99609923861431,
375,11/22/2019,23.011093312377696,
375,12/5/2019,26.298392357348394,
375,1/31/2020,,no intersection
375,2/12/2020,21.85280572527618,
375,3/12/2020,37.846903059643495,
375,5/23/2020,72.24614352,
375,6/17/2020,65.74598089302124,
375,7/15/2020,49.30948566977921,
375,9/23/2020,72.32057898,
375,10/22/2020,30.509179965103225,
375,11/21/2020,46.39014904835684,
375,12/23/2020,65.74598089372073,
375,1/23/2021,31.714702859382545,
375,2/7/2021,,no intersection
375,3/16/2021,52.59678471469679,
375,4/14/2021,29.585691402212852,
375,5/7/2021,19.723794268159608,
375,5/23/2021,32.87299044648406,
375,6/6/2021,24.69770688131904,
375,8/17/2021,55.88408375956125,
375,9/11/2021,69.03327994,
375,9/30/2021,29.350892377948586,
375,10/11/2021,32.872990447183554,
375,11/11/2021,32.477827864680904,
375,12/9/2021,52.59678471464367,
375,1/12/2022,6.734961647374046,
375,2/11/2022,9.861897134106364,
375,3/5/2022,19.723794268159608,
375,4/26/2022,24.69770688131904,
375,5/17/2022,39.052425953869694,
375,7/15/2022,52.59678471469679,
375,9/5/2022,,no intersection
375,9/16/2022,85.46977516118085,
375,11/18/2022,72.32057898,
375,12/17/2022,58.70178475589717,
375,1/25/2023,26.458755915533654,
375,2/9/2023,39.447588536319216,
375,6/18/2023,39.447588536372336,
375,7/28/2023,66.03950785038433,
375,9/7/2023,51.364061661410034,
375,10/6/2023,29.585691402265972,
375,11/7/2023,25.14010477019376,
376,5/6/2017,42.73488758015654,
376,6/5/2017,55.88408375858723,
376,8/2/2017,,no intersection
376,9/27/2017,62.45868184777602,
376,10/14/2017,29.585691401778966,
376,11/27/2017,42.734887580856025,
376,12/23/2017,36.16028949166724,
376,1/6/2018,51.281468016793696,
376,2/10/2018,59.17138280355793,
376,3/27/2018,39.44758853593845,
376,4/2/2018,62.45868184847551,
376,6/10/2018,26.29839235750776,
376,7/15/2018,62.45868184847551,
376,8/31/2018,49.309485670097935,
376,9/13/2018,46.02218662512724,
376,10/15/2018,49.75521800561265,
376,11/16/2018,43.180619916370745,
376,12/13/2018,30.031423737293682,
376,1/1/2019,98.61897133944326,
376,2/22/2019,30.031423737293682,
376,4/30/2019,49.39207931683909,
376,5/20/2019,29.585691401778966,
376,6/18/2019,51.281468016793696,
376,7/17/2019,62.45868184852863,
376,8/19/2019,59.17138280355793,
376,9/8/2019,57.09294110041852,
376,10/7/2019,39.53018218,
376,11/22/2019,16.43649522340139,
376,12/5/2019,20.169526603833685,
376,1/31/2020,,no intersection
376,2/12/2020,20.169526603833685,
376,3/12/2020,41.41957088263422,
376,5/23/2020,58.70178475834072,
376,6/17/2020,58.61919111159956,
376,7/15/2020,52.59678471431602,
376,9/23/2020,75.45567265103874,
376,10/22/2020,36.16028949096775,
376,11/21/2020,46.02218662512724,
376,12/23/2020,53.04251704983074,
376,1/23/2021,19.723794268318972,
376,2/7/2021,,no intersection
376,3/16/2021,52.59678471436914,
376,4/14/2021,29.585691401725846,
376,5/7/2021,17.517012898315112,
376,5/23/2021,29.585691401778966,
376,6/6/2021,19.72379426761948,
376,8/17/2021,59.17138280350481,
376,9/11/2021,65.74598089,
376,9/30/2021,29.585691401725846,
376,10/11/2021,36.16028949096775,
376,11/11/2021,29.585691401778966,
376,12/9/2021,49.75521800561265,
376,1/12/2022,9.861897134159486,
376,2/11/2022,16.882227558862986,
376,3/5/2022,16.43649522334827,
376,4/26/2022,26.29839235750776,
376,5/17/2022,39.44758853523896,
376,7/15/2022,46.02218662512724,
376,9/5/2022,,no intersection
376,9/16/2022,76.21879765665582,
376,11/18/2022,62.45868184777602,
376,12/17/2022,59.17138280350481,
376,1/25/2023,32.87299044669654,
376,2/9/2023,36.16028949096775,
376,6/18/2023,39.44758853593845,
376,7/28/2023,65.74598089274672,
376,9/7/2023,52.59678471436914,
376,10/6/2023,32.872990446050174,
376,11/7/2023,23.01109331259018,
377,5/6/2017,39.447588536372336,
377,6/5/2017,49.869835557132376,
377,8/2/2017,,no intersection
377,9/27/2017,55.88408375961437,
377,10/14/2017,29.585691402265972,
377,11/27/2017,36.12826558572895,
377,12/23/2017,36.16028949145476,
377,1/6/2018,46.022186625508006,
377,2/10/2018,52.59678471464367,
377,3/27/2018,35.19438936815808,
377,4/2/2018,58.96860768588726,
377,6/10/2018,23.011093313130306,
377,7/15/2018,59.171382804531945,
377,8/31/2018,50.632960561784365,
377,9/13/2018,42.73488758,
377,10/15/2018,42.734887580590424,
377,11/16/2018,36.72063937810843,
377,12/13/2018,29.585691401566486,
377,1/1/2019,88.31950006383585,
377,2/22/2019,29.585691401566486,
377,4/30/2019,42.73488758128992,
377,5/20/2019,21.218020372437266,
377,6/18/2019,42.73488758128992,
377,7/17/2019,59.171382804531945,
377,8/19/2019,49.869835557132376,
377,9/8/2019,46.022186625508006,
377,10/7/2019,33.60409154616285,
377,11/22/2019,19.723794268159608,
377,12/5/2019,19.72379426821273,
377,1/31/2020,29.585691402265972,
377,2/12/2020,19.72379426821273,
377,3/12/2020,34.367216551461205,
377,5/23/2020,49.30948566972609,
377,6/17/2020,52.32996178465359,
377,7/15/2020,51.364061661410034,
377,9/23/2020,69.03327994,
377,10/22/2020,36.688615472435735,
377,11/21/2020,46.022186625508006,
377,12/23/2020,52.59678471469679,
377,1/23/2021,16.43649522394152,
377,2/7/2021,,no intersection
377,3/16/2021,52.59678471464367,
377,4/14/2021,26.298392357348394,
377,5/7/2021,16.43649522324203,
377,5/23/2021,31.90709032,
377,6/6/2021,22.01316928346144,
377,8/17/2021,50.04058676940488,
377,9/11/2021,59.902483903458126,
377,9/30/2021,20.454895367838397,
377,10/11/2021,20.454895367838397,
377,11/11/2021,19.723794268159608,
377,12/9/2021,50.04058676940488,
377,1/12/2022,13.149196178324452,
377,2/11/2022,9.861897134053244,
377,3/5/2022,23.011093312430816,
377,4/26/2022,14.675446188974293,
377,5/17/2022,,no intersection
377,7/15/2022,49.30948567042558,
377,9/5/2022,,no intersection
377,9/16/2022,75.93342889016338,
377,11/18/2022,66.47708199,
377,12/17/2022,59.17138280383246,
377,1/25/2023,32.67021532853886,
377,2/9/2023,29.585691401566486,
377,6/18/2023,39.447588536372336,
377,7/28/2023,60.49485769583761,
377,9/7/2023,57.207558651619514,
377,10/6/2023,29.585691402265972,
377,11/7/2023,26.298392357348394,
378,5/6/2017,39.44758853593845,
378,6/5/2017,46.02218662512724,
378,8/2/2017,,no intersection
378,9/27/2017,55.88408375858723,
378,10/14/2017,24.283998451680574,
378,11/27/2017,36.43527060258507,
378,12/23/2017,32.872990446050174,
378,1/6/2018,49.30948566934532,
378,2/10/2018,49.328031518880486,
378,3/27/2018,27.571297496651272,
378,4/2/2018,59.189928652340484,
378,6/10/2018,24.79068819510926,
378,7/15/2018,69.30826104863525,
378,8/31/2018,52.59678471431602,
378,9/13/2018,42.734887580856025,
378,10/15/2018,36.16028949096775,
378,11/16/2018,32.872990446050174,
378,12/13/2018,32.87299044669654,
378,1/1/2019,88.75707420533689,
378,2/22/2019,29.585691401778966,
378,4/30/2019,44.51448246272874,
378,5/20/2019,29.585691401778966,
378,6/18/2019,39.44758853523896,
378,7/17/2019,55.88408375858723,
378,8/19/2019,46.02218662512724,
378,9/8/2019,45.958989342417404,
378,10/7/2019,39.44758853523896,
378,11/22/2019,16.43649522264878,
378,12/5/2019,16.43649522334827,
378,1/31/2020,26.298392356808264,
378,2/12/2020,13.149196178430694,
378,3/12/2020,36.16028949096775,
378,5/23/2020,39.44758853593845,
378,6/17/2020,46.02218662512724,
378,7/15/2020,51.08908055261702,
378,9/23/2020,69.03327993771742,
378,10/22/2020,39.44758853593845,
378,11/21/2020,46.29716773604507,
378,12/23/2020,55.88408375858723,
378,1/23/2021,13.149196178430694,
378,2/7/2021,,no intersection
378,3/16/2021,52.59678471431602,
378,4/14/2021,13.149196178430694,
378,5/7/2021,13.149196178377572,
378,5/23/2021,27.571297496651272,
378,6/6/2021,22.013169284364487,
378,8/17/2021,46.02218662512724,
378,9/11/2021,59.17138280350481,
378,9/30/2021,29.585691401778966,
378,10/11/2021,19.72379426761948,
378,11/11/2021,19.72379426761948,
378,12/9/2021,46.02218662512724,
378,1/12/2022,13.149196178430694,
378,2/11/2022,9.861897134159486,
378,3/5/2022,26.298392356808264,
378,4/26/2022,14.928791060949779,
378,5/17/2022,,no intersection
378,7/15/2022,52.59678471431602,
378,9/5/2022,,no intersection
378,9/16/2022,75.60787803,
378,11/18/2022,65.74598089274672,
378,12/17/2022,55.88408375858723,
378,1/25/2023,23.01109331259018,
378,2/9/2023,29.585691401778966,
378,6/18/2023,47.801781507646325,
378,7/28/2023,65.74598089274672,
378,9/7/2023,53.634890830850935,
378,10/6/2023,29.585691401778966,
378,11/7/2023,29.585691401778966,
379,5/6/2017,36.16028949145476,
379,6/5/2017,,no intersection
379,8/2/2017,,no intersection
379,9/27/2017,72.32057898290952,
379,10/14/2017,29.585691401619606,
379,11/27/2017,36.16028949145476,
379,12/23/2017,32.87299044653718,
379,1/6/2018,52.59678471,
379,2/10/2018,59.171382804531945,
379,3/27/2018,38.988378143108626,
379,4/2/2018,62.45868184880315,
379,6/10/2018,29.810102770672167,
379,7/15/2018,72.32057898,
379,8/31/2018,42.734887580643544,
379,9/13/2018,42.734887580643544,
379,10/15/2018,26.298392357348394,
379,11/16/2018,32.87299044653718,
379,12/13/2018,26.298392357348394,
379,1/1/2019,75.60787803,
379,2/22/2019,26.298392357348394,
379,4/30/2019,42.734887580643544,
379,5/20/2019,36.16028949140164,
379,6/18/2019,40.74942717727012,
379,7/17/2019,59.17138280388558,
379,8/19/2019,49.30948566977921,
379,9/8/2019,36.16028949145476,
379,10/7/2019,37.46212813305204,
379,11/22/2019,25.839181964784178,
379,12/5/2019,9.861897134106364,
379,1/31/2020,32.87299044648406,
379,2/12/2020,13.149196179023944,
379,3/12/2020,48.85027528,
379,5/23/2020,38.988378143108626,
379,6/17/2020,52.59678471469679,
379,7/15/2020,49.30948566977921,
379,9/23/2020,65.74598089307436,
379,10/22/2020,36.16028949145476,
379,11/21/2020,52.59678471469679,
379,12/23/2020,46.022186625561126,
379,1/23/2021,13.149196179023944,
379,2/7/2021,,no intersection
379,3/16/2021,54.34744609380595,
379,4/14/2021,9.861897134106364,
379,5/7/2021,19.72379426821273,
379,5/23/2021,29.585691401619606,
379,6/6/2021,16.43649522324203,
379,8/17/2021,49.30948566977921,
379,9/11/2021,62.45868184880315,
379,9/30/2021,29.585691401619606,
379,10/11/2021,16.43649522394152,
379,11/11/2021,19.948205636618923,
379,12/9/2021,51.37444931672797,
379,1/12/2022,16.43649522324203,
379,2/11/2022,13.68790981526974,
379,3/5/2022,36.16028949145476,
379,4/26/2022,19.72379426821273,
379,5/17/2022,26.298392357348394,
379,7/15/2022,62.45868184880315,
379,9/5/2022,,no intersection
379,9/16/2022,67.04781953461851,
379,11/18/2022,63.974544203754284,
379,12/17/2022,46.022186625561126,
379,1/25/2023,19.723794267513238,
379,2/9/2023,32.87299044653718,
379,6/18/2023,46.022186625561126,
379,7/28/2023,59.17138280388558,
379,9/7/2023,51.364061661622515,
379,10/6/2023,36.16028949145476,
379,11/7/2023,29.585691401619606,
38,5/6/2017,22.647472949528094,
38,6/5/2017,,no intersection
38,8/2/2017,38.19138839057734,
38,9/27/2017,64.87428077002038,
38,10/14/2017,38.92456846190909,
38,11/27/2017,27.642808796545147,
38,12/23/2017,,no intersection
38,1/6/2018,15.777276458208137,
38,2/10/2018,55.143138654881696,
38,3/27/2018,58.613589039988355,
38,4/2/2018,64.87428077002038,
38,6/10/2018,61.63056673141509,
38,7/15/2018,48.65571057767112,
38,8/31/2018,51.89942461627641,
38,9/13/2018,59.63865544777972,
38,10/15/2018,61.63056673141509,
38,11/16/2018,51.750017218648736,
38,12/13/2018,42.16828250051438,
38,1/1/2019,38.92456846190909,
38,2/22/2019,22.70599826955983,
38,4/30/2019,55.143138654881696,
38,5/20/2019,35.680854423303806,
38,6/18/2019,55.143138654881696,
38,7/17/2019,64.87428077002038,
38,8/19/2019,81.09285096236964,
38,9/8/2019,71.36170884723096,
38,10/7/2019,64.87428077002038,
38,11/22/2019,48.65571057767112,
38,12/5/2019,44.23752273364679,
38,1/31/2020,35.680854423303806,
38,2/12/2020,32.437140384698516,
38,3/12/2020,35.97274076,
38,5/23/2020,64.28357963825158,
38,6/17/2020,58.38685269,
38,7/15/2020,74.60542288583625,
38,9/23/2020,74.60542288515906,
38,10/22/2020,48.65571057767112,
38,11/21/2020,60.45609292599605,
38,12/23/2020,,no intersection
38,1/23/2021,32.437140384698516,
38,2/7/2021,35.680854423303806,
38,3/16/2021,45.41199653911966,
38,4/14/2021,35.680854423303806,
38,5/7/2021,26.241598644624737,
38,5/23/2021,35.680854423303806,
38,6/6/2021,29.193426346716574,
38,8/17/2021,58.38685269,
38,9/11/2021,61.63056673141509,
38,9/30/2021,38.92456846185526,
38,10/11/2021,42.16828250046055,
38,11/11/2021,35.68085442324997,
38,12/9/2021,58.38685269,
38,1/12/2022,32.437140384698516,
38,2/11/2022,42.16828250046055,
38,3/5/2022,42.16828250046055,
38,4/26/2022,28.084102531309615,
38,5/17/2022,70.77100771546216,
38,7/15/2022,61.63056673141509,
38,9/5/2022,73.43094907974002,
38,9/16/2022,,no intersection
38,11/18/2022,61.63056673141509,
38,12/17/2022,61.63056673141509,
38,1/25/2023,29.19342634609323,
38,2/9/2023,,no intersection
38,6/18/2023,12.974856154421152,
38,7/28/2023,42.16828250046055,
38,9/7/2023,35.680854423303806,
38,10/6/2023,29.19342634609323,
38,11/7/2023,32.437140384698516,
380,5/6/2017,46.02218662512724,
380,6/5/2017,69.03327993771742,
380,8/2/2017,,no intersection
380,9/27/2017,72.32057898,
380,10/14/2017,29.35089237917036,
380,11/27/2017,36.16028949096775,
380,12/23/2017,32.87299044669654,
380,1/6/2018,49.309485670044815,
380,2/10/2018,63.81109024426243,
380,3/27/2018,32.872990445997054,
380,4/2/2018,70.38568833350433,
380,6/10/2018,23.01109331259018,
380,7/15/2018,75.60787803,
380,8/31/2018,42.73488758015654,
380,9/13/2018,42.73488758015654,
380,10/15/2018,29.585691401778966,
380,11/16/2018,39.44758853518584,
380,12/13/2018,34.46019786509207,
380,1/1/2019,78.89517707,
380,2/22/2019,19.72379426761948,
380,4/30/2019,41.79792095989794,
380,5/20/2019,36.16028949166724,
380,6/18/2019,42.73488758020966,
380,7/17/2019,52.59678471436914,
380,8/19/2019,52.59678471431602,
380,9/8/2019,42.97528772475247,
380,10/7/2019,36.16028949096775,
380,11/22/2019,29.524733994511365,
380,12/5/2019,13.149196178430694,
380,1/31/2020,23.01109331259018,
380,2/12/2020,9.861897134159486,
380,3/12/2020,45.848345009786236,
380,5/23/2020,32.87299044674966,
380,6/17/2020,53.29895231196601,
380,7/15/2020,62.45868184852863,
380,9/23/2020,70.26377351837588,
380,10/22/2020,41.79792095989794,
380,11/21/2020,49.30948566934532,
380,12/23/2020,49.30948566939844,
380,1/23/2021,16.43649522,
380,2/7/2021,,no intersection
380,3/16/2021,60.52379119934485,
380,4/14/2021,16.43649522334827,
380,5/7/2021,23.01109331253706,
380,5/23/2021,35.223322870709154,
380,6/6/2021,16.43649522340139,
380,8/17/2021,46.022186624427746,
380,9/11/2021,53.064153289410534,
380,9/30/2021,23.01109331259018,
380,10/11/2021,19.72379426761948,
380,11/11/2021,22.07412669163209,
380,12/9/2021,39.44758853588533,
380,1/12/2022,27.000559955157748,
380,2/11/2022,17.138662820998263,
380,3/5/2022,31.05098400504604,
380,4/26/2022,12.212229558172098,
380,5/17/2022,36.16028949096775,
380,7/15/2022,70.26377351837588,
380,9/5/2022,,no intersection
380,9/16/2022,69.03327994,
380,11/18/2022,52.59678471436914,
380,12/17/2022,46.02218662512724,
380,1/25/2023,21.311001686714498,
380,2/9/2023,27.76368496077483,
380,6/18/2023,42.73488758020966,
380,7/28/2023,59.17138280355793,
380,9/7/2023,49.309485670097935,
380,10/6/2023,29.585691401778966,
380,11/7/2023,20.42596186596896,
381,5/6/2017,49.30948566977921,
381,6/5/2017,67.68902973700656,
381,8/2/2017,,no intersection
381,9/27/2017,70.67105709623415,
381,10/14/2017,32.87299044648406,
381,11/27/2017,42.73488758,
381,12/23/2017,39.447588536319216,
381,1/6/2018,52.70831186298866,
381,2/10/2018,67.68902973700656,
381,3/27/2018,46.022186625508006,
381,4/2/2018,69.03327994,
381,6/10/2018,26.298392357348394,
381,7/15/2018,70.97632878122465,
381,8/31/2018,42.734887580590424,
381,9/13/2018,36.16028949140164,
381,10/15/2018,29.585691401566486,
381,11/16/2018,52.59678471464367,
381,12/13/2018,30.765615240253446,
381,1/1/2019,72.32057898,
381,2/22/2019,16.43649522324203,
381,4/30/2019,39.447588536319216,
381,5/20/2019,39.55911568396471,
381,6/18/2019,44.67793642392938,
381,7/17/2019,55.88408375961437,
381,8/19/2019,59.17138280383246,
381,9/8/2019,39.44758853567285,
381,10/7/2019,39.447588536319216,
381,11/22/2019,23.011093313130306,
381,12/5/2019,13.149196179023944,
381,1/31/2020,19.723794268159608,
381,2/12/2020,8.752445956792007,
381,3/12/2020,43.91481142,
381,5/23/2020,36.27181663904713,
381,6/17/2020,52.59678471464367,
381,7/15/2020,75.60787802707449,
381,9/23/2020,80.60342689106676,
381,10/22/2020,51.25253451306505,
381,11/21/2020,55.884083758914876,
381,12/23/2020,52.59678471534316,
381,1/23/2021,22.359495455424316,
381,2/7/2021,,no intersection
381,3/16/2021,59.171382804531945,
381,4/14/2021,16.43649522394152,
381,5/7/2021,26.298392357348394,
381,5/23/2021,29.585691401566486,
381,6/6/2021,19.723794267460118,
381,8/17/2021,46.022186625508006,
381,9/11/2021,58.70178475589717,
381,9/30/2021,23.011093313077186,
381,10/11/2021,23.011093312430816,
381,11/11/2021,16.43649522394152,
381,12/9/2021,39.44758853567285,
381,1/12/2022,19.723794268159608,
381,2/11/2022,28.934093544559985,
381,3/5/2022,32.87299044648406,
381,4/26/2022,19.723794267460118,
381,5/17/2022,36.688615472435735,
381,7/15/2022,65.74598089,
381,9/5/2022,,no intersection
381,9/16/2022,67.45423071,
381,11/18/2022,55.88408375956125,
381,12/17/2022,39.44758853567285,
381,1/25/2023,16.43649522324203,
381,2/9/2023,26.71519119068388,
381,6/18/2023,39.44758853561973,
381,7/28/2023,55.884083758914876,
381,9/7/2023,46.022186625508006,
381,10/6/2023,26.298392357295274,
381,11/7/2023,26.298392357295274,
382,5/6/2017,42.73488758128992,
382,6/5/2017,63.61870277,
382,8/2/2017,,no intersection
382,9/27/2017,66.90600181850478,
382,10/14/2017,46.022186625508006,
382,11/27/2017,36.16028949140164,
382,12/23/2017,39.447588536372336,
382,1/6/2018,55.884083758914876,
382,2/10/2018,69.03327993793881,
382,3/27/2018,47.94533255564353,
382,4/2/2018,69.03327993793881,
382,6/10/2018,23.011093313130306,
382,7/15/2018,73.37723094487147,
382,8/31/2018,52.59678471464367,
382,9/13/2018,42.73488758,
382,10/15/2018,27.69321230644983,
382,11/16/2018,59.17138280377934,
382,12/13/2018,32.872990447183554,
382,1/1/2019,69.03327993793881,
382,2/22/2019,13.149196179023944,
382,4/30/2019,39.447588536372336,
382,5/20/2019,36.29171955295005,
382,6/18/2019,49.30948567042558,
382,7/17/2019,52.59678471469679,
382,8/19/2019,62.45868184875003,
382,9/8/2019,36.16028949140164,
382,10/7/2019,36.16028949140164,
382,11/22/2019,29.350892377948586,
382,12/5/2019,19.723794268159608,
382,1/31/2020,23.011093312377696,
382,2/12/2020,23.011093313130306,
382,3/12/2020,52.59678471464367,
382,5/23/2020,42.734887580590424,
382,6/17/2020,46.022186625508006,
382,7/15/2020,75.60787802777398,
382,9/23/2020,79.29207299217724,
382,10/22/2020,52.59678471534316,
382,11/21/2020,61.59218788062958,
382,12/23/2020,55.884083758861756,
382,1/23/2021,19.723794268159608,
382,2/7/2021,,no intersection
382,3/16/2021,52.59678471469679,
382,4/14/2021,19.72379426821273,
382,5/7/2021,23.011093313130306,
382,5/23/2021,23.011093313130306,
382,6/6/2021,20.120690187645295,
382,8/17/2021,52.59678471464367,
382,9/11/2021,59.17138280377934,
382,9/30/2021,29.585691401513362,
382,10/11/2021,29.71712146306177,
382,11/11/2021,13.149196178271332,
382,12/9/2021,32.87299044648406,
382,1/12/2022,26.298392357348394,
382,2/11/2022,16.43649522324203,
382,3/5/2022,46.022186625454886,
382,4/26/2022,16.83339114342721,
382,5/17/2022,39.44758853561973,
382,7/15/2022,72.32057898280328,
382,9/5/2022,,no intersection
382,9/16/2022,61.32932775828537,
382,11/18/2022,52.59678471464367,
382,12/17/2022,48.44299170230513,
382,1/25/2023,19.723794267460118,
382,2/9/2023,39.447588536372336,
382,6/18/2023,33.26988636666924,
382,7/28/2023,56.28097967910006,
382,9/7/2023,44.89283253504334,
382,10/6/2023,28.45633731180131,
382,11/7/2023,32.50676136137088,
383,5/6/2017,39.44758853523896,
383,6/5/2017,68.6445422,
383,8/2/2017,,no intersection
383,9/27/2017,62.45868184852863,
383,10/14/2017,49.309485670097935,
383,11/27/2017,42.654027270885436,
383,12/23/2017,36.16028949166724,
383,1/6/2018,58.85572347097873,
383,2/10/2018,71.24179464449183,
383,3/27/2018,55.730145045949214,
383,4/2/2018,,no intersection
383,6/10/2018,28.668627683523866,
383,7/15/2018,75.60787803,
383,8/31/2018,46.02218662512724,
383,9/13/2018,42.73488758015654,
383,10/15/2018,29.35089237917036,
383,11/16/2018,69.03327994,
383,12/13/2018,36.07942918169665,
383,1/1/2019,72.32057898,
383,2/22/2019,9.861897133459994,
383,4/30/2019,32.872990446050174,
383,5/20/2019,42.734887580856025,
383,6/18/2019,49.30948566939844,
383,7/17/2019,49.30948566939844,
383,8/19/2019,65.74598089,
383,9/8/2019,42.734887580856025,
383,10/7/2019,36.16028949166724,
383,11/22/2019,25.381328638606288,
383,12/5/2019,23.01109331253706,
383,1/31/2020,23.01109331253706,
383,2/12/2020,36.00635077832974,
383,3/12/2020,62.45868184777602,
383,5/23/2020,46.02218662512724,
383,6/17/2020,46.02218662512724,
383,7/15/2020,65.74598089,
383,9/23/2020,88.75707420528377,
383,10/22/2020,51.36406166358797,
383,11/21/2020,61.306819106965435,
383,12/23/2020,49.309485670097935,
383,1/23/2021,19.723794268318972,
383,2/7/2021,,no intersection
383,3/16/2021,55.88408375928672,
383,4/14/2021,26.29839235750776,
383,5/7/2021,29.585691401778966,
383,5/23/2021,32.87299044669654,
383,6/6/2021,13.831460874024064,
383,8/17/2021,55.88408375928672,
383,9/11/2021,55.80322344931613,
383,9/30/2021,26.29839235750776,
383,10/11/2021,36.16028949096775,
383,11/11/2021,16.43649522334827,
383,12/9/2021,32.87299044669654,
383,1/12/2022,29.504831091808374,
383,2/11/2022,26.14445364417025,
383,3/5/2022,46.02218662512724,
383,4/26/2022,23.01109331253706,
383,5/17/2022,,no intersection
383,7/15/2022,,no intersection
383,9/5/2022,,no intersection
383,9/16/2022,72.32057898,
383,11/18/2022,52.59678471431602,
383,12/17/2022,48.15762292853474,
383,1/25/2023,16.43649522334827,
383,2/9/2023,36.769475783946824,
383,6/18/2023,29.585691401778966,
383,7/28/2023,59.17138280355793,
383,9/7/2023,46.02218662512724,
383,10/6/2023,32.87299044669654,
383,11/7/2023,29.504831091808374,
384,5/6/2017,42.734887580590424,
384,6/5/2017,72.32057898280328,
384,8/2/2017,,no intersection
384,9/27/2017,74.93377152281198,
384,10/14/2017,49.30948566972609,
384,11/27/2017,32.872990447183554,
384,12/23/2017,46.022186625508006,
384,1/6/2018,59.17138280383246,
384,2/10/2018,72.32057898,
384,3/27/2018,52.59678471469679,
384,4/2/2018,,no intersection
384,6/10/2018,23.011093312377696,
384,7/15/2018,85.43948459319068,
384,8/31/2018,51.922678210434285,
384,9/13/2018,36.688615472435735,
384,10/15/2018,36.16028949140164,
384,11/16/2018,69.03327993793881,
384,12/13/2018,33.077498902811286,
384,1/1/2019,59.17138280383246,
384,2/22/2019,14.116829639950035,
384,4/30/2019,36.16028949145476,
384,5/20/2019,42.734887580590424,
384,6/18/2019,51.364061661410034,
384,7/17/2019,53.56441817632238,
384,8/19/2019,61.78457534448753,
384,9/8/2019,49.30948566972609,
384,10/7/2019,39.447588536319216,
384,11/22/2019,32.433682966538946,
384,12/5/2019,23.011093313130306,
384,1/31/2020,29.350892377948586,
384,2/12/2020,29.585691402265972,
384,3/12/2020,62.45868184875003,
384,5/23/2020,49.633303195132456,
384,6/17/2020,55.444776278969755,
384,7/15/2020,65.74598089302124,
384,9/23/2020,83.15010957788886,
384,10/22/2020,62.45868184875003,
384,11/21/2020,53.56441817632238,
384,12/23/2020,47.10912915551324,
384,1/23/2021,29.585691402265972,
384,2/7/2021,,no intersection
384,3/16/2021,69.03327993793881,
384,4/14/2021,29.585691401566486,
384,5/7/2021,29.585691401566486,
384,5/23/2021,29.585691402265972,
384,6/6/2021,14.116829639950035,
384,8/17/2021,50.39642820048393,
384,9/11/2021,52.59678471464367,
384,9/30/2021,26.298392357348394,
384,10/11/2021,32.433682966538946,
384,11/11/2021,13.707812728048202,
384,12/9/2021,23.011093312377696,
384,1/12/2022,26.50290081367562,
384,2/11/2022,26.298392357348394,
384,3/5/2022,46.022186625508006,
384,4/26/2022,23.011093313130306,
384,5/17/2022,,no intersection
384,7/15/2022,59.171382804531945,
384,9/5/2022,,no intersection
384,9/16/2022,62.45868184875003,
384,11/18/2022,39.447588536319216,
384,12/17/2022,52.801293170970894,
384,1/25/2023,22.57178583,
384,2/9/2023,42.734887580590424,
384,6/18/2023,26.298392357348394,
384,7/28/2023,55.88408375961437,
384,9/7/2023,36.16028949140164,
384,10/6/2023,29.585691402265972,
384,11/7/2023,26.298392357348394,
385,5/6/2017,42.226840784100155,
385,6/5/2017,66.03950785314659,
385,8/2/2017,,no intersection
385,9/27/2017,82.18247611609499,
385,10/14/2017,59.17138280350481,
385,11/27/2017,23.01109331259018,
385,12/23/2017,49.309485670097935,
385,1/6/2018,61.95063505171963,
385,2/10/2018,62.45868184847551,
385,3/27/2018,52.59678471436914,
385,4/2/2018,,no intersection
385,6/10/2018,26.298392356808264,
385,7/15/2018,69.03327994,
385,8/31/2018,65.74598089274672,
385,9/13/2018,47.21602956810083,
385,10/15/2018,30.387265158934714,
385,11/16/2018,80.71495404,
385,12/13/2018,39.44758853523896,
385,1/1/2019,55.92253251012589,
385,2/22/2019,16.43649522334827,
385,4/30/2019,32.872990445997054,
385,5/20/2019,49.309485670097935,
385,6/18/2019,52.59678471431602,
385,7/17/2019,61.187510046102545,
385,8/19/2019,62.45868184847551,
385,9/8/2019,46.06063537596641,
385,10/7/2019,26.78826958897757,
385,11/22/2019,38.72291228116054,
385,12/5/2019,25.573716102782967,
385,1/31/2020,28.861015147700545,
385,2/12/2020,26.29839235750776,
385,3/12/2020,60.73608156557815,
385,5/23/2020,52.59678471431602,
385,6/17/2020,48.584809415320024,
385,7/15/2020,65.74598089274672,
385,9/23/2020,82.18247611609499,
385,10/22/2020,60.42438504053859,
385,11/21/2020,54.161483476389364,
385,12/23/2020,46.02218662512724,
385,1/23/2021,29.585691401778966,
385,2/7/2021,,no intersection
385,3/16/2021,62.45868184847551,
385,4/14/2021,20.760167047383835,
385,5/7/2021,26.298392356808264,
385,5/23/2021,35.43561323694245,
385,6/6/2021,24.04746609160192,
385,8/17/2021,46.02218662512724,
385,9/11/2021,49.30948566934532,
385,9/30/2021,26.78826958897757,
385,10/11/2021,32.87299044674966,
385,11/11/2021,10.135144907607264,
385,12/9/2021,13.149196178377572,
385,1/12/2022,29.585691401778966,
385,2/11/2022,23.01109331259018,
385,3/5/2022,49.30948566934532,
385,4/26/2022,27.33476513657262,
385,5/17/2022,,no intersection
385,7/15/2022,49.30948566934532,
385,9/5/2022,,no intersection
385,9/16/2022,58.97503253248799,
385,11/18/2022,32.87299044674966,
385,12/17/2022,59.17138280350481,
385,1/25/2023,29.585691401778966,
385,2/9/2023,42.73488758015654,
385,6/18/2023,23.01109331253706,
385,7/28/2023,55.88408375928672,
385,9/7/2023,42.734887580856025,
385,10/6/2023,39.44758853523896,
385,11/7/2023,32.14831419197175,
386,5/6/2017,29.585691402265972,
386,6/5/2017,56.40028874817919,
386,8/2/2017,,no intersection
386,9/27/2017,78.41345803169375,
386,10/14/2017,46.022186625508006,
386,11/27/2017,29.585691401566486,
386,12/23/2017,52.59678471464367,
386,1/6/2018,54.135155717063284,
386,2/10/2018,69.03327994,
386,3/27/2018,32.87299044648406,
386,4/2/2018,,no intersection
386,6/10/2018,26.298392357348394,
386,7/15/2018,69.03327994,
386,8/31/2018,82.18247611690964,
386,9/13/2018,34.152320440453494,
386,10/15/2018,36.16028949145476,
386,11/16/2018,65.74598089372073,
386,12/13/2018,33.64823644425169,
386,1/1/2019,55.88408375961437,
386,2/22/2019,21.262165270579228,
386,4/30/2019,34.387119464717756,
386,5/20/2019,55.884083758861756,
386,6/18/2019,44.273258583709534,
386,7/17/2019,53.1129897,
386,8/19/2019,65.74598089,
386,9/8/2019,62.97488683731486,
386,10/7/2019,36.16028949140164,
386,11/22/2019,42.734887580590424,
386,12/5/2019,29.350892377948586,
386,1/31/2020,28.57564638018096,
386,2/12/2020,23.011093312430816,
386,3/12/2020,60.70975380695157,
386,5/23/2020,59.17138280383246,
386,6/17/2020,55.63716374282771,
386,7/15/2020,59.17138280377934,
386,9/23/2020,83.72084711932926,
386,10/22/2020,59.171382804531945,
386,11/21/2020,53.37203071246442,
386,12/23/2020,39.447588536372336,
386,1/23/2021,29.585691402265972,
386,2/7/2021,,no intersection
386,3/16/2021,58.94870477268383,
386,4/14/2021,13.92444217609208,
386,5/7/2021,26.298392357295274,
386,5/23/2021,36.16028949140164,
386,6/6/2021,29.585691402265972,
386,8/17/2021,49.30948566972609,
386,9/11/2021,36.16028949145476,
386,9/30/2021,29.585691402265972,
386,10/11/2021,29.585691402265972,
386,11/11/2021,16.43649522394152,
386,12/9/2021,13.149196179023944,
386,1/12/2022,23.011093312430816,
386,2/11/2022,23.011093313130306,
386,3/5/2022,55.88408375961437,
386,4/26/2022,26.298392357348394,
386,5/17/2022,,no intersection
386,7/15/2022,52.59678471464367,
386,9/5/2022,,no intersection
386,9/16/2022,59.17138280377934,
386,11/18/2022,32.872990447183554,
386,12/17/2022,59.17138280383246,
386,1/25/2023,36.16028949145476,
386,2/9/2023,46.53839161407283,
386,6/18/2023,29.350892377948586,
386,7/28/2023,46.022186625508006,
386,9/7/2023,39.447588536372336,
386,10/6/2023,39.20066851958568,
386,11/7/2023,33.64823644425169,
387,5/6/2017,39.44758853593845,
387,6/5/2017,59.17138280350481,
387,8/2/2017,,no intersection
387,9/27/2017,78.19474281089123,
387,10/14/2017,46.02218662507412,
387,11/27/2017,23.01109331259018,
387,12/23/2017,49.30948566939844,
387,1/6/2018,69.03327994,
387,2/10/2018,62.68951806354448,
387,3/27/2018,26.29839235750776,
387,4/2/2018,,no intersection
387,6/10/2018,23.308583079830193,
387,7/15/2018,62.45868184847551,
387,8/31/2018,78.12808925866706,
387,9/13/2018,49.309485670044815,
387,10/15/2018,46.02218662512724,
387,11/16/2018,71.62014472170245,
387,12/13/2018,31.57757665058447,
387,1/1/2019,,no intersection
387,2/22/2019,23.476728550914128,
387,4/30/2019,26.764027595132212,
387,5/20/2019,52.827620930084485,
387,6/18/2019,55.88408375853411,
387,7/17/2019,62.45868184847551,
387,8/19/2019,75.60787802685309,
387,9/8/2019,62.45868184847551,
387,10/7/2019,36.16028949096775,
387,11/22/2019,41.43947378469083,
387,12/5/2019,29.585691401725846,
387,1/31/2020,28.29027760631326,
387,2/12/2020,16.43649522334827,
387,3/12/2020,55.88408375928672,
387,5/23/2020,69.03327993771742,
387,6/17/2020,55.35179496873861,
387,7/15/2020,56.11491997430257,
387,9/23/2020,85.46977516031308,
387,10/22/2020,55.88408375928672,
387,11/21/2020,57.64116998548362,
387,12/23/2020,46.022186624427746,
387,1/23/2021,23.01109331259018,
387,2/7/2021,,no intersection
387,3/16/2021,55.88408375928672,
387,4/14/2021,19.723794268318972,
387,5/7/2021,32.87299044669654,
387,5/23/2021,32.87299044669654,
387,6/6/2021,42.73488758020966,
387,8/17/2021,46.022186624427746,
387,9/11/2021,38.915299745390335,
387,9/30/2021,30.646306174636063,
387,10/11/2021,39.44758853588533,
387,11/11/2021,16.43649522,
387,12/9/2021,16.43649522,
387,1/12/2022,17.49710999620537,
387,2/11/2022,19.72379426761948,
387,3/5/2022,59.17138280355793,
387,4/26/2022,26.764027595132212,
387,5/17/2022,48.77719688,
387,7/15/2022,52.06449592,
387,9/5/2022,,no intersection
387,9/16/2022,78.12808925866706,
387,11/18/2022,36.16028949166724,
387,12/17/2022,62.45868184847551,
387,1/25/2023,32.87299044669654,
387,2/9/2023,46.022186624427746,
387,6/18/2023,26.298392356808264,
387,7/28/2023,42.73488758015654,
387,9/7/2023,36.16028949096775,
387,10/6/2023,38.915299745390335,
387,11/7/2023,30.646306174636063,
388,5/6/2017,42.319822085530724,
388,6/5/2017,68.61821444287912,
388,8/2/2017,,no intersection
388,9/27/2017,75.60787802777398,
388,10/14/2017,42.734887580590424,
388,11/27/2017,19.72379426821273,
388,12/23/2017,46.022186625508006,
388,1/6/2018,59.17138280383246,
388,2/10/2018,58.75631730877276,
388,3/27/2018,23.011093313077186,
388,4/2/2018,,no intersection
388,6/10/2018,26.88125089125807,
388,7/15/2018,55.469018263855176,
388,8/31/2018,72.32057898,
388,9/13/2018,45.841920154066194,
388,10/15/2018,44.02633857,
388,11/16/2018,59.17138280383246,
388,12/13/2018,32.87299044653718,
388,1/1/2019,,no intersection
388,2/22/2019,16.616761694683838,
388,4/30/2019,26.298392357295274,
388,5/20/2019,54.70589325855681,
388,6/18/2019,46.022186625508006,
388,7/17/2019,56.592676212090275,
388,8/19/2019,60.64310026165984,
388,9/8/2019,49.30948566972609,
388,10/7/2019,34.218973985745215,
388,11/22/2019,29.585691402265972,
388,12/5/2019,32.872990447183554,
388,1/31/2020,27.64437589655643,
388,2/12/2020,23.011093313077186,
388,3/12/2020,42.73488758128992,
388,5/23/2020,63.16727430122594,
388,6/17/2020,55.88408375956125,
388,7/15/2020,52.59678471464367,
388,9/23/2020,72.32057898,
388,10/22/2020,59.17138280383246,
388,11/21/2020,59.17138280377934,
388,12/23/2020,52.59678471469679,
388,1/23/2021,16.616761694683838,
388,2/7/2021,,no intersection
388,3/16/2021,52.59678471464367,
388,4/14/2021,19.723794267460118,
388,5/7/2021,29.585691401566486,
388,5/23/2021,40.793572074880885,
388,6/6/2021,32.45792495147748,
388,8/17/2021,44.08087111979846,
388,9/11/2021,42.734887580590424,
388,9/30/2021,26.298392357348394,
388,10/11/2021,29.585691402265972,
388,11/11/2021,19.723794268159608,
388,12/9/2021,14.675446188974293,
388,1/12/2022,23.011093312430816,
388,2/11/2022,21.069777806721273,
388,3/5/2022,55.88408375961437,
388,4/26/2022,29.350892377948586,
388,5/17/2022,49.30948566972609,
388,7/15/2022,49.30948567042558,
388,9/5/2022,,no intersection
388,9/16/2022,72.32057898,
388,11/18/2022,30.52908287835977,
388,12/17/2022,58.70178476,
388,1/25/2023,40.793572074880885,
388,2/9/2023,46.022186625508006,
388,6/18/2023,26.298392357295274,
388,7/28/2023,32.45792495147748,
388,9/7/2023,26.298392357348394,
388,10/6/2023,38.62993098,
388,11/7/2023,38.62993098,
389,5/6/2017,29.585691401778966,
389,6/5/2017,51.70396299,
389,8/2/2017,,no intersection
389,9/27/2017,65.74598089274672,
389,10/14/2017,36.68861547397623,
389,11/27/2017,23.669116012797698,
389,12/23/2017,51.36406166353485,
389,1/6/2018,59.17138280425742,
389,2/10/2018,39.44758853593845,
389,3/27/2018,29.35089237917036,
389,4/2/2018,,no intersection
389,6/10/2018,23.879320623457463,
389,7/15/2018,46.02218662512724,
389,8/31/2018,75.60787803,
389,9/13/2018,46.02218662512724,
389,10/15/2018,52.59678471431602,
389,11/16/2018,51.36406166353485,
389,12/13/2018,36.16028949166724,
389,1/1/2019,,no intersection
389,2/22/2019,20.38181697,
389,4/30/2019,13.149196178430694,
389,5/20/2019,36.16028949166724,
389,6/18/2019,51.70396299,
389,7/17/2019,61.565860125659384,
389,8/19/2019,62.45868184847551,
389,9/8/2019,48.969584341433396,
389,10/7/2019,31.217043718263337,
389,11/22/2019,31.006839107603568,
389,12/5/2019,34.504342763234035,
389,1/31/2020,29.585691401725846,
389,2/12/2020,31.217043718263337,
389,3/12/2020,36.16028949166724,
389,5/23/2020,69.03327993771742,
389,6/17/2020,52.467087997116984,
389,7/15/2020,54.99126204,
389,9/23/2020,69.03327993771742,
389,10/22/2020,56.30730743623926,
389,11/21/2020,62.45868184847551,
389,12/23/2020,49.309485670097935,
389,1/23/2021,18.06784753988576,
389,2/7/2021,,no intersection
389,3/16/2021,42.73488758015654,
389,4/14/2021,19.723794268318972,
389,5/7/2021,26.298392356808264,
389,5/23/2021,36.16028949166724,
389,6/6/2021,26.298392356808264,
389,8/17/2021,49.309485670097935,
389,9/11/2021,42.734887580856025,
389,9/30/2021,41.07894085242282,
389,10/11/2021,31.980168723880418,
389,11/11/2021,16.43649522334827,
389,12/9/2021,13.149196178377572,
389,1/12/2022,16.43649522334827,
389,2/11/2022,16.43649522334827,
389,3/5/2022,54.99126204,
389,4/26/2022,32.74329373,
389,5/17/2022,52.59678471431602,
389,7/15/2022,52.59678471431602,
389,9/5/2022,,no intersection
389,9/16/2022,68.14045821484817,
389,11/18/2022,26.956415057068906,
389,12/17/2022,65.74598089,
389,1/25/2023,42.734887580856025,
389,2/9/2023,42.73488758020966,
389,6/18/2023,26.298392356808264,
389,7/28/2023,26.298392356808264,
389,9/7/2023,35.26746776885112,
389,10/6/2023,36.16028949096775,
389,11/7/2023,36.16028949096775,
39,5/6/2017,15.350872107044188,
39,6/5/2017,,no intersection
39,8/2/2017,46.464131288265314,
39,9/27/2017,64.87428076996655,
39,10/14/2017,38.92456846185526,
39,11/27/2017,29.193426346039395,
39,12/23/2017,,no intersection
39,1/6/2018,26.81741039341636,
39,2/10/2018,58.81325704448943,
39,3/27/2018,55.143138654827865,
39,4/2/2018,61.63056673203844,
39,6/10/2018,61.28149133,
39,7/15/2018,51.550349213609316,
39,8/31/2018,58.81325704448943,
39,9/13/2018,61.63056673203844,
39,10/15/2018,62.056971083094716,
39,11/16/2018,52.32582896727886,
39,12/13/2018,38.92456846185526,
39,1/1/2019,39.35097281353489,
39,2/22/2019,22.705998269505997,
39,4/30/2019,51.550349213609316,
39,5/20/2019,35.68085442324997,
39,6/18/2019,51.899424616222575,
39,7/17/2019,64.87428076996655,
39,8/19/2019,77.84913692433386,
39,9/8/2019,71.36170884712328,
39,10/7/2019,58.38685269343315,
39,11/22/2019,51.899424616222575,
39,12/5/2019,42.16828250040671,
39,1/31/2020,35.68085442324997,
39,2/12/2020,35.68085442324997,
39,3/12/2020,35.68085442387331,
39,5/23/2020,64.87428076996655,
39,6/17/2020,58.38685269343315,
39,7/15/2020,78.27554127539014,
39,9/23/2020,78.27554127539014,
39,10/22/2020,51.550349213609316,
39,11/21/2020,55.143138654827865,
39,12/23/2020,,no intersection
39,1/23/2021,32.43714038526803,
39,2/7/2021,38.92456846180142,
39,3/16/2021,45.41199653906583,
39,4/14/2021,38.92456846185526,
39,5/7/2021,34.706048622439674,
39,5/23/2021,34.706048622439674,
39,6/6/2021,29.193426346716574,
39,8/17/2021,60.65576093055096,
39,9/11/2021,60.84019759444537,
39,9/30/2021,33.93056886877013,
39,10/11/2021,45.411996539011994,
39,11/11/2021,41.19347669959642,
39,12/9/2021,61.630566731361256,
39,1/12/2022,28.218620545906283,
39,2/11/2022,35.68085442324997,
39,3/5/2022,41.19347669959642,
39,4/26/2022,29.193426346716574,
39,5/17/2022,64.87428077064374,
39,7/15/2022,58.38685269343315,
39,9/5/2022,74.60542288572857,
39,9/16/2022,,no intersection
39,11/18/2022,61.630566731361256,
39,12/17/2022,58.386852692755966,
39,1/25/2023,29.285644678352106,
39,2/9/2023,,no intersection
39,6/18/2023,23.13240262056228,
39,7/28/2023,47.68090477680699,
39,9/7/2023,35.68085442324997,
39,10/6/2023,35.68085442324997,
39,11/7/2023,35.68085442324997,
390,5/6/2017,26.671046292648157,
390,6/5/2017,48.70203271080844,
390,8/2/2017,,no intersection
390,9/27/2017,55.88408375956125,
390,10/14/2017,32.87299044648406,
390,11/27/2017,29.585691402265972,
390,12/23/2017,55.88408375956125,
390,1/6/2018,62.45868184875003,
390,2/10/2018,42.12743462161965,
390,3/27/2018,19.723794268159608,
390,4/2/2018,,no intersection
390,6/10/2018,23.011093313077186,
390,7/15/2018,36.16028949140164,
390,8/31/2018,78.28772411302128,
390,9/13/2018,49.30948566972609,
390,10/15/2018,52.59678471464367,
390,11/16/2018,51.22620675037454,
390,12/13/2018,36.16028949140164,
390,1/1/2019,,no intersection
390,2/22/2019,23.011093312377696,
390,4/30/2019,19.116341308542463,
390,5/20/2019,36.16028949140164,
390,6/18/2019,49.30948566972609,
390,7/17/2019,59.171382804478824,
390,8/19/2019,62.45868184875003,
390,9/8/2019,58.56392984486168,
390,10/7/2019,32.87299044648406,
390,11/22/2019,29.585691402265972,
390,12/5/2019,32.87299044648406,
390,1/31/2020,29.585691401566486,
390,2/12/2020,32.87299044648406,
390,3/12/2020,34.78971153,
390,5/23/2020,65.74598089,
390,6/17/2020,46.022186625508006,
390,7/15/2020,48.684215576109594,
390,9/23/2020,60.07236272016631,
390,10/22/2020,55.88408375956125,
390,11/21/2020,67.66270197361656,
390,12/23/2020,52.734639625679165,
390,1/23/2021,19.723794268159608,
390,2/7/2021,,no intersection
390,3/16/2021,,no intersection
390,4/14/2021,21.640515348108558,
390,5/7/2021,26.298392357348394,
390,5/23/2021,32.87299044648406,
390,6/6/2021,26.78492350265397,
390,8/17/2021,42.734887580590424,
390,9/11/2021,42.734887580590424,
390,9/30/2021,46.022186625508006,
390,10/11/2021,29.585691402212852,
390,11/11/2021,23.011093313077186,
390,12/9/2021,15.065917258972894,
390,1/12/2022,16.43649522324203,
390,2/11/2022,19.723794268159608,
390,3/5/2022,49.30948567042558,
390,4/26/2022,39.44758853567285,
390,5/17/2022,46.022186625508006,
390,7/15/2022,55.884083758861756,
390,9/5/2022,,no intersection
390,9/16/2022,75.60787802707449,
390,11/18/2022,26.671046292648157,
390,12/17/2022,69.03327994,
390,1/25/2023,42.734887580590424,
390,2/9/2023,39.447588536319216,
390,6/18/2023,29.585691402265972,
390,7/28/2023,29.585691402265972,
390,9/7/2023,32.872990447183554,
390,10/6/2023,39.447588536319216,
390,11/7/2023,29.585691402212852,
391,5/6/2017,29.585691401778966,
391,6/5/2017,42.73488758015654,
391,8/2/2017,,no intersection
391,9/27/2017,52.59678471436914,
391,10/14/2017,23.01109331259018,
391,11/27/2017,35.07508030467444,
391,12/23/2017,44.17385243251735,
391,1/6/2018,54.035749566676834,
391,2/10/2018,36.68861547397623,
391,3/27/2018,22.01316928441761,
391,4/2/2018,,no intersection
391,6/10/2018,24.624628481891968,
391,7/15/2018,42.41280339948031,
391,8/31/2018,63.89764670083632,
391,9/13/2018,59.17138280355793,
391,10/15/2018,63.13452169521924,
391,11/16/2018,32.87299044669654,
391,12/13/2018,35.07508030467444,
391,1/1/2019,,no intersection
391,2/22/2019,29.35089237917036,
391,4/30/2019,13.149196178430694,
391,5/20/2019,,no intersection
391,6/18/2019,29.585691401778966,
391,7/17/2019,52.59678471436914,
391,8/19/2019,52.59678471436914,
391,9/8/2019,49.30948566939844,
391,10/7/2019,31.787781259703742,
391,11/22/2019,29.35089237917036,
391,12/5/2019,27.911927526809546,
391,1/31/2020,17.875460075709086,
391,2/12/2020,27.911927526809546,
391,3/12/2020,27.911927526809546,
391,5/23/2020,58.84929862212909,
391,6/17/2020,47.635721794429024,
391,7/15/2020,41.06112370524024,
391,9/23/2020,54.79887457229392,
391,10/22/2020,34.48652561605145,
391,11/21/2020,60.55011895025111,
391,12/23/2020,52.59678471436914,
391,1/23/2021,18.63858508127305,
391,2/7/2021,,no intersection
391,3/16/2021,41.649678393863226,
391,4/14/2021,17.875460075709086,
391,5/7/2021,25.976308176078916,
391,5/23/2021,29.585691401778966,
391,6/6/2021,26.298392356808264,
391,8/17/2021,39.44758853593845,
391,9/11/2021,41.649678393863226,
391,9/30/2021,41.649678393863226,
391,10/11/2021,23.01109331259018,
391,11/11/2021,19.72379426761948,
391,12/9/2021,12.063986992084262,
391,1/12/2022,16.43649522334827,
391,2/11/2022,19.72379426761948,
391,3/5/2022,46.02218662512724,
391,4/26/2022,37.01069965540507,
391,5/17/2022,47.635721794429024,
391,7/15/2022,55.88408375858723,
391,9/5/2022,,no intersection
391,9/16/2022,75.60787803,
391,11/18/2022,32.550906265320826,
391,12/17/2022,72.32057898,
391,1/25/2023,42.73488758015654,
391,2/9/2023,39.44758853593845,
391,6/18/2023,36.16028949096775,
391,7/28/2023,32.872990445997054,
391,9/7/2023,36.68861547397623,
391,10/6/2023,39.12550435450961,
391,11/7/2023,32.550906265320826,
392,5/6/2017,23.011093313130306,
392,6/5/2017,35.360449068572905,
392,8/2/2017,,no intersection
392,9/27/2017,46.022186625508006,
392,10/14/2017,29.585691402265972,
392,11/27/2017,32.872990447183554,
392,12/23/2017,36.16028949140164,
392,1/6/2018,52.59678471464367,
392,2/10/2018,39.447588536372336,
392,3/27/2018,19.723794268159608,
392,4/2/2018,,no intersection
392,6/10/2018,29.585691401566486,
392,7/15/2018,37.488455895264465,
392,8/31/2018,73.37723094487147,
392,9/13/2018,58.37154238100372,
392,10/15/2018,62.45868184875003,
392,11/16/2018,29.585691401566486,
392,12/13/2018,30.91385780607568,
392,1/1/2019,,no intersection
392,2/22/2019,42.734887580537304,
392,4/30/2019,14.675446188974293,
392,5/20/2019,,no intersection
392,6/18/2019,23.011093313130306,
392,7/17/2019,55.88408375961437,
392,8/19/2019,49.30948567,
392,9/8/2019,51.79694429186806,
392,10/7/2019,30.91385780607568,
392,11/22/2019,19.723794268159608,
392,12/5/2019,26.298392357295274,
392,1/31/2020,13.149196178324452,
392,2/12/2020,26.298392357295274,
392,3/12/2020,27.62655876,
392,5/23/2020,52.59678471469679,
392,6/17/2020,42.734887580590424,
392,7/15/2020,36.16028949145476,
392,9/23/2020,49.30948567,
392,10/22/2020,32.07315002365533,
392,11/21/2020,62.45868184875003,
392,12/23/2020,52.59678471464367,
392,1/23/2021,16.43649522324203,
392,2/7/2021,,no intersection
392,3/16/2021,36.16028949145476,
392,4/14/2021,23.011093312377696,
392,5/7/2021,23.011093312377696,
392,5/23/2021,26.298392357295274,
392,6/6/2021,23.011093313130306,
392,8/17/2021,45.222346202679276,
392,9/11/2021,30.91385780607568,
392,9/30/2021,38.25158090056283,
392,10/11/2021,29.350892377948586,
392,11/11/2021,25.498551934519664,
392,12/9/2021,13.149196179023944,
392,1/12/2022,16.43649522324203,
392,2/11/2022,22.01316928346144,
392,3/5/2022,46.02218662480851,
392,4/26/2022,42.734887580590424,
392,5/17/2022,55.88408375961437,
392,7/15/2022,59.171382804531945,
392,9/5/2022,,no intersection
392,9/16/2022,69.03327994,
392,11/18/2022,39.44758853561973,
392,12/17/2022,66.83934827321306,
392,1/25/2023,36.16028949140164,
392,2/9/2023,39.410873118142476,
392,6/18/2023,39.447588536372336,
392,7/28/2023,36.16028949145476,
392,9/7/2023,39.44758853561973,
392,10/6/2023,36.72533088991299,
392,11/7/2023,32.87299044648406,
393,5/6/2017,26.298392356808264,
393,6/5/2017,32.35851880114414,
393,8/2/2017,,no intersection
393,9/27/2017,42.73488758015654,
393,10/14/2017,33.91578807461105,
393,11/27/2017,26.29839235750776,
393,12/23/2017,38.16999188471585,
393,1/6/2018,49.309485670044815,
393,2/10/2018,41.25351116941692,
393,3/27/2018,19.723794268318972,
393,4/2/2018,,no intersection
393,6/10/2018,39.44758853588533,
393,7/15/2018,42.73488758090915,
393,8/31/2018,65.74598089274672,
393,9/13/2018,51.31918806314654,
393,10/15/2018,65.74598089274672,
393,11/16/2018,25.020795706338276,
393,12/13/2018,25.020795706338276,
393,1/1/2019,,no intersection
393,2/22/2019,39.44758853588533,
393,4/30/2019,15.189917835217257,
393,5/20/2019,,no intersection
393,6/18/2019,16.43649522334827,
393,7/17/2019,55.88408375858723,
393,8/19/2019,52.59678471431602,
393,9/8/2019,48.79501402449242,
393,10/7/2019,41.25351116941692,
393,11/22/2019,26.298392356808264,
393,12/5/2019,26.29839235750776,
393,1/31/2020,18.44619761709637,
393,2/12/2020,37.96621212514571,
393,3/12/2020,36.16028949096775,
393,5/23/2020,49.309485670097935,
393,6/17/2020,39.44758853593845,
393,7/15/2020,41.25351116941692,
393,9/23/2020,46.02218662512724,
393,10/22/2020,26.578064979805177,
393,11/21/2020,63.266680453781404,
393,12/23/2020,63.266680453781404,
393,1/23/2021,26.298392356808264,
393,2/7/2021,,no intersection
393,3/16/2021,32.35851880114414,
393,4/14/2021,36.68861547397623,
393,5/7/2021,15.189917835217257,
393,5/23/2021,29.865364024775875,
393,6/6/2021,19.209322622713454,
393,8/17/2021,41.25351116941692,
393,9/11/2021,39.44758853593845,
393,9/30/2021,46.02218662512724,
393,10/11/2021,32.872990445997054,
393,11/11/2021,23.01109331253706,
393,12/9/2021,13.149196178377572,
393,1/12/2022,6.574598089188786,
393,2/11/2022,19.723794268318972,
393,3/5/2022,39.69624189595002,
393,4/26/2022,47.03396499070276,
393,5/17/2022,63.47046021405104,
393,7/15/2022,59.17138280350481,
393,9/5/2022,,no intersection
393,9/16/2022,75.60787802685309,
393,11/18/2022,49.30948566939844,
393,12/17/2022,65.74598089,
393,1/25/2023,36.16028949096775,
393,2/9/2023,42.73488758020966,
393,6/18/2023,43.01456020315345,
393,7/28/2023,46.02218662512724,
393,9/7/2023,42.73488758020966,
393,10/6/2023,42.73488758015654,
393,11/7/2023,42.73488758020966,
394,5/6/2017,29.579995259336915,
394,6/5/2017,32.87299044653718,
394,8/2/2017,,no intersection
394,9/27/2017,23.011093312377696,
394,10/14/2017,26.298392357348394,
394,11/27/2017,25.30616447066171,
394,12/23/2017,32.87299044648406,
394,1/6/2018,34.404936599416594,
394,2/10/2018,45.79308374411968,
394,3/27/2018,23.011093313130306,
394,4/2/2018,,no intersection
394,6/10/2018,34.393544314204846,
394,7/15/2018,47.542740493228784,
394,8/31/2018,59.17138280383246,
394,9/13/2018,45.029958738821314,
394,10/15/2018,59.171382804531945,
394,11/16/2018,25.30616447066171,
394,12/13/2018,19.72379426821273,
394,1/1/2019,,no intersection
394,2/22/2019,,no intersection
394,4/30/2019,19.72379426821273,
394,5/20/2019,,no intersection
394,6/18/2019,19.72379426821273,
394,7/17/2019,59.17138280383246,
394,8/19/2019,52.59678471469679,
394,9/8/2019,39.447588536319216,
394,10/7/2019,42.734887580590424,
394,11/22/2019,19.723794268159608,
394,12/5/2019,27.055821219717696,
394,1/31/2020,19.723794268159608,
394,2/12/2020,34.393544314204846,
394,3/12/2020,29.585691401566486,
394,5/23/2020,49.30948567042558,
394,6/17/2020,39.447588536372336,
394,7/15/2020,44.25544144831121,
394,9/23/2020,52.59678471469679,
394,10/22/2020,29.350892377948586,
394,11/21/2020,59.17138280383246,
394,12/23/2020,62.45868184875003,
394,1/23/2021,26.298392357348394,
394,2/7/2021,,no intersection
394,3/16/2021,36.16028949145476,
394,4/14/2021,46.022186625508006,
394,5/7/2021,19.72379426821273,
394,5/23/2021,32.87299044648406,
394,6/6/2021,23.011093313130306,
394,8/17/2021,49.30948566977921,
394,9/11/2021,44.25544144831121,
394,9/30/2021,52.59678471469679,
394,10/11/2021,36.16028949145476,
394,11/11/2021,29.579995259336915,
394,12/9/2021,26.06928947596007,
394,1/12/2022,3.516401926305904,
394,2/11/2022,29.585691402265972,
394,3/5/2022,39.447588536372336,
394,4/26/2022,39.44758853561973,
394,5/17/2022,54.117338582364454,
394,7/15/2022,62.45868184875003,
394,9/5/2022,,no intersection
394,9/16/2022,69.03327994,
394,11/18/2022,50.83003953814636,
394,12/17/2022,59.17138280383246,
394,1/25/2023,32.87299044653718,
394,2/9/2023,36.16028949140164,
394,6/18/2023,49.30948566977921,
394,7/28/2023,49.30948566977921,
394,9/7/2023,36.69431161,
394,10/6/2023,36.16028949140164,
394,11/7/2023,36.69431161,
395,5/6/2017,26.298392356808264,
395,6/5/2017,39.44758853523896,
395,8/2/2017,,no intersection
395,9/27/2017,40.682773628029636,
395,10/14/2017,26.29839235750776,
395,11/27/2017,26.770452443981856,
395,12/23/2017,32.87299044674966,
395,1/6/2018,23.01109331259018,
395,2/10/2018,47.25737171721842,
395,3/27/2018,26.298392356808264,
395,4/2/2018,,no intersection
395,6/10/2018,27.53357744959894,
395,7/15/2018,55.88408375858723,
395,8/31/2018,39.44758853518584,
395,9/13/2018,41.44589863359359,
395,10/15/2018,52.59678471431602,
395,11/16/2018,23.01109331253706,
395,12/13/2018,23.01109331259018,
395,1/1/2019,,no intersection
395,2/22/2019,39.44758853593845,
395,4/30/2019,25.24420243285393,
395,5/20/2019,,no intersection
395,6/18/2019,22.01316928441761,
395,7/17/2019,55.940349655121615,
395,8/19/2019,55.940349655121615,
395,9/8/2019,46.02218662512724,
395,10/7/2019,48.02049672,
395,11/22/2019,19.72379426761948,
395,12/5/2019,28.87883229199677,
395,1/31/2020,16.43649522334827,
395,2/12/2020,32.16613133696747,
395,3/12/2020,25.24420243285393,
395,5/23/2020,53.41617561571488,
395,6/17/2020,46.022186624427746,
395,7/15/2020,51.36406166358797,
395,9/23/2020,49.36575157,
395,10/22/2020,26.298392356808264,
395,11/21/2020,55.88408375858723,
395,12/23/2020,59.227648699339696,
395,1/23/2021,29.585691401778966,
395,2/7/2021,,no intersection
395,3/16/2021,36.16028949096775,
395,4/14/2021,47.25737171721842,
395,5/7/2021,19.72379426756636,
395,5/23/2021,33.692381348095395,
395,6/6/2021,26.298392356808264,
395,8/17/2021,52.59678471431602,
395,9/11/2021,39.50385443177334,
395,9/30/2021,52.65305061015091,
395,10/11/2021,40.682773628029636,
395,11/11/2021,26.35465825334265,
395,12/9/2021,23.01109331259018,
395,1/12/2022,9.861897133459994,
395,2/11/2022,25.24420243285393,
395,3/5/2022,25.24420243285393,
395,4/26/2022,39.44758853593845,
395,5/17/2022,64.45699194618378,
395,7/15/2022,59.17138280355793,
395,9/5/2022,,no intersection
395,9/16/2022,59.17138280350481,
395,11/18/2022,52.59678471431602,
395,12/17/2022,59.17138280355793,
395,1/25/2023,42.73488758020966,
395,2/9/2023,32.872990446050174,
395,6/18/2023,49.78154575657204,
395,7/28/2023,46.494246711601335,
395,9/7/2023,29.585691401725846,
395,10/6/2023,29.585691401725846,
395,11/7/2023,40.26697943728418,
396,5/6/2017,18.058817515049235,
396,6/5/2017,43.802304311785974,
396,8/2/2017,,no intersection
396,9/27/2017,53.41420994027943,
396,10/14/2017,21.670581018211152,
396,11/27/2017,26.356093700479796,
396,12/23/2017,39.72939853321204,
396,1/6/2018,21.670581018211152,
396,2/10/2018,54.17645254509936,
396,3/27/2018,26.93767610779738,
396,4/2/2018,,no intersection
396,6/10/2018,35.35539242523019,
396,7/15/2018,57.788216048261276,
396,8/31/2018,52.92204316849029,
396,9/13/2018,40.74292764677033,
396,10/15/2018,51.51799808989895,
396,11/16/2018,22.252163425528735,
396,12/13/2018,29.967857203641707,
396,1/1/2019,,no intersection
396,2/22/2019,48.48781699405462,
396,4/30/2019,18.058817515049235,
396,5/20/2019,,no intersection
396,6/18/2019,36.117635030050124,
396,7/17/2019,54.17645254509936,
396,8/19/2019,62.35328859857601,
396,9/8/2019,43.341162036422304,
396,10/7/2019,43.341162036422304,
396,11/22/2019,26.93767610779738,
396,12/5/2019,28.192085485263487,
396,1/31/2020,25.282344521421415,
396,2/12/2020,36.11763503090716,
396,3/12/2020,26.476533832433702,
396,5/23/2020,53.41420994027943,
396,6/17/2020,53.41420994027943,
396,7/15/2020,54.17645254509936,
396,9/23/2020,54.17645254509936,
396,10/22/2020,32.505871527793595,
396,11/21/2020,54.69781488686851,
396,12/23/2020,54.17645254509936,
396,1/23/2021,40.80314771231877,
396,2/7/2021,,no intersection
396,3/16/2021,32.505871527793595,
396,4/14/2021,45.63829609656967,
396,5/7/2021,25.74348679678509,
396,5/23/2021,32.50587152688821,
396,6/6/2021,32.505871527793595,
396,8/17/2021,46.95292553872718,
396,9/11/2021,38.414769090197495,
396,9/30/2021,51.57821815544739,
396,10/11/2021,51.57821815544739,
396,11/11/2021,31.19124208387366,
396,12/9/2021,28.894108023726293,
396,1/12/2022,15.701463389353432,
396,2/11/2022,25.282344521421415,
396,3/5/2022,18.058817515049235,
396,4/26/2022,36.11763503009847,
396,5/17/2022,58.80174516181957,
396,7/15/2022,50.56468904279448,
396,9/5/2022,,no intersection
396,9/16/2022,43.341162036422304,
396,11/18/2022,46.95292553872718,
396,12/17/2022,54.17645254509936,
396,1/25/2023,35.415612490778635,
396,2/9/2023,28.894108023726293,
396,6/18/2023,50.56468904279448,
396,7/28/2023,46.95292553963257,
396,9/7/2023,31.86406905402219,
396,10/6/2023,26.476533832433702,
396,11/7/2023,28.894108023726293,
397,5/6/2017,25.455844122880347,
397,6/5/2017,46.66904755761243,
397,8/2/2017,,no intersection
397,9/27/2017,,no intersection
397,10/14/2017,28.41744781596368,
397,11/27/2017,26.736881116134274,
397,12/23/2017,39.46480317757445,
397,1/6/2018,12.427273940001866,
397,2/10/2018,,no intersection
397,3/27/2018,46.66904755765359,
397,4/2/2018,,no intersection
397,6/10/2018,29.69848481020543,
397,7/15/2018,72.12489168053393,
397,8/31/2018,46.66904755761243,
397,9/13/2018,43.707443864817215,
397,10/15/2018,50.911688244772876,
397,11/16/2018,33.94112549621342,
397,12/13/2018,38.18376618,
397,1/1/2019,,no intersection
397,2/22/2019,38.18376618,
397,4/30/2019,35.22216249024937,
397,5/20/2019,,no intersection
397,6/18/2019,29.698484809052974,
397,7/17/2019,67.88225099337349,
397,8/19/2019,69.16328798777987,
397,9/8/2019,59.39696961909377,
397,10/7/2019,38.18376618,
397,11/22/2019,28.41744781596368,
397,12/5/2019,22.494240428973832,
397,1/31/2020,24.174807128844396,
397,2/12/2020,,no intersection
397,3/12/2020,16.97056274757164,
397,5/23/2020,,no intersection
397,6/17/2020,67.88225099337349,
397,7/15/2020,60.67800661333551,
397,9/23/2020,50.911688244772876,
397,10/22/2020,42.42640687172792,
397,11/21/2020,72.12489168049278,
397,12/23/2020,42.42640687045199,
397,1/23/2021,33.941125497365874,
397,2/7/2021,,no intersection
397,3/16/2021,41.14536987756849,
397,4/14/2021,28.41744781596368,
397,5/7/2021,39.464803177450975,
397,5/23/2021,42.426406870493146,
397,6/6/2021,43.40679574313195,
397,8/17/2021,46.66904755761243,
397,9/11/2021,42.426406870493146,
397,9/30/2021,29.69848481020543,
397,10/11/2021,41.14536987740386,
397,11/11/2021,33.94112549617226,
397,12/9/2021,22.494240428973832,
397,1/12/2022,15.689525755593642,
397,2/11/2022,16.970562748724095,
397,3/5/2022,21.213203434732087,
397,4/26/2022,33.941125497365874,
397,5/17/2022,58.11593262608679,
397,7/15/2022,56.435365926175066,
397,9/5/2022,,no intersection
397,9/16/2022,43.70744386473489,
397,11/18/2022,50.911688244772876,
397,12/17/2022,46.66904755761243,
397,1/25/2023,35.22216249041401,
397,2/9/2023,32.660088503165284,
397,6/18/2023,,no intersection
397,7/28/2023,53.87329193900866,
397,9/7/2023,30.979521803212403,
397,10/6/2023,26.73688111605196,
397,11/7/2023,26.73688111605196,
398,5/6/2017,21.21320344,
398,6/5/2017,50.91168824481404,
398,8/2/2017,,no intersection
398,9/27/2017,,no intersection
398,10/14/2017,25.45584412189253,
398,11/27/2017,33.941125497242396,
398,12/23/2017,45.52367767986548,
398,1/6/2018,,no intersection
398,2/10/2018,,no intersection
398,3/27/2018,50.91168824481404,
398,4/2/2018,,no intersection
398,6/10/2018,33.941125497489345,
398,7/15/2018,70.97952180278699,
398,8/31/2018,45.52367768093561,
398,9/13/2018,42.42640687,
398,10/15/2018,46.66904756,
398,11/16/2018,28.553114932170363,
398,12/13/2018,35.08649537535978,
398,1/1/2019,,no intersection
398,2/22/2019,33.94112549621342,
398,4/30/2019,33.94112549621342,
398,5/20/2019,,no intersection
398,6/18/2019,32.79575561826067,
398,7/17/2019,64.78498018564753,
398,8/19/2019,76.36753236934075,
398,9/8/2019,60.54233949848708,
398,10/7/2019,45.52367767978316,
398,11/22/2019,26.60121400103889,
398,12/5/2019,24.310474243939783,
398,1/31/2020,30.843854688240494,
398,2/12/2020,,no intersection
398,3/12/2020,16.97056275,
398,5/23/2020,,no intersection
398,6/17/2020,72.12489168061626,
398,7/15/2020,60.54233949848708,
398,9/23/2020,50.91168824485519,
398,10/22/2020,39.32913606268486,
398,11/21/2020,63.63961030633653,
398,12/23/2020,50.91168824485519,
398,1/23/2021,33.94112549621342,
398,2/7/2021,,no intersection
398,3/16/2021,38.18376618337386,
398,4/14/2021,24.310474245009917,
398,5/7/2021,45.523677679659684,
398,5/23/2021,46.66904755769475,
398,6/6/2021,46.66904755769475,
398,8/17/2021,49.766318367025924,
398,9/11/2021,50.91168824485519,
398,9/30/2021,29.698484809052974,
398,10/11/2021,37.03839630546228,
398,11/11/2021,37.03839630546228,
398,12/9/2021,45.52367767982432,
398,1/12/2022,21.213203434773245,
398,2/11/2022,22.358573313960765,
398,3/5/2022,32.79575561826067,
398,4/26/2022,30.84385468832281,
398,5/17/2022,70.97952180278699,
398,7/15/2022,67.88225099345581,
398,9/5/2022,,no intersection
398,9/16/2022,,no intersection
398,11/18/2022,50.91168824485519,
398,12/17/2022,42.42640687053431,
398,1/25/2023,35.08649537535978,
398,2/9/2023,38.18376618337386,
398,6/18/2023,,no intersection
398,7/28/2023,55.154328933415044,
398,9/7/2023,38.183766183415024,
398,10/6/2023,26.60121400116237,
398,11/7/2023,30.84385468832281,
4,5/6/2017,21.594205162007736,
4,6/5/2017,,no intersection
4,8/2/2017,45.19990844362505,
4,9/27/2017,,no intersection
4,10/14/2017,34.56906132,
4,11/27/2017,,no intersection
4,12/23/2017,,no intersection
4,1/6/2018,33.16785116,
4,2/10/2018,22.70599826955983,
4,3/27/2018,38.92456846190909,
4,4/2/2018,42.16828250051438,
4,6/10/2018,48.65571057767112,
4,7/15/2018,61.63056673141509,
4,8/31/2018,74.60542289,
4,9/13/2018,70.99774406201736,
4,10/15/2018,61.63056673141509,
4,11/16/2018,55.14313865425835,
4,12/13/2018,26.680423086620724,
4,1/1/2019,29.193426346716574,
4,2/22/2019,31.554552916416274,
4,4/30/2019,39.21398550622357,
4,5/20/2019,51.89942461559923,
4,6/18/2019,41.056489392962284,
4,7/17/2019,61.83679235885788,
4,8/19/2019,48.65571057704778,
4,9/8/2019,45.41199653911966,
4,10/7/2019,57.275059585311546,
4,11/22/2019,37.812775354356994,
4,12/5/2019,32.43714038532187,
4,1/31/2020,38.92456846190909,
4,2/12/2020,32.43714038532187,
4,3/12/2020,41.056489392962284,
4,5/23/2020,51.89942461559923,
4,6/17/2020,,no intersection
4,7/15/2020,67.00620170107358,
4,9/23/2020,71.36170884660761,
4,10/22/2020,34.067556175888775,
4,11/21/2020,48.65571057704778,
4,12/23/2020,,no intersection
4,1/23/2021,22.705998269505997,
4,2/7/2021,22.70599826955983,
4,3/16/2021,16.218570192349258,
4,4/14/2021,32.43714038532187,
4,5/7/2021,29.92413712522601,
4,5/23/2021,55.143138654881696,
4,6/6/2021,34.067556175888775,
4,8/17/2021,42.16828250051438,
4,9/11/2021,48.65571057704778,
4,9/30/2021,38.92456846190909,
4,10/11/2021,32.437140384698516,
4,11/11/2021,29.19342634609323,
4,12/9/2021,32.437140384698516,
4,1/12/2022,22.705998269505997,
4,2/11/2022,22.70599826955983,
4,3/5/2022,25.94971230816512,
4,4/26/2022,22.705998269505997,
4,5/17/2022,35.68085442324997,
4,7/15/2022,25.94971230748794,
4,9/5/2022,42.16828250051438,
4,9/16/2022,,no intersection
4,11/18/2022,51.89942461627641,
4,12/17/2022,51.89942461627641,
4,1/25/2023,25.949712308111287,
4,2/9/2023,,no intersection
4,6/18/2023,38.92456846190909,
4,7/28/2023,65.62210909235888,
4,9/7/2023,55.873849433391136,
4,10/6/2023,42.16828250051438,
4,11/7/2023,33.16785116,
40,5/6/2017,22.70599826939833,
40,6/5/2017,,no intersection
40,8/2/2017,45.41199653879666,
40,9/27/2017,68.11799480881834,
40,10/14/2017,38.924568462317104,
40,11/27/2017,22.70599826939833,
40,12/23/2017,,no intersection
40,1/6/2018,35.680854423711814,
40,2/10/2018,51.89942461663058,
40,3/27/2018,57.83810929190342,
40,4/2/2018,55.14313865518204,
40,6/10/2018,58.38685269378733,
40,7/15/2018,55.14313865518204,
40,8/31/2018,55.14313865518204,
40,9/13/2018,62.25663907969632,
40,10/15/2018,61.63056673171543,
40,11/16/2018,47.33182937,
40,12/13/2018,35.680854423711814,
40,1/1/2019,31.66200258154384,
40,2/22/2019,19.462284230846876,
40,4/30/2019,51.89942461663058,
40,5/20/2019,42.794354848849444,
40,6/18/2019,54.59439525335196,
40,7/17/2019,71.36170884742363,
40,8/19/2019,84.33656500173711,
40,9/8/2019,71.36170884742363,
40,10/7/2019,61.63056673171543,
40,11/22/2019,51.89942461663058,
40,12/5/2019,45.41199653942001,
40,1/31/2020,38.92456846226327,
40,2/12/2020,38.92456846226327,
40,3/12/2020,32.43714038516036,
40,5/23/2020,64.87428077026689,
40,6/17/2020,64.87428077026689,
40,7/15/2020,75.23149523,
40,9/23/2020,78.47520927256126,
40,10/22/2020,46.03806888745473,
40,11/21/2020,55.14313865450486,
40,12/23/2020,,no intersection
40,1/23/2021,32.43714038516036,
40,2/7/2021,42.16828250086856,
40,3/16/2021,48.65571058,
40,4/14/2021,42.16828250086856,
40,5/7/2021,25.94971230800362,
40,5/23/2021,42.16828250086856,
40,6/6/2021,29.19342634655507,
40,8/17/2021,61.63056673171543,
40,9/11/2021,61.630566731661595,
40,9/30/2021,34.90571662,
40,10/11/2021,48.65571058,
40,11/11/2021,38.924568462317104,
40,12/9/2021,64.87428077026689,
40,1/12/2022,29.19342634655507,
40,2/11/2022,32.43714038516036,
40,3/5/2022,38.924568462317104,
40,4/26/2022,32.43714038516036,
40,5/17/2022,64.87428077026689,
40,7/15/2022,62.48303348215995,
40,9/5/2022,74.60542288602892,
40,9/16/2022,,no intersection
40,11/18/2022,64.87428077026689,
40,12/17/2022,61.630566731661595,
40,1/25/2023,32.43714038516036,
40,2/9/2023,,no intersection
40,6/18/2023,19.462284230846876,
40,7/28/2023,55.14313865455869,
40,9/7/2023,32.43714038516036,
40,10/6/2023,32.43714038516036,
40,11/7/2023,38.92456846226327,
41,5/6/2017,19.462284230954545,
41,6/5/2017,,no intersection
41,8/2/2017,42.16828250046055,
41,9/27/2017,58.386852693486986,
41,10/14/2017,36.50659478473927,
41,11/27/2017,22.70599826955983,
41,12/23/2017,,no intersection
41,1/6/2018,42.16828250051438,
41,2/10/2018,57.63844128,
41,3/27/2018,55.143138654881696,
41,4/2/2018,55.143138654881696,
41,6/10/2018,58.386852692863634,
41,7/15/2018,51.89942461633024,
41,8/31/2018,58.386852693486986,
41,9/13/2018,58.386852693486986,
41,10/15/2018,55.968879015639985,
41,11/16/2018,46.23773689987795,
41,12/13/2018,38.92456846190909,
41,1/1/2019,32.43714039,
41,2/22/2019,25.94971230816512,
41,4/30/2019,46.506089013919954,
41,5/20/2019,38.92456846190909,
41,6/18/2019,47.33182937467824,
41,7/17/2019,68.11799480862567,
41,8/19/2019,78.88638229109452,
41,9/8/2019,65.70002113077867,
41,10/7/2019,61.630566731468925,
41,11/22/2019,51.89942461627641,
41,12/5/2019,48.65571057772496,
41,1/31/2020,38.92456846190909,
41,2/12/2020,35.68085442398098,
41,3/12/2020,25.94971230816512,
41,5/23/2020,58.386852693486986,
41,6/17/2020,58.386852693486986,
41,7/15/2020,73.41571773986436,
41,9/23/2020,81.09285096236964,
41,10/22/2020,39.75030882266738,
41,11/21/2020,38.92456846190909,
41,12/23/2020,,no intersection
41,1/23/2021,35.680854423303806,
41,2/7/2021,45.41199653911966,
41,3/16/2021,51.89942461565306,
41,4/14/2021,42.16828250051438,
41,5/7/2021,32.43714039,
41,5/23/2021,48.65571057767112,
41,6/6/2021,25.94971230816512,
41,8/17/2021,61.63056673141509,
41,9/11/2021,63.68457562,
41,9/30/2021,35.680854423303806,
41,10/11/2021,48.65571057772496,
41,11/11/2021,42.16828250051438,
41,12/9/2021,61.63056673141509,
41,1/12/2022,32.43714039,
41,2/11/2022,35.680854423303806,
41,3/5/2022,42.16828250051438,
41,4/26/2022,25.94971230816512,
41,5/17/2022,61.63056673141509,
41,7/15/2022,61.630566731468925,
41,9/5/2022,74.60542288583625,
41,9/16/2022,,no intersection
41,11/18/2022,64.87428077002038,
41,12/17/2022,58.386852692863634,
41,1/25/2023,29.19342634677041,
41,2/9/2023,,no intersection
41,6/18/2023,14.95153609744985,
41,7/28/2023,58.38685269,
41,9/7/2023,35.680854423303806,
41,10/6/2023,38.92456846190909,
41,11/7/2023,35.680854423303806,
42,5/6/2017,24.48301022,
42,6/5/2017,,no intersection
42,8/2/2017,48.65571057734812,
42,9/27/2017,61.630566731661595,
42,10/14/2017,38.92456846226327,
42,11/27/2017,29.193426346501237,
42,12/23/2017,,no intersection
42,1/6/2018,48.65571058,
42,2/10/2018,55.143138655128205,
42,3/27/2018,58.386852693679664,
42,4/2/2018,56.03756313060401,
42,6/10/2018,58.386852693733495,
42,7/15/2018,55.22046760106368,
42,8/31/2018,61.630566731661595,
42,9/13/2018,61.630566731661595,
42,10/15/2018,61.630566731661595,
42,11/16/2018,54.32604312558787,
42,12/13/2018,38.92456846226327,
42,1/1/2019,32.43714038510653,
42,2/22/2019,22.70599826939833,
42,4/30/2019,45.41199653942001,
42,5/20/2019,42.16828250086856,
42,6/18/2019,57.569757164139325,
42,7/17/2019,71.36170885,
42,8/19/2019,81.09285096313182,
42,9/8/2019,73.21604973965587,
42,10/7/2019,64.87428077026689,
42,11/22/2019,51.89942461657675,
42,12/5/2019,46.30642101489582,
42,1/31/2020,35.680854423657976,
42,2/12/2020,35.680854423711814,
42,3/12/2020,35.680854423711814,
42,5/23/2020,61.630566731661595,
42,6/17/2020,61.630566731661595,
42,7/15/2020,74.60542288597509,
42,9/23/2020,84.34840200696146,
42,10/22/2020,45.41199653942001,
42,11/21/2020,42.16828250086856,
42,12/23/2020,,no intersection
42,1/23/2021,35.680854423657976,
42,2/7/2021,48.65571058,
42,3/16/2021,48.65571057797146,
42,4/14/2021,38.92456846226327,
42,5/7/2021,30.52914455744136,
42,5/23/2021,48.65571057797146,
42,6/6/2021,32.43714038510653,
42,8/17/2021,61.630566731661595,
42,9/11/2021,69.14340316623206,
42,9/30/2021,39.818992937739075,
42,10/11/2021,38.92456846226327,
42,11/11/2021,42.16828250086856,
42,12/9/2021,62.08369747235027,
42,1/12/2022,30.52914455744136,
42,2/11/2022,39.94997681967698,
42,3/5/2022,42.16828250086856,
42,4/26/2022,19.462284230846876,
42,5/17/2022,64.87428077021306,
42,7/15/2022,58.38685269311014,
42,9/5/2022,77.84913692452653,
42,9/16/2022,,no intersection
42,11/18/2022,64.87428077021306,
42,12/17/2022,62.08369747235027,
42,1/25/2023,24.041716480284617,
42,2/9/2023,,no intersection
42,6/18/2023,20.48769258820676,
42,7/28/2023,64.87428077026689,
42,9/7/2023,35.680854423657976,
42,10/6/2023,39.94997681967698,
42,11/7/2023,35.680854423657976,
43,5/6/2017,24.28334220250969,
43,6/5/2017,,no intersection
43,8/2/2017,48.65571057767112,
43,9/27/2017,67.50056729,
43,10/14/2017,38.92456846190909,
43,11/27/2017,29.19342634677041,
43,12/23/2017,,no intersection
43,1/6/2018,46.63707290995679,
43,2/10/2018,51.89942461565306,
43,3/27/2018,48.65571057767112,
43,4/2/2018,51.89942461565306,
43,6/10/2018,55.14313865425835,
43,7/15/2018,51.28199710048249,
43,8/31/2018,64.25685325484982,
43,9/13/2018,64.25685325484982,
43,10/15/2018,61.63056673141509,
43,11/16/2018,45.41199653906583,
43,12/13/2018,44.79456902,
43,1/1/2019,31.554552916416274,
43,2/22/2019,25.94971230816512,
43,4/30/2019,45.41199653906583,
43,5/20/2019,45.41199653906583,
43,6/18/2019,48.65571057704778,
43,7/17/2019,71.36170884655378,
43,8/19/2019,81.09285096236964,
43,9/8/2019,77.84913692376435,
43,10/7/2019,64.87428077002038,
43,11/22/2019,61.013139216244525,
43,12/5/2019,42.16828250046055,
43,1/31/2020,39.44319114554726,
43,2/12/2020,35.06342690813324,
43,3/12/2020,35.680854423303806,
43,5/23/2020,58.38685269,
43,6/17/2020,67.50056729,
43,7/15/2020,77.84913692376435,
43,9/23/2020,90.82399307750832,
43,10/22/2020,38.30714094673852,
43,11/21/2020,35.06342690813324,
43,12/23/2020,,no intersection
43,1/23/2021,41.46182881263823,
43,2/7/2021,48.65571057704778,
43,3/16/2021,51.89942461565306,
43,4/14/2021,42.16828250051438,
43,5/7/2021,38.92456846190909,
43,5/23/2021,51.89942461565306,
43,6/6/2021,35.680854423303806,
43,8/17/2021,65.12774349997736,
43,9/11/2021,66.09935714,
43,9/30/2021,64.25685325484982,
43,10/11/2021,45.41199653906583,
43,11/11/2021,38.21811477471013,
43,12/9/2021,67.50056729,
43,1/12/2022,32.437140384698516,
43,2/11/2022,35.680854423303806,
43,3/5/2022,32.43714039,
43,4/26/2022,35.680854423303806,
43,5/17/2022,63.72653334805695,
43,7/15/2022,61.63056673141509,
43,9/5/2022,80.47542344719906,
43,9/16/2022,,no intersection
43,11/18/2022,66.09935714,
43,12/17/2022,58.386852693486986,
43,1/25/2023,22.70599826955983,
43,2/9/2023,,no intersection
43,6/18/2023,25.94971230816512,
43,7/28/2023,64.87428077002038,
43,9/7/2023,36.90593079481811,
43,10/6/2023,35.68085442398098,
43,11/7/2023,35.68085442398098,
44,5/6/2017,25.949712307434105,
44,6/5/2017,,no intersection
44,8/2/2017,42.16828250051438,
44,9/27/2017,68.11799480794848,
44,10/14/2017,39.86095065413987,
44,11/27/2017,25.94971230816512,
44,12/23/2017,,no intersection
44,1/6/2018,51.89942461627641,
44,2/10/2018,55.14313865420452,
44,3/27/2018,50.99330292176848,
44,4/2/2018,55.14313865420452,
44,6/10/2018,51.89942461559923,
44,7/15/2018,47.74958888321703,
44,8/31/2018,68.11799480794848,
44,9/13/2018,64.45652126080442,
44,10/15/2018,63.526865341478995,
44,11/16/2018,51.89942461565306,
44,12/13/2018,38.92456846190909,
44,1/1/2019,38.92456846185526,
44,2/22/2019,27.374456685634037,
44,4/30/2019,48.65571057699394,
44,5/20/2019,45.41199653844249,
44,6/18/2019,44.99423702984987,
44,7/17/2019,77.84913692376435,
44,8/19/2019,87.58027903890303,
44,9/8/2019,80.67509145377703,
44,10/7/2019,64.87428076939703,
44,11/22/2019,58.386852692863634,
44,12/5/2019,44.505874845235084,
44,1/31/2020,36.61723661615793,
44,2/12/2020,29.193426346716574,
44,3/12/2020,35.26309491471119,
44,5/23/2020,58.38685269,
44,6/17/2020,64.87428077002038,
44,7/15/2020,81.09285096231581,
44,9/23/2020,90.82399307750832,
44,10/22/2020,32.43714038464468,
44,11/21/2020,32.437140384698516,
44,12/23/2020,,no intersection
44,1/23/2021,44.99423702984987,
44,2/7/2021,51.89942461565306,
44,3/16/2021,55.14313865420452,
44,4/14/2021,48.65571057699394,
44,5/7/2021,38.92456846185526,
44,5/23/2021,55.14313865420452,
44,6/6/2021,32.01938088,
44,8/17/2021,68.11799480862567,
44,9/11/2021,71.36170884723096,
44,9/30/2021,68.11799480862567,
44,10/11/2021,45.41199653844249,
44,11/11/2021,42.16828250046055,
44,12/9/2021,68.11799480800232,
44,1/12/2022,38.92456846190909,
44,2/11/2022,42.16828250046055,
44,3/5/2022,35.68085442392715,
44,4/26/2022,35.21602646356034,
44,5/17/2022,61.63056673141509,
44,7/15/2022,58.386852693486986,
44,9/5/2022,80.67509145377703,
44,9/16/2022,68.11799480862567,
44,11/18/2022,71.36170884723096,
44,12/17/2022,64.87428077002038,
44,1/25/2023,22.705998269505997,
44,2/9/2023,,no intersection
44,6/18/2023,29.193426346716574,
44,7/28/2023,63.05531110893784,
44,9/7/2023,42.16828250046055,
44,10/6/2023,42.16828250046055,
44,11/7/2023,35.68085442392715,
45,5/6/2017,25.949712307949785,
45,6/5/2017,,no intersection
45,8/2/2017,45.41199653942001,
45,9/27/2017,58.386852693679664,
45,10/14/2017,36.015076742132536,
45,11/27/2017,22.70599826939833,
45,12/23/2017,,no intersection
45,1/6/2018,48.65571057797146,
45,2/10/2018,55.143138655128205,
45,3/27/2018,50.79363492603674,
45,4/2/2018,56.32625729154986,
45,6/10/2018,49.83882921444695,
45,7/15/2018,51.89942461657675,
45,8/31/2018,69.81462542209648,
45,9/13/2018,71.36170885,
45,10/15/2018,61.630566731661595,
45,11/16/2018,47.331829372309535,
45,12/13/2018,35.680854423711814,
45,1/1/2019,35.680854423711814,
45,2/22/2019,25.949712307949785,
45,4/30/2019,39.66128265878497,
45,5/20/2019,35.680854423711814,
45,6/18/2019,51.89942461657675,
45,7/17/2019,77.84913692452653,
45,8/19/2019,94.06770711739148,
45,9/8/2019,77.84913692452653,
45,10/7/2019,61.630566731661595,
45,11/22/2019,55.143138655128205,
45,12/5/2019,45.41199653936618,
45,1/31/2020,32.43714038510653,
45,2/12/2020,22.705998269344494,
45,3/12/2020,35.680854423657976,
45,5/23/2020,48.65571057797146,
45,6/17/2020,58.84881624817441,
45,7/15/2020,77.84913692452653,
45,9/23/2020,84.33656500168328,
45,10/22/2020,29.19342634655507,
45,11/21/2020,29.19342634655507,
45,12/23/2020,,no intersection
45,1/23/2021,45.41199653936618,
45,2/7/2021,51.89942461657675,
45,3/16/2021,48.65571057797146,
45,4/14/2021,55.143138655128205,
45,5/7/2021,35.680854423711814,
45,5/23/2021,48.65571057797146,
45,6/6/2021,29.19342634655507,
45,8/17/2021,68.11799480881834,
45,9/11/2021,68.11799480876451,
45,9/30/2021,61.630566731661595,
45,10/11/2021,47.54992088748528,
45,11/11/2021,42.16828250086856,
45,12/9/2021,61.630566731607765,
45,1/12/2022,38.70647694708752,
45,2/11/2022,38.92456846226327,
45,3/5/2022,38.92456846226327,
45,4/26/2022,42.16828250086856,
45,5/17/2022,62.81368536870661,
45,7/15/2022,54.92504713995246,
45,9/5/2022,74.60542288592124,
45,9/16/2022,60.08348330633445,
45,11/18/2022,64.87428077021306,
45,12/17/2022,61.630566731607765,
45,1/25/2023,22.041502314322628,
45,2/9/2023,,no intersection
45,6/18/2023,35.462762908536064,
45,7/28/2023,61.630566731607765,
45,9/7/2023,51.68133310140101,
45,10/6/2023,42.168282500814726,
45,11/7/2023,32.43714038510653,
46,5/6/2017,25.949712308111287,
46,6/5/2017,,no intersection
46,8/2/2017,45.41199653844249,
46,9/27/2017,55.14313865425835,
46,10/14/2017,42.16828250046055,
46,11/27/2017,29.19342634677041,
46,12/23/2017,,no intersection
46,1/6/2018,48.65571057704778,
46,2/10/2018,51.490316629632474,
46,3/27/2018,48.65571057772496,
46,4/2/2018,,no intersection
46,6/10/2018,48.65571057767112,
46,7/15/2018,45.28331729642453,
46,8/31/2018,69.61495741095678,
46,9/13/2018,72.74449549818388,
46,10/15/2018,58.386852692863634,
46,11/16/2018,48.65571057767112,
46,12/13/2018,35.66243092239015,
46,1/1/2019,34.26122077046975,
46,2/22/2019,19.46228423090071,
46,4/30/2019,35.680854423303806,
46,5/20/2019,42.16828250046055,
46,6/18/2019,45.41199653911966,
46,7/17/2019,66.37124337240532,
46,8/19/2019,94.06770711605976,
46,9/8/2019,81.09285096236964,
46,10/7/2019,61.630566731468925,
46,11/22/2019,55.12471515,
46,12/5/2019,48.63728707613413,
46,1/31/2020,35.66243092239015,
46,2/12/2020,22.687574768646183,
46,3/12/2020,33.81992703565144,
46,5/23/2020,38.92456846185526,
46,6/17/2020,63.01335338242185,
46,7/15/2020,68.11799480800232,
46,9/23/2020,77.84913692376435,
46,10/22/2020,22.70599826955983,
46,11/21/2020,22.687574768646183,
46,12/23/2020,,no intersection
46,1/23/2021,44.10653883698661,
46,2/7/2021,51.88100111473941,
46,3/16/2021,42.16828250051438,
46,4/14/2021,53.28221126728317,
46,5/7/2021,45.30616499613931,
46,5/23/2021,48.65571057772496,
46,6/6/2021,38.92456846190909,
46,8/17/2021,68.11799480800232,
46,9/11/2021,71.01616756293102,
46,9/30/2021,55.14313865425835,
46,10/11/2021,48.65571057772496,
46,11/11/2021,35.66243092239015,
46,12/9/2021,61.630566731468925,
46,1/12/2022,35.680854423303806,
46,2/11/2022,42.16828250051438,
46,3/5/2022,39.44319114554726,
46,4/26/2022,33.81992703565144,
46,5/17/2022,59.769639343816564,
46,7/15/2022,58.386852692863634,
46,9/5/2022,68.11799480800232,
46,9/16/2022,64.87428077002038,
46,11/18/2022,61.630566731468925,
46,12/17/2022,61.630566731468925,
46,1/25/2023,19.46228423090071,
46,2/9/2023,,no intersection
46,6/18/2023,38.92456846190909,
46,7/28/2023,64.87428077007422,
46,9/7/2023,48.65571057704778,
46,10/6/2023,39.46161464646091,
46,11/7/2023,38.92456846190909,
47,5/6/2017,22.70599826939833,
47,6/5/2017,,no intersection
47,8/2/2017,45.41199653879666,
47,9/27/2017,61.52665118199413,
47,10/14/2017,35.680854423711814,
47,11/27/2017,29.19342634655507,
47,12/23/2017,,no intersection
47,1/6/2018,42.168282500191374,
47,2/10/2018,48.65571057734812,
47,3/27/2018,48.65571057734812,
47,4/2/2018,42.50566068593439,
47,6/10/2018,45.41199653942001,
47,7/15/2018,45.41199653942001,
47,8/31/2018,74.60542288597509,
47,9/13/2018,58.38685269311014,
47,10/15/2018,58.56809718960561,
47,11/16/2018,48.836955073843576,
47,12/13/2018,35.86209892020727,
47,1/1/2019,32.43714038510653,
47,2/22/2019,25.94971230800362,
47,4/30/2019,34.61702245718024,
47,5/20/2019,35.680854423711814,
47,6/18/2019,38.924568462317104,
47,7/17/2019,61.63056673171543,
47,8/19/2019,90.82399308,
47,9/8/2019,77.84913692458036,
47,10/7/2019,71.36170884742363,
47,11/22/2019,55.03922310483739,
47,12/5/2019,48.65571057734812,
47,1/31/2020,29.19342634655507,
47,2/12/2020,19.462284230793042,
47,3/12/2020,35.680854423711814,
47,5/23/2020,26.728384228426098,
47,6/17/2020,61.630566731661595,
47,7/15/2020,68.11799480887217,
47,9/23/2020,77.84913692458036,
47,10/22/2020,29.19342634655507,
47,11/21/2020,25.94971230800362,
47,12/23/2020,,no intersection
47,1/23/2021,45.41199653879666,
47,2/7/2021,55.14313865450486,
47,3/16/2021,42.34952699668683,
47,4/14/2021,51.89942461595341,
47,5/7/2021,45.41199653942001,
47,5/23/2021,45.74937472448584,
47,6/6/2021,42.16828250086856,
47,8/17/2021,68.11799480887217,
47,9/11/2021,68.11799480887217,
47,9/30/2021,55.14313865455869,
47,10/11/2021,48.655710577401955,
47,11/11/2021,45.41199653879666,
47,12/9/2021,58.38685269311014,
47,1/12/2022,35.680854423711814,
47,2/11/2022,42.168282500191374,
47,3/5/2022,38.92456846226327,
47,4/26/2022,38.924568462317104,
47,5/17/2022,58.38685269311014,
47,7/15/2022,55.14313865455869,
47,9/5/2022,68.11799480887217,
47,9/16/2022,66.17157537225066,
47,11/18/2022,64.87428077026689,
47,12/17/2022,61.63056673171543,
47,1/25/2023,20.240956151269355,
47,2/9/2023,,no intersection
47,6/18/2023,45.41199653879666,
47,7/28/2023,61.63056673171543,
47,9/7/2023,55.14313865450486,
47,10/6/2023,45.41199653879666,
47,11/7/2023,38.924568462317104,
48,5/6/2017,27.731834969250723,
48,6/5/2017,,no intersection
48,8/2/2017,38.92456846190909,
48,9/27/2017,51.89942461565306,
48,10/14/2017,29.57433885598944,
48,11/27/2017,22.70599826955983,
48,12/23/2017,,no intersection
48,1/6/2018,40.46348878824864,
48,2/10/2018,38.92456846190909,
48,3/27/2018,38.92456846190909,
48,4/2/2018,42.16828250051438,
48,6/10/2018,45.35161531419757,
48,7/15/2018,38.92456846190909,
48,8/31/2018,74.60542288583625,
48,9/13/2018,61.63056673141509,
48,10/15/2018,51.89942461559923,
48,11/16/2018,45.79290904828486,
48,12/13/2018,25.94971230816512,
48,1/1/2019,32.57485055911766,
48,2/22/2019,25.94971230816512,
48,4/30/2019,34.21926305,
48,5/20/2019,32.43714039,
48,6/18/2019,48.65571057772496,
48,7/17/2019,61.63056673141509,
48,8/19/2019,95.84982978,
48,9/8/2019,71.36170884723096,
48,10/7/2019,71.36170884723096,
48,11/22/2019,55.143138654881696,
48,12/5/2019,45.41199653906583,
48,1/31/2020,29.19342634677041,
48,2/12/2020,23.08691077877886,
48,3/12/2020,33.01614429393596,
48,5/23/2020,48.65571057772496,
48,6/17/2020,58.386852692863634,
48,7/15/2020,68.11799480862567,
48,9/23/2020,81.09285096236964,
48,10/22/2020,29.19342634677041,
48,11/21/2020,25.94971230816512,
48,12/23/2020,,no intersection
48,1/23/2021,45.41199653906583,
48,2/7/2021,55.52405116342354,
48,3/16/2021,35.81856459772294,
48,4/14/2021,45.79290904828486,
48,5/7/2021,38.92456846190909,
48,5/23/2021,48.65571057767112,
48,6/6/2021,38.92456846190909,
48,8/17/2021,61.63056673141509,
48,9/11/2021,63.10910583288638,
48,9/30/2021,45.79290904828486,
48,10/11/2021,48.65571057767112,
48,11/11/2021,39.30548097112812,
48,12/9/2021,55.14313865425835,
48,1/12/2022,35.68085442398098,
48,2/11/2022,35.680854423303806,
48,3/5/2022,35.680854423303806,
48,4/26/2022,42.16828250051438,
48,5/17/2022,61.63056673141509,
48,7/15/2022,48.65571057767112,
48,9/5/2022,64.87428077002038,
48,9/16/2022,62.01147924063412,
48,11/18/2022,55.14313865420452,
48,12/17/2022,54.839555094536365,
48,1/25/2023,22.70599826955983,
48,2/9/2023,,no intersection
48,6/18/2023,38.92456846190909,
48,7/28/2023,64.87428077002038,
48,9/7/2023,55.14313865420452,
48,10/6/2023,38.92456846190909,
48,11/7/2023,29.57433885598944,
49,5/6/2017,24.927838060088558,
49,6/5/2017,,no intersection
49,8/2/2017,40.90635912738811,
49,9/27/2017,48.65571057761729,
49,10/14/2017,29.193426346716574,
49,11/27/2017,22.705998269505997,
49,12/23/2017,,no intersection
49,1/6/2018,42.16828250040671,
49,2/10/2018,35.68085442324997,
49,3/27/2018,35.68085442324997,
49,4/2/2018,36.261434936970076,
49,6/10/2018,42.16828250040671,
49,7/15/2018,44.15007316599339,
49,8/31/2018,68.11799480857184,
49,9/13/2018,61.630566731361256,
49,10/15/2018,51.396173050891655,
49,11/16/2018,45.99257705273211,
49,12/13/2018,35.68085442324997,
49,1/1/2019,25.949712308111287,
49,2/22/2019,22.705998269505997,
49,4/30/2019,29.572762250506585,
49,5/20/2019,25.949712308057453,
49,6/18/2019,42.16828250040671,
49,7/17/2019,60.368643358288814,
49,8/19/2019,94.06770711662928,
49,9/8/2019,77.84913692428003,
49,10/7/2019,71.36170884712328,
49,11/22/2019,48.65571057761729,
49,12/5/2019,42.16828250046055,
49,1/31/2020,29.193426346716574,
49,2/12/2020,16.218570192295424,
49,3/12/2020,39.44319114517042,
49,5/23/2020,53.238676937630366,
49,6/17/2020,51.899424616168744,
49,7/15/2020,64.87428076996655,
49,9/23/2020,81.09285096226198,
49,10/22/2020,38.92456846185526,
49,11/21/2020,25.949712308111287,
49,12/23/2020,,no intersection
49,1/23/2021,42.16828250046055,
49,2/7/2021,55.14313865415068,
49,3/16/2021,35.68085442324997,
49,4/14/2021,45.41199653906583,
49,5/7/2021,42.16828250046055,
49,5/23/2021,48.65571057761729,
49,6/6/2021,42.10632467,
49,8/17/2021,61.63056673130742,
49,9/11/2021,61.630566731361256,
49,9/30/2021,42.16828250046055,
49,10/11/2021,42.16828250046055,
49,11/11/2021,42.16828250046055,
49,12/9/2021,48.65571057761729,
49,1/12/2022,34.21768644103228,
49,2/11/2022,42.16828250046055,
49,3/5/2022,38.92456846185526,
49,4/26/2022,35.68085442319614,
49,5/17/2022,61.63056673130742,
49,7/15/2022,45.411996539011994,
49,9/5/2022,71.36170884712328,
49,9/16/2022,61.630566731361256,
49,11/18/2022,49.994962899078914,
49,12/17/2022,57.88360112810223,
49,1/25/2023,16.218570192295424,
49,2/9/2023,,no intersection
49,6/18/2023,42.16828250046055,
49,7/28/2023,61.630566731361256,
49,9/7/2023,58.386852692755966,
49,10/6/2023,38.92456846185526,
49,11/7/2023,29.193426346716574,
5,5/6/2017,21.793873157963322,
5,6/5/2017,,no intersection
5,8/2/2017,45.41199653942001,
5,9/27/2017,,no intersection
5,10/14/2017,25.949712307949785,
5,11/27/2017,,no intersection
5,12/23/2017,,no intersection
5,1/6/2018,32.43714038510653,
5,2/10/2018,25.949712308626967,
5,3/27/2018,35.680854423711814,
5,4/2/2018,38.92456846226327,
5,6/10/2018,42.16828250086856,
5,7/15/2018,58.386852693733495,
5,8/31/2018,77.84913692452653,
5,9/13/2018,71.36170884742363,
5,10/15/2018,61.630566731661595,
5,11/16/2018,58.386852693733495,
5,12/13/2018,25.949712307949785,
5,1/1/2019,32.43714038510653,
5,2/22/2019,32.43714038510653,
5,4/30/2019,40.81486365334589,
5,5/20/2019,48.68524821915502,
5,6/18/2019,45.41199653936618,
5,7/17/2019,68.11799481,
5,8/19/2019,58.386852693679664,
5,9/8/2019,45.027579363980635,
5,10/7/2019,52.88887867457058,
5,11/22/2019,58.38685269305631,
5,12/5/2019,32.43714038510653,
5,1/31/2020,32.43714038510653,
5,2/12/2020,25.949712307949785,
5,3/12/2020,42.168282500814726,
5,5/23/2020,58.386852693679664,
5,6/17/2020,,no intersection
5,7/15/2020,71.36170884742363,
5,9/23/2020,71.90986917057648,
5,10/22/2020,38.92456846226327,
5,11/21/2020,48.65571058,
5,12/23/2020,,no intersection
5,1/23/2021,22.70599826939833,
5,2/7/2021,19.462284230793042,
5,3/16/2021,22.70599826939833,
5,4/14/2021,29.19342634655507,
5,5/7/2021,34.76872931159962,
5,5/23/2021,57.53380286471944,
5,6/6/2021,45.41199653942001,
5,8/17/2021,48.65571057797146,
5,9/11/2021,48.65571057797146,
5,9/30/2021,38.92456846226327,
5,10/11/2021,35.680854423657976,
5,11/11/2021,31.525015273048172,
5,12/9/2021,32.466678026967266,
5,1/12/2022,22.705998270021677,
5,2/11/2022,29.19342634655507,
5,3/5/2022,32.43714038510653,
5,4/26/2022,22.705998270021677,
5,5/17/2022,38.92456846226327,
5,7/15/2022,22.70599826939833,
5,9/5/2022,45.41199653942001,
5,9/16/2022,,no intersection
5,11/18/2022,49.645164636019125,
5,12/17/2022,55.14313865518204,
5,1/25/2023,22.70599826939833,
5,2/9/2023,,no intersection
5,6/18/2023,38.92456846226327,
5,7/28/2023,71.36170885,
5,9/7/2023,58.386852693733495,
5,10/6/2023,42.168282500814726,
5,11/7/2023,35.680854423657976,
50,5/6/2017,25.94971230800362,
50,6/5/2017,,no intersection
50,8/2/2017,38.924568462317104,
50,9/27/2017,55.14313865455869,
50,10/14/2017,32.43714038510653,
50,11/27/2017,29.19342634655507,
50,12/23/2017,,no intersection
50,1/6/2018,42.16828250024521,
50,2/10/2018,30.77430440421037,
50,3/27/2018,32.43714038516036,
50,4/2/2018,42.16828250086856,
50,6/10/2018,45.41199653947385,
50,7/15/2018,35.680854423711814,
50,8/31/2018,64.87428077026689,
50,9/13/2018,58.38685269311014,
50,10/15/2018,55.14313865450486,
50,11/16/2018,48.65571057734812,
50,12/13/2018,32.43714038510653,
50,1/1/2019,29.19342634717842,
50,2/22/2019,29.19342634655507,
50,4/30/2019,29.373094252612965,
50,5/20/2019,29.19342634655507,
50,6/18/2019,37.862313086169266,
50,7/17/2019,57.32459731701614,
50,8/19/2019,97.31142115542725,
50,9/8/2019,77.84913692458036,
50,10/7/2019,76.70492362519167,
50,11/22/2019,45.41199653879666,
50,12/5/2019,48.65571057734812,
50,1/31/2020,25.949712307949785,
50,2/12/2020,12.974856153690135,
50,3/12/2020,39.26352323776666,
50,5/23/2020,53.03900894,
50,6/17/2020,42.16828250086856,
50,7/15/2020,58.38685269311014,
50,9/23/2020,77.84913692458036,
50,10/22/2020,38.92456846226327,
50,11/21/2020,32.43714038516036,
50,12/23/2020,,no intersection
50,1/23/2021,41.90665667151597,
50,2/7/2021,55.14313865450486,
50,3/16/2021,38.662942632964516,
50,4/14/2021,48.65571057734812,
50,5/7/2021,45.41199653879666,
50,5/23/2021,51.89942461595341,
50,6/6/2021,42.16828250086856,
50,8/17/2021,55.14313865450486,
50,9/11/2021,58.38685269311014,
50,9/30/2021,38.92456846226327,
50,10/11/2021,45.41199653879666,
50,11/11/2021,38.92456846226327,
50,12/9/2021,51.89942461595341,
50,1/12/2022,32.43714038510653,
50,2/11/2022,35.680854423711814,
50,3/5/2022,38.92456846226327,
50,4/26/2022,31.215598139567017,
50,5/17/2022,54.881512825829454,
50,7/15/2022,42.16828250086856,
50,9/5/2022,61.630566731661595,
50,9/16/2022,64.87428077026689,
50,11/18/2022,48.65571057734812,
50,12/17/2022,58.38685269311014,
50,1/25/2023,19.462284230846876,
50,2/9/2023,,no intersection
50,6/18/2023,38.924568462317104,
50,7/28/2023,61.63056673171543,
50,9/7/2023,61.63056673171543,
50,10/6/2023,37.26173248136711,
50,11/7/2023,29.19342634655507,
51,5/6/2017,25.94971230748794,
51,6/5/2017,,no intersection
51,8/2/2017,35.68085442392715,
51,9/27/2017,54.280551291672765,
51,10/14/2017,35.680854423303806,
51,11/27/2017,29.19342634609323,
51,12/23/2017,,no intersection
51,1/6/2018,42.16828250051438,
51,2/10/2018,32.43714039,
51,3/27/2018,35.68085442392715,
51,4/2/2018,42.16828250046055,
51,6/10/2018,55.14313865420452,
51,7/15/2018,39.44319114554726,
51,8/31/2018,64.01169340681145,
51,9/13/2018,61.630566731468925,
51,10/15/2018,55.14313865425835,
51,11/16/2018,48.65571057772496,
51,12/13/2018,29.19342634677041,
51,1/1/2019,33.41705690817446,
51,2/22/2019,29.19342634677041,
51,4/30/2019,29.193426346716574,
51,5/20/2019,29.193426346716574,
51,6/18/2019,29.193426346716574,
51,7/17/2019,58.38685269,
51,8/19/2019,100.55513519327035,
51,9/8/2019,77.84913692376435,
51,10/7/2019,74.60542289,
51,11/22/2019,45.41199653911966,
51,12/5/2019,45.41199653911966,
51,1/31/2020,22.70599826955983,
51,2/12/2020,10.711058638614626,
51,3/12/2020,42.16828250046055,
51,5/23/2020,63.10910583288638,
51,6/17/2020,41.30569513725161,
51,7/15/2020,58.386852692863634,
51,9/23/2020,81.09285096236964,
51,10/22/2020,38.92456846190909,
51,11/21/2020,35.680854423303806,
51,12/23/2020,,no intersection
51,1/23/2021,38.92456846190909,
51,2/7/2021,51.89942461565306,
51,3/16/2021,38.92456846190909,
51,4/14/2021,48.65571057772496,
51,5/7/2021,38.92456846190909,
51,5/23/2021,51.89942461633024,
51,6/6/2021,38.92456846190909,
51,8/17/2021,48.65571057772496,
51,9/11/2021,57.48426511893857,
51,9/30/2021,48.65571057772496,
51,10/11/2021,42.16828250051438,
51,11/11/2021,32.437140384698516,
51,12/9/2021,48.65571057772496,
51,1/12/2022,25.94971230816512,
51,2/11/2022,32.437140384698516,
51,3/5/2022,41.70698866,
51,4/26/2022,29.19342634609323,
51,5/17/2022,55.14313865420452,
51,7/15/2022,38.92456846190909,
51,9/5/2022,60.72797915754386,
51,9/16/2022,58.386852692863634,
51,11/18/2022,45.41199653911966,
51,12/17/2022,57.48426511893857,
51,1/25/2023,18.041073973391313,
51,2/9/2023,,no intersection
51,6/18/2023,44.95070269928189,
51,7/28/2023,64.01169340681145,
51,9/7/2023,58.386852692863634,
51,10/6/2023,35.680854423303806,
51,11/7/2023,25.94971230816512,
52,5/6/2017,25.94971230800362,
52,6/5/2017,,no intersection
52,8/2/2017,42.16828250086856,
52,9/27/2017,55.14313865450486,
52,10/14/2017,35.680854423711814,
52,11/27/2017,32.43714038510653,
52,12/23/2017,,no intersection
52,1/6/2018,35.680854423657976,
52,2/10/2018,29.193426346501237,
52,3/27/2018,32.43714038510653,
52,4/2/2018,39.443191143609226,
52,6/10/2018,55.143138655128205,
52,7/15/2018,38.261649095548265,
52,8/31/2018,60.967647364892755,
52,9/13/2018,61.630566731661595,
52,10/15/2018,51.89942461589957,
52,11/16/2018,45.41199653879666,
52,12/13/2018,29.19342634655507,
52,1/1/2019,32.43714038510653,
52,2/22/2019,25.949712307949785,
52,4/30/2019,29.19342634655507,
52,5/20/2019,32.43714038510653,
52,6/18/2019,29.19342634655507,
52,7/17/2019,55.14313865450486,
52,8/19/2019,94.06770711676812,
52,9/8/2019,77.84913692452653,
52,10/7/2019,60.967647364892755,
52,11/22/2019,47.331829372309535,
52,12/5/2019,45.41199653879666,
52,1/31/2020,25.949712307949785,
52,2/12/2020,12.974856153636301,
52,3/12/2020,41.064069398689234,
52,5/23/2020,61.630566731661595,
52,6/17/2020,38.92456846226327,
52,7/15/2020,57.72393333,
52,9/23/2020,81.09285096307799,
52,10/22/2020,35.680854423657976,
52,11/21/2020,35.680854423657976,
52,12/23/2020,,no intersection
52,1/23/2021,36.862396471772776,
52,2/7/2021,42.16828250086856,
52,3/16/2021,42.168282500191374,
52,4/14/2021,48.65571057734812,
52,5/7/2021,41.50536313409972,
52,5/23/2021,54.48021928778985,
52,6/6/2021,38.261649095548265,
52,8/17/2021,51.89942461595341,
52,9/11/2021,58.38685269305631,
52,9/30/2021,52.63967293,
52,10/11/2021,38.261649095548265,
52,11/11/2021,31.55455291490891,
52,12/9/2021,51.89942461589957,
52,1/12/2022,29.19342634655507,
52,2/11/2022,25.949712307949785,
52,3/5/2022,42.16828250086856,
52,4/26/2022,26.17133793993149,
52,5/17/2022,48.65571058,
52,7/15/2022,38.92456846226327,
52,9/5/2022,61.630566731661595,
52,9/16/2022,61.630566731661595,
52,11/18/2022,44.74907717,
52,12/17/2022,51.89942461589957,
52,1/25/2023,19.462284230793042,
52,2/9/2023,,no intersection
52,6/18/2023,44.74907717,
52,7/28/2023,61.630566731607765,
52,9/7/2023,61.630566731607765,
52,10/6/2023,35.680854423657976,
52,11/7/2023,25.949712307949785,
53,5/6/2017,25.045167220893905,
53,6/5/2017,,no intersection
53,8/2/2017,48.65571057772496,
53,9/27/2017,61.630566731468925,
53,10/14/2017,35.680854423303806,
53,11/27/2017,29.19342634677041,
53,12/23/2017,,no intersection
53,1/6/2018,32.43714039,
53,2/10/2018,35.680854423303806,
53,3/27/2018,29.19342634609323,
53,4/2/2018,38.46131710940235,
53,6/10/2018,61.630566731468925,
53,7/15/2018,38.46131710940235,
53,8/31/2018,58.927432994867424,
53,9/13/2018,68.11799480800232,
53,10/15/2018,57.92360134030306,
53,11/16/2018,44.55136668920305,
53,12/13/2018,29.19342634677041,
53,1/1/2019,29.19342634677041,
53,2/22/2019,25.94971230816512,
53,4/30/2019,35.680854423303806,
53,5/20/2019,33.860308155607896,
53,6/18/2019,32.437140384698516,
53,7/17/2019,58.386852692863634,
53,8/19/2019,97.31142115,
53,9/8/2019,81.19213753028613,
53,10/7/2019,61.63056673141509,
53,11/22/2019,52.837383415066725,
53,12/5/2019,44.94874518593574,
53,1/31/2020,29.19342634609323,
53,2/12/2020,18.99903287777062,
53,3/12/2020,38.92456846190909,
53,5/23/2020,58.386852692863634,
53,6/17/2020,49.63758461386986,
53,7/15/2020,58.38685269,
53,9/23/2020,81.09285096236964,
53,10/22/2020,42.16828250051438,
53,11/21/2020,45.41199653844249,
53,12/23/2020,,no intersection
53,1/23/2021,42.16828250051438,
53,2/7/2021,42.16828250051438,
53,3/16/2021,38.92456846190909,
53,4/14/2021,51.89942461565306,
53,5/7/2021,43.15015653665929,
53,5/23/2021,58.38685269,
53,6/6/2021,43.15015653665929,
53,8/17/2021,58.38685269,
53,9/11/2021,58.386852692863634,
53,9/30/2021,51.89942461565306,
53,10/11/2021,35.680854423303806,
53,11/11/2021,32.43714039,
53,12/9/2021,48.65571057704778,
53,1/12/2022,32.437140384698516,
53,2/11/2022,32.437140384698516,
53,3/5/2022,35.68085442398098,
53,4/26/2022,25.94971230816512,
53,5/17/2022,44.99266042334417,
53,7/15/2022,38.92456846258627,
53,9/5/2022,71.36170884655378,
53,9/16/2022,64.87428076939703,
53,11/18/2022,43.15015653665929,
53,12/17/2022,42.16828250051438,
53,1/25/2023,22.70599826955983,
53,2/9/2023,,no intersection
53,6/18/2023,42.16828250051438,
53,7/28/2023,61.63056673141509,
53,9/7/2023,61.63056673141509,
53,10/6/2023,38.92456846190909,
53,11/7/2023,25.94971230748794,
54,5/6/2017,22.705998269505997,
54,6/5/2017,,no intersection
54,8/2/2017,55.14313865420452,
54,9/27/2017,61.63056673141509,
54,10/14/2017,38.92456846185526,
54,11/27/2017,25.94971230748794,
54,12/23/2017,,no intersection
54,1/6/2018,28.92984300021827,
54,2/10/2018,38.92456846185526,
54,3/27/2018,29.193426346716574,
54,4/2/2018,35.68085442324997,
54,6/10/2018,64.16940368938096,
54,7/15/2018,48.65571057699394,
54,8/31/2018,68.11799480794848,
54,9/13/2018,71.36170884655378,
54,10/15/2018,51.89942461627641,
54,11/16/2018,45.41199653906583,
54,12/13/2018,29.193426346716574,
54,1/1/2019,29.19342634609323,
54,2/22/2019,29.193426346716574,
54,4/30/2019,28.48854927,
54,5/20/2019,35.68085442324997,
54,6/18/2019,35.68085442324997,
54,7/17/2019,74.60542288515906,
54,8/19/2019,88.88110775,
54,9/8/2019,81.09285096236964,
54,10/7/2019,55.14313865420452,
54,11/22/2019,45.41199653906583,
54,12/5/2019,39.70677449204556,
54,1/31/2020,29.193426346716574,
54,2/12/2020,22.705998269505997,
54,3/12/2020,42.16828250046055,
54,5/23/2020,55.143138654881696,
54,6/17/2020,48.65571057767112,
54,7/15/2020,55.143138654881696,
54,9/23/2020,85.63739371,
54,10/22/2020,42.95048853065085,
54,11/21/2020,48.65571057767112,
54,12/23/2020,,no intersection
54,1/23/2021,42.16828250046055,
54,2/7/2021,42.16828250046055,
54,3/16/2021,45.41199653906583,
54,4/14/2021,48.65571057767112,
54,5/7/2021,42.16828250046055,
54,5/23/2021,58.386852693486986,
54,6/6/2021,42.95048853065085,
54,8/17/2021,58.38685269,
54,9/11/2021,64.87428077002038,
54,9/30/2021,55.143138654881696,
54,10/11/2021,42.95048853065085,
54,11/11/2021,32.43714038464468,
54,12/9/2021,48.65571057767112,
54,1/12/2022,29.193426346716574,
54,2/11/2022,25.949712308111287,
54,3/5/2022,38.92456846185526,
54,4/26/2022,25.24483522747186,
54,5/17/2022,45.41199653838865,
54,7/15/2022,46.194202569256134,
54,9/5/2022,71.36170884723096,
54,9/16/2022,64.87428077002038,
54,11/18/2022,42.16828250046055,
54,12/17/2022,42.16828250046055,
54,1/25/2023,25.949712308111287,
54,2/9/2023,,no intersection
54,6/18/2023,46.194202569256134,
54,7/28/2023,61.97147902746428,
54,9/7/2023,51.89942461627641,
54,10/6/2023,35.68085442392715,
54,11/7/2023,25.949712308111287,
55,5/6/2017,29.19342634655507,
55,6/5/2017,,no intersection
55,8/2/2017,54.63792956742114,
55,9/27/2017,61.630566731661595,
55,10/14/2017,48.65571057797146,
55,11/27/2017,29.193426346501237,
55,12/23/2017,,no intersection
55,1/6/2018,29.193426346501237,
55,2/10/2018,29.19342634655507,
55,3/27/2018,35.680854423657976,
55,4/2/2018,35.680854423657976,
55,6/10/2018,64.87428077021306,
55,7/15/2018,45.41199653942001,
55,8/31/2018,65.01552506906846,
55,9/13/2018,68.11799480881834,
55,10/15/2018,58.38685269305631,
55,11/16/2018,42.168282500814726,
55,12/13/2018,29.193426346501237,
55,1/1/2019,29.193426346501237,
55,2/22/2019,25.949712307949785,
55,4/30/2019,18.95707514376316,
55,5/20/2019,32.43714038516036,
55,6/18/2019,38.41935937,
55,7/17/2019,74.60542288592124,
55,8/19/2019,87.58027904028856,
55,9/8/2019,83.83135591397621,
55,10/7/2019,58.52809699191172,
55,11/22/2019,48.65571057797146,
55,12/5/2019,42.168282500814726,
55,1/31/2020,29.193426346501237,
55,2/12/2020,22.642082917101746,
55,3/12/2020,51.89942461657675,
55,5/23/2020,58.38685269305631,
55,6/17/2020,51.89942461657675,
55,7/15/2020,58.38685269305631,
55,9/23/2020,84.33656500168328,
55,10/22/2020,49.238248611614004,
55,11/21/2020,50.63945876,
55,12/23/2020,,no intersection
55,1/23/2021,35.680854423657976,
55,2/7/2021,48.65571057797146,
55,3/16/2021,53.23671941520038,
55,4/14/2021,48.65571057734812,
55,5/7/2021,38.92456846226327,
55,5/23/2021,64.87428077021306,
55,6/6/2021,51.89942461657675,
55,8/17/2021,64.87428077021306,
55,9/11/2021,63.10910582976399,
55,9/30/2021,48.65571057734812,
55,10/11/2021,56.48043345375184,
55,11/11/2021,32.43714038510653,
55,12/9/2021,46.74929133866699,
55,1/12/2022,30.530721145802055,
55,2/11/2022,24.043293068645315,
55,3/5/2022,38.92456846226327,
55,4/26/2022,35.17564533600475,
55,5/17/2022,45.41199653942001,
55,7/15/2022,48.65571057797146,
55,9/5/2022,71.36170885,
55,9/16/2022,63.10910582976399,
55,11/18/2022,38.92456846226327,
55,12/17/2022,38.92456846226327,
55,1/25/2023,25.949712307949785,
55,2/9/2023,,no intersection
55,6/18/2023,48.65571057797146,
55,7/28/2023,64.87428077021306,
55,9/7/2023,53.23671941520038,
55,10/6/2023,38.92456846226327,
55,11/7/2023,25.949712307949785,
56,5/6/2017,25.949712308111287,
56,6/5/2017,,no intersection
56,8/2/2017,48.65571057767112,
56,9/27/2017,58.38685269,
56,10/14/2017,46.94895935211307,
56,11/27/2017,31.418800255289444,
56,12/23/2017,,no intersection
56,1/6/2018,31.554552916416274,
56,2/10/2018,19.462284230954545,
56,3/27/2018,31.554552916416274,
56,4/2/2018,39.44319114554726,
56,6/10/2018,64.87428077002038,
56,7/15/2018,52.28229464,
56,8/31/2018,68.11799480862567,
56,9/13/2018,63.16752954513951,
56,10/15/2018,59.923815506534226,
56,11/16/2018,45.41199653844249,
56,12/13/2018,30.73038915976381,
56,1/1/2019,25.949712308111287,
56,2/22/2019,29.19342634609323,
56,4/30/2019,19.46228423090071,
56,5/20/2019,35.68085442324997,
56,6/18/2019,35.68085442324997,
56,7/17/2019,77.84913692376435,
56,8/19/2019,74.60542288578242,
56,9/8/2019,77.54359585080388,
56,10/7/2019,55.14313865425835,
56,11/22/2019,43.705245314184964,
56,12/5/2019,43.705245314184964,
56,1/31/2020,33.9741032,
56,2/12/2020,22.705998269505997,
56,3/12/2020,46.507665617971945,
56,5/23/2020,77.84913692376435,
56,6/17/2020,42.16828250046055,
56,7/15/2020,58.38685269,
56,9/23/2020,84.336565,
56,10/22/2020,40.461531275579674,
56,11/21/2020,53.68350479008481,
56,12/23/2020,,no intersection
56,1/23/2021,35.680854423303806,
56,2/7/2021,35.680854423303806,
56,3/16/2021,48.65571057767112,
56,4/14/2021,55.14313865420452,
56,5/7/2021,42.16828250051438,
56,5/23/2021,58.386852692863634,
56,6/6/2021,43.705245314184964,
56,8/17/2021,58.386852692863634,
56,9/11/2021,58.522605353936626,
56,9/30/2021,48.65571057704778,
56,10/11/2021,48.65571057704778,
56,11/11/2021,35.680854423303806,
56,12/9/2021,42.16828250051438,
56,1/12/2022,25.94971230748794,
56,2/11/2022,20.99924704462513,
56,3/5/2022,29.32917901,
56,4/26/2022,42.16828250046055,
56,5/17/2022,48.65571057767112,
56,7/15/2022,51.593883543315954,
56,9/5/2022,64.87428076939703,
56,9/16/2022,58.386852692863634,
56,11/18/2022,37.21781723697439,
56,12/17/2022,35.680854423303806,
56,1/25/2023,29.19342634609323,
56,2/9/2023,,no intersection
56,6/18/2023,35.680854423303806,
56,7/28/2023,61.630566731468925,
56,9/7/2023,42.16828250051438,
56,10/6/2023,32.437140384698516,
56,11/7/2023,22.705998268882652,
57,5/6/2017,25.94971230800362,
57,6/5/2017,,no intersection
57,8/2/2017,48.655710577401955,
57,9/27/2017,61.52469365567958,
57,10/14/2017,42.16828250086856,
57,11/27/2017,26.285132967324408,
57,12/23/2017,,no intersection
57,1/6/2018,25.949712308626967,
57,2/10/2018,,no intersection
57,3/27/2018,25.949712308626967,
57,4/2/2018,37.706560333529715,
57,6/10/2018,69.70240698,
57,7/15/2018,61.63056673171543,
57,8/31/2018,64.87428077026689,
57,9/13/2018,58.38685269378733,
57,10/15/2018,55.14313865518204,
57,11/16/2018,45.59519856228386,
57,12/13/2018,25.949712308626967,
57,1/1/2019,26.285132967324408,
57,2/22/2019,22.705998270021677,
57,4/30/2019,22.70599826939833,
57,5/20/2019,42.16828250086856,
57,6/18/2019,35.680854423711814,
57,7/17/2019,77.84913692458036,
57,8/19/2019,71.36170884742363,
57,9/8/2019,77.84913692458036,
57,10/7/2019,51.89942461663058,
57,11/22/2019,38.924568462317104,
57,12/5/2019,38.924568462317104,
57,1/31/2020,29.81792210477557,
57,2/12/2020,19.462284231470225,
57,3/12/2020,35.680854423711814,
57,5/23/2020,71.36170884742363,
57,6/17/2020,53.92513052577131,
57,7/15/2020,58.38685269311014,
57,9/23/2020,77.84913692395702,
57,10/22/2020,42.168282500191374,
57,11/21/2020,58.38685269311014,
57,12/23/2020,,no intersection
57,1/23/2021,32.43714038578371,
57,2/7/2021,42.16828250086856,
57,3/16/2021,55.14313865455869,
57,4/14/2021,55.14313865455869,
57,5/7/2021,38.924568462317104,
57,5/23/2021,58.38685269378733,
57,6/6/2021,38.924568462317104,
57,8/17/2021,58.38685269378733,
57,9/11/2021,64.87428077094407,
57,9/30/2021,42.16828250086856,
57,10/11/2021,43.904913311163405,
57,11/11/2021,32.43714038578371,
57,12/9/2021,35.680854423711814,
57,1/12/2022,23.66591468631627,
57,2/11/2022,16.218570192918772,
57,3/5/2022,29.19342634717842,
57,4/26/2022,35.680854423711814,
57,5/17/2022,53.92513052577131,
57,7/15/2022,51.89942461595341,
57,9/5/2022,68.11799480887217,
57,9/16/2022,64.87428077026689,
57,11/18/2022,35.680854423711814,
57,12/17/2022,32.77256104,
57,1/25/2023,21.929283876021426,
57,2/9/2023,,no intersection
57,6/18/2023,40.95027437145782,
57,7/28/2023,64.87428077026689,
57,9/7/2023,45.41199653879666,
57,10/6/2023,29.19342634655507,
57,11/7/2023,25.94971230800362,
58,5/6/2017,25.94971230748794,
58,6/5/2017,,no intersection
58,8/2/2017,42.16828250040671,
58,9/27/2017,50.59200939928984,
58,10/14/2017,32.43714038532187,
58,11/27/2017,25.949712308111287,
58,12/23/2017,,no intersection
58,1/6/2018,22.705998269505997,
58,2/10/2018,9.731142115815864,
58,3/27/2018,32.43714038532187,
58,4/2/2018,34.37343920699442,
58,6/10/2018,71.36170884712328,
58,7/15/2018,61.63056673130742,
58,8/31/2018,61.630566731361256,
58,9/13/2018,53.835723437895126,
58,10/15/2018,51.899424616222575,
58,11/16/2018,47.34829536068455,
58,12/13/2018,22.705998269505997,
58,1/1/2019,29.193426346716574,
58,2/22/2019,25.949712308111287,
58,4/30/2019,29.193426346716574,
58,5/20/2019,42.16828250046055,
58,6/18/2019,35.68085442324997,
58,7/17/2019,77.84913692371052,
58,8/19/2019,74.60542288572857,
58,9/8/2019,71.36170884649994,
58,10/7/2019,48.65571057761729,
58,11/22/2019,39.44319114517042,
58,12/5/2019,38.92456846185526,
58,1/31/2020,29.193426346716574,
58,2/12/2020,12.97485615374397,
58,3/12/2020,38.92456846185526,
58,5/23/2020,68.11799480851799,
58,6/17/2020,48.65571057761729,
58,7/15/2020,61.630566731361256,
58,9/23/2020,71.36170884712328,
58,10/22/2020,29.193426346716574,
58,11/21/2020,64.41652105,
58,12/23/2020,,no intersection
58,1/23/2021,32.43714038532187,
58,2/7/2021,36.105682171631294,
58,3/16/2021,55.14313865415068,
58,4/14/2021,55.14313865415068,
58,5/7/2021,34.37343920699442,
58,5/23/2021,57.079437476500416,
58,6/6/2021,34.37343920699442,
58,8/17/2021,63.10910583224037,
58,9/11/2021,61.630566731361256,
58,9/30/2021,47.34829536068455,
58,10/11/2021,35.68085442392715,
58,11/11/2021,29.193426346716574,
58,12/9/2021,39.34939621018274,
58,1/12/2022,25.949712308111287,
58,2/11/2022,13.84097763637408,
58,3/5/2022,32.43714038532187,
58,4/26/2022,42.593110248164685,
58,5/17/2022,45.41199653906583,
58,7/15/2022,55.14313865415068,
58,9/5/2022,61.630566731361256,
58,9/16/2022,58.38685269343315,
58,11/18/2022,39.34939621018274,
58,12/17/2022,37.50689232349786,
58,1/25/2023,22.705998269505997,
58,2/9/2023,,no intersection
58,6/18/2023,42.16828250046055,
58,7/28/2023,64.87428076996655,
58,9/7/2023,45.41199653906583,
58,10/6/2023,32.43714038532187,
58,11/7/2023,31.460757981159425,
59,5/6/2017,30.888099442333317,
59,6/5/2017,,no intersection
59,8/2/2017,42.168282499783366,
59,9/27/2017,51.89942461559923,
59,10/14/2017,32.662300124640346,
59,11/27/2017,35.68085442392715,
59,12/23/2017,,no intersection
59,1/6/2018,25.949712308111287,
59,2/10/2018,7.595175285380817,
59,3/27/2018,29.193426346039395,
59,4/2/2018,38.92456846185526,
59,6/10/2018,64.87428077002038,
59,7/15/2018,58.38685269,
59,8/31/2018,64.87428077002038,
59,9/13/2018,51.89942461559923,
59,10/15/2018,51.89942461559923,
59,11/16/2018,45.41199653838865,
59,12/13/2018,19.46228423090071,
59,1/1/2019,29.193426346716574,
59,2/22/2019,24.841965099317697,
59,4/30/2019,32.437140384698516,
59,5/20/2019,42.16828250046055,
59,6/18/2019,35.680854423303806,
59,7/17/2019,77.84913692376435,
59,8/19/2019,77.84913692376435,
59,9/8/2019,66.05935693,
59,10/7/2019,45.41199653838865,
59,11/22/2019,35.68085442324997,
59,12/5/2019,35.68085442392715,
59,1/31/2020,29.193426346039395,
59,2/12/2020,22.70599826955983,
59,3/12/2020,42.16828250046055,
59,5/23/2020,71.36170884655378,
59,6/17/2020,51.89942461627641,
59,7/15/2020,61.63056673141509,
59,9/23/2020,64.21685304105662,
59,10/22/2020,42.168282499783366,
59,11/21/2020,64.87428077002038,
59,12/23/2020,,no intersection
59,1/23/2021,32.43714038464468,
59,2/7/2021,32.43714038464468,
59,3/16/2021,51.89942461627641,
59,4/14/2021,55.14313865420452,
59,5/7/2021,35.68085442324997,
59,5/23/2021,51.89942461559923,
59,6/6/2021,35.68085442324997,
59,8/17/2021,61.63056673141509,
59,9/11/2021,64.87428077002038,
59,9/30/2021,42.16828250046055,
59,10/11/2021,38.92456846185526,
59,11/11/2021,32.43714038464468,
59,12/9/2021,32.437140384698516,
59,1/12/2022,25.94971230748794,
59,2/11/2022,16.218570192295424,
59,3/5/2022,29.193426346716574,
59,4/26/2022,45.63715628,
59,5/17/2022,42.375665885711584,
59,7/15/2022,55.14313865420452,
59,9/5/2022,61.63056673141509,
59,9/16/2022,51.89942461559923,
59,11/18/2022,35.906014163245636,
59,12/17/2022,35.68085442392715,
59,1/25/2023,29.19342634609323,
59,2/9/2023,,no intersection
59,6/18/2023,35.906014163245636,
59,7/28/2023,61.63056673141509,
59,9/7/2023,42.16828250046055,
59,10/6/2023,32.43714038464468,
59,11/7/2023,22.705998269505997,
6,5/6/2017,22.70599826955983,
6,6/5/2017,,no intersection
6,8/2/2017,51.89942461627641,
6,9/27/2017,,no intersection
6,10/14/2017,29.193426346716574,
6,11/27/2017,,no intersection
6,12/23/2017,,no intersection
6,1/6/2018,38.92456846190909,
6,2/10/2018,31.283389550630428,
6,3/27/2018,35.68085442392715,
6,4/2/2018,38.92456846190909,
6,6/10/2018,35.68085442398098,
6,7/15/2018,63.10910583283255,
6,8/31/2018,90.82399307750832,
6,9/13/2018,77.84913692,
6,10/15/2018,63.82156293281334,
6,11/16/2018,51.89942461633024,
6,12/13/2018,24.378371787266087,
6,1/1/2019,29.19342634677041,
6,2/22/2019,32.437140384698516,
6,4/30/2019,38.92456846185526,
6,5/20/2019,48.65571057767112,
6,6/18/2019,41.99815213148192,
6,7/17/2019,74.60542289,
6,8/19/2019,68.11799480800232,
6,9/8/2019,55.14313865425835,
6,10/7/2019,51.89942461633024,
6,11/22/2019,35.68085442392715,
6,12/5/2019,34.96839732337684,
6,1/31/2020,38.92456846185526,
6,2/12/2020,34.96839732337684,
6,3/12/2020,48.65571057704778,
6,5/23/2020,63.72052993600613,
6,6/17/2020,,no intersection
6,7/15/2020,70.30899100997009,
6,9/23/2020,78.19762923904725,
6,10/22/2020,35.680854423303806,
6,11/21/2020,48.65571057767112,
6,12/23/2020,,no intersection
6,1/23/2021,28.480969246843443,
6,2/7/2021,25.237255208238157,
6,3/16/2021,25.77958193913266,
6,4/14/2021,38.212111361982124,
6,5/7/2021,32.43714038532187,
6,5/23/2021,51.89942461633024,
6,6/6/2021,42.16828250046055,
6,8/17/2021,51.89942461627641,
6,9/11/2021,48.65571057772496,
6,9/30/2021,41.455825400587415,
6,10/11/2021,42.16828250046055,
6,11/11/2021,29.19342634677041,
6,12/9/2021,35.68085442392715,
6,1/12/2022,19.462284230954545,
6,2/11/2022,25.94971230816512,
6,3/5/2022,35.680854423303806,
6,4/26/2022,25.94971230748794,
6,5/17/2022,42.16828250051438,
6,7/15/2022,32.43714038532187,
6,9/5/2022,45.41199653911966,
6,9/16/2022,,no intersection
6,11/18/2022,51.89942461633024,
6,12/17/2022,51.18696751640328,
6,1/25/2023,22.70599826955983,
6,2/9/2023,,no intersection
6,6/18/2023,35.68085442392715,
6,7/28/2023,77.84913692376435,
6,9/7/2023,58.38685269,
6,10/6/2023,45.41199653906583,
6,11/7/2023,32.43714039,
60,5/6/2017,29.19342634655507,
60,6/5/2017,,no intersection
60,8/2/2017,38.924568462317104,
60,9/27/2017,55.14313865450486,
60,10/14/2017,32.43714038516036,
60,11/27/2017,32.437140385837544,
60,12/23/2017,,no intersection
60,1/6/2018,25.94971230800362,
60,2/10/2018,12.974856153636301,
60,3/27/2018,29.193426346608906,
60,4/2/2018,35.680854423765645,
60,6/10/2018,64.87428077026689,
60,7/15/2018,55.14313865455869,
60,8/31/2018,,no intersection
60,9/13/2018,49.14884151573068,
60,10/15/2018,58.38685269316398,
60,11/16/2018,45.41199653879666,
60,12/13/2018,29.193426346608906,
60,1/1/2019,28.28534713334023,
60,2/22/2019,22.70599827007551,
60,4/30/2019,35.680854423711814,
60,5/20/2019,42.16828250086856,
60,6/18/2019,35.680854423711814,
60,7/17/2019,74.60542288602892,
60,8/19/2019,68.11799480954936,
60,9/8/2019,68.11799480887217,
60,10/7/2019,51.89942461595341,
60,11/22/2019,,no intersection
60,12/5/2019,38.924568462317104,
60,1/31/2020,29.193426346608906,
60,2/12/2020,29.193426346608906,
60,3/12/2020,45.41199653947385,
60,5/23/2020,64.87428077026689,
60,6/17/2020,48.68120232120403,
60,7/15/2020,61.630566731661595,
60,9/23/2020,71.36170884742363,
60,10/22/2020,51.89942461595341,
60,11/21/2020,84.33656500173711,
60,12/23/2020,,no intersection
60,1/23/2021,27.81770794,
60,2/7/2021,35.680854423711814,
60,3/16/2021,45.41199653947385,
60,4/14/2021,55.14313865455869,
60,5/7/2021,35.680854423765645,
60,5/23/2021,55.14313865455869,
60,6/6/2021,35.680854423765645,
60,8/17/2021,58.38685269378733,
60,9/11/2021,61.630566732392616,
60,9/30/2021,32.437140385837544,
60,10/11/2021,35.680854423765645,
60,11/11/2021,32.43714038516036,
60,12/9/2021,25.94971230800362,
60,1/12/2022,29.19342634655507,
60,2/11/2022,19.462284230846876,
60,3/5/2022,32.437140385837544,
60,4/26/2022,48.65571057807913,
60,5/17/2022,45.41199653879666,
60,7/15/2022,51.89942461595341,
60,9/5/2022,64.87428077026689,
60,9/16/2022,61.63056673171543,
60,11/18/2022,38.95006021,
60,12/17/2022,32.43714038510653,
60,1/25/2023,22.70599827007551,
60,2/9/2023,,no intersection
60,6/18/2023,35.680854423711814,
60,7/28/2023,64.87428077032072,
60,9/7/2023,39.443191143824556,
60,10/6/2023,29.193426346608906,
60,11/7/2023,26.41649778648516,
61,5/6/2017,25.949712308111287,
61,6/5/2017,,no intersection
61,8/2/2017,32.43714038532187,
61,9/27/2017,55.14313865477403,
61,10/14/2017,32.43714038532187,
61,11/27/2017,32.43714038532187,
61,12/23/2017,,no intersection
61,1/6/2018,22.705998269505997,
61,2/10/2018,9.731142115138683,
61,3/27/2018,32.43714038526803,
61,4/2/2018,38.924568462478604,
61,6/10/2018,67.50252481,
61,7/15/2018,51.899424616222575,
61,8/31/2018,64.87428076996655,
61,9/13/2018,51.899424616168744,
61,10/15/2018,58.38685269343315,
61,11/16/2018,45.411996539011994,
61,12/13/2018,19.72940169922007,
61,1/1/2019,16.218570192349258,
61,2/22/2019,19.72940169922007,
61,4/30/2019,38.92456846185526,
61,5/20/2019,42.16828250046055,
61,6/18/2019,35.68085442324997,
61,7/17/2019,74.60542289,
61,8/19/2019,55.928878805839034,
61,9/8/2019,64.25881077,
61,10/7/2019,51.899424616222575,
61,11/22/2019,48.48153431101068,
61,12/5/2019,32.43714038532187,
61,1/31/2020,32.43714038526803,
61,2/12/2020,25.949712308111287,
61,3/12/2020,45.411996539011994,
61,5/23/2020,64.87428076996655,
61,6/17/2020,48.65571057761729,
61,7/15/2020,64.87428076991272,
61,9/23/2020,68.81079375781643,
61,10/22/2020,57.77138269252391,
61,11/21/2020,76.79237318860632,
61,12/23/2020,,no intersection
61,1/23/2021,33.12993933456646,
61,2/7/2021,35.68085442319614,
61,3/16/2021,45.411996539011994,
61,4/14/2021,51.899424616222575,
61,5/7/2021,33.12993933456646,
61,5/23/2021,55.143138654827865,
61,6/6/2021,42.168282501083894,
61,8/17/2021,59.17259284444432,
61,9/11/2021,65.56707971921114,
61,9/30/2021,51.283954615367165,
61,10/11/2021,42.168282501083894,
61,11/11/2021,35.68085442387331,
61,12/9/2021,16.218570192349258,
61,1/12/2022,26.64251125735588,
61,2/11/2022,19.462284230954545,
61,3/5/2022,32.43714038532187,
61,4/26/2022,51.899424616222575,
61,5/17/2022,46.10479548831043,
61,7/15/2022,55.14313865415068,
61,9/5/2022,68.11799480851799,
61,9/16/2022,55.143138654827865,
61,11/18/2022,42.168282501083894,
61,12/17/2022,39.61736741177703,
61,1/25/2023,25.949712308111287,
61,2/9/2023,,no intersection
61,6/18/2023,33.12993933456646,
61,7/28/2023,68.11799480851799,
61,9/7/2023,45.411996539011994,
61,10/6/2023,31.55455292,
61,11/7/2023,29.460543814358754,
62,5/6/2017,32.43714038516036,
62,6/5/2017,,no intersection
62,8/2/2017,43.06074944943763,
62,9/27/2017,51.89942461663058,
62,10/14/2017,29.19342634655507,
62,11/27/2017,32.43714038516036,
62,12/23/2017,,no intersection
62,1/6/2018,26.842179256518857,
62,2/10/2018,12.974856154367318,
62,3/27/2018,25.94971230800362,
62,4/2/2018,32.43714038516036,
62,6/10/2018,71.81288206063606,
62,7/15/2018,55.14313865518204,
62,8/31/2018,76.89909999,
62,9/13/2018,51.89942461663058,
62,10/15/2018,58.38685269311014,
62,11/16/2018,46.30446348798908,
62,12/13/2018,29.19342634655507,
62,1/1/2019,26.842179256518857,
62,2/22/2019,25.949712307949785,
62,4/30/2019,42.168282500191374,
62,5/20/2019,42.168282500191374,
62,6/18/2019,32.50458985345539,
62,7/17/2019,71.36170884747746,
62,8/19/2019,61.630566731661595,
62,9/8/2019,68.11799480887217,
62,10/7/2019,48.65571058,
62,11/22/2019,37.14951404360425,
62,12/5/2019,35.680854423711814,
62,1/31/2020,25.949712307949785,
62,2/12/2020,25.94971230800362,
62,3/12/2020,45.86316975268627,
62,5/23/2020,68.11799480881834,
62,6/17/2020,51.89942461663058,
62,7/15/2020,61.630566732392616,
62,9/23/2020,77.84913692458036,
62,10/22/2020,55.14313865450486,
62,11/21/2020,81.09285096318565,
62,12/23/2020,,no intersection
62,1/23/2021,29.19342634655507,
62,2/7/2021,35.680854423765645,
62,3/16/2021,38.924568462317104,
62,4/14/2021,55.59431186839447,
62,5/7/2021,29.19342634655507,
62,5/23/2021,55.14313865450486,
62,6/6/2021,48.65571058,
62,8/17/2021,68.11799480887217,
62,9/11/2021,64.87428077026689,
62,9/30/2021,45.41199653947385,
62,10/11/2021,39.443191143770726,
62,11/11/2021,29.19342634655507,
62,12/9/2021,9.731142116,
62,1/12/2022,22.70599826939833,
62,2/11/2022,19.462284230793042,
62,3/5/2022,38.92456846226327,
62,4/26/2022,52.35059782984301,
62,5/17/2022,45.41199653947385,
62,7/15/2022,55.14313865523587,
62,9/5/2022,65.76674771883596,
62,9/16/2022,61.63056673171543,
62,11/18/2022,42.16828250086856,
62,12/17/2022,42.16828250086856,
62,1/25/2023,25.949712307949785,
62,2/9/2023,,no intersection
62,6/18/2023,32.43714038516036,
62,7/28/2023,61.63056673171543,
62,9/7/2023,49.68307646256109,
62,10/6/2023,32.43714038516036,
62,11/7/2023,31.487103446775386,
63,5/6/2017,19.462284230954545,
63,6/5/2017,,no intersection
63,8/2/2017,42.16828250046055,
63,9/27/2017,48.65571057767112,
63,10/14/2017,33.52927534682984,
63,11/27/2017,35.680854423303806,
63,12/23/2017,,no intersection
63,1/6/2018,19.46228423090071,
63,2/10/2018,9.731142115192517,
63,3/27/2018,25.81749376443643,
63,4/2/2018,32.43714038532187,
63,6/10/2018,64.87428077002038,
63,7/15/2018,58.386852693486986,
63,8/31/2018,64.12391184546682,
63,9/13/2018,51.89942461627641,
63,10/15/2018,54.128332642247415,
63,11/16/2018,42.16828250046055,
63,12/13/2018,30.28556130822455,
63,1/1/2019,22.70599826955983,
63,2/22/2019,19.46228423090071,
63,4/30/2019,45.41199653838865,
63,5/20/2019,40.6348538,
63,6/18/2019,29.19342634609323,
63,7/17/2019,61.630566731468925,
63,8/19/2019,55.143138654881696,
63,9/8/2019,68.11799480862567,
63,10/7/2019,46.23969441317026,
63,11/22/2019,45.41199653906583,
63,12/5/2019,38.92456846185526,
63,1/31/2020,25.81749376443643,
63,2/12/2020,25.949712308111287,
63,3/12/2020,42.16828250046055,
63,5/23/2020,68.11799480794848,
63,6/17/2020,43.43727411,
63,7/15/2020,67.10318879599139,
63,9/23/2020,77.09876799915696,
63,10/22/2020,45.41199653906583,
63,11/21/2020,77.84913692,
63,12/23/2020,,no intersection
63,1/23/2021,29.193426346716574,
63,2/7/2021,25.949712308111287,
63,3/16/2021,32.43714038464468,
63,4/14/2021,51.89942461627641,
63,5/7/2021,22.705998269505997,
63,5/23/2021,52.991559577784386,
63,6/6/2021,48.65571057704778,
63,8/17/2021,64.87428077002038,
63,9/11/2021,64.87428077002038,
63,9/30/2021,36.772989385435125,
63,10/11/2021,42.16828250046055,
63,11/11/2021,25.949712308111287,
63,12/9/2021,6.4874280765872285,
63,1/12/2022,20.554419192408687,
63,2/11/2022,19.46228423090071,
63,3/5/2022,35.68085442392715,
63,4/26/2022,49.30655180503798,
63,5/17/2022,45.41199653906583,
63,7/15/2022,51.89942461559923,
63,9/5/2022,62.72270169292307,
63,9/16/2022,58.386852693486986,
63,11/18/2022,47.331829374624405,
63,12/17/2022,38.92456846185526,
63,1/25/2023,19.46228423090071,
63,2/9/2023,,no intersection
63,6/18/2023,35.68085442392715,
63,7/28/2023,43.26041746196852,
63,9/7/2023,46.23969441317026,
63,10/6/2023,29.193426346716574,
63,11/7/2023,22.705998269505997,
64,5/6/2017,19.46228423090071,
64,6/5/2017,,no intersection
64,8/2/2017,42.16828250040671,
64,9/27/2017,48.65571057761729,
64,10/14/2017,32.43714038526803,
64,11/27/2017,32.43714038532187,
64,12/23/2017,,no intersection
64,1/6/2018,20.754087196963603,
64,2/10/2018,9.731142115138683,
64,3/27/2018,22.705998269505997,
64,4/2/2018,29.19342634666274,
64,6/10/2018,64.87428076996655,
64,7/15/2018,55.143138654827865,
64,8/31/2018,51.899424616168744,
64,9/13/2018,51.899424616168744,
64,10/15/2018,57.17237867581328,
64,11/16/2018,40.21637142786432,
64,12/13/2018,27.241515274120342,
64,1/1/2019,25.949712308111287,
64,2/22/2019,20.754087196963603,
64,4/30/2019,54.81125210570558,
64,5/20/2019,45.411996539011994,
64,6/18/2019,32.43714038464468,
64,7/17/2019,58.386852692755966,
64,8/19/2019,48.65571057761729,
64,9/8/2019,68.11799480851799,
64,10/7/2019,46.70379950507489,
64,11/22/2019,42.16828250040671,
64,12/5/2019,40.21637142786432,
64,1/31/2020,22.705998269505997,
64,2/12/2020,25.949712308111287,
64,3/12/2020,38.92456846180142,
64,5/23/2020,77.84913692365669,
64,6/17/2020,49.50621980937755,
64,7/15/2020,64.87428076991272,
64,9/23/2020,71.36170884712328,
64,10/22/2020,33.72894335133092,
64,11/21/2020,81.09285096288532,
64,12/23/2020,,no intersection
64,1/23/2021,27.241515274120342,
64,2/7/2021,25.949712308111287,
64,3/16/2021,35.68085442324997,
64,4/14/2021,45.411996539011994,
64,5/7/2021,25.949712308111287,
64,5/23/2021,51.899424616168744,
64,6/6/2021,52.74993384730566,
64,8/17/2021,58.38685269337932,
64,9/11/2021,58.38685269337932,
64,9/30/2021,42.16828250040671,
64,10/11/2021,38.924568462478604,
64,11/11/2021,29.19342634666274,
64,12/9/2021,6.487428076533394,
64,1/12/2022,22.705998269505997,
64,2/11/2022,14.266659120430209,
64,3/5/2022,38.92456846185526,
64,4/26/2022,42.16828250040671,
64,5/17/2022,48.65571057761729,
64,7/15/2022,48.65571057694011,
64,9/5/2022,61.63056673130742,
64,9/16/2022,55.14313865477403,
64,11/18/2022,42.16828250040671,
64,12/17/2022,38.92456846180142,
64,1/25/2023,22.705998269505997,
64,2/9/2023,,no intersection
64,6/18/2023,32.43714038526803,
64,7/28/2023,48.10500965688763,
64,9/7/2023,43.46008547,
64,10/6/2023,29.19342634666274,
64,11/7/2023,20.972901569248155,
65,5/6/2017,19.372023420133967,
65,6/5/2017,,no intersection
65,8/2/2017,39.443191143824556,
65,9/27/2017,45.41199653947385,
65,10/14/2017,25.949712307949785,
65,11/27/2017,29.19342634655507,
65,12/23/2017,,no intersection
65,1/6/2018,19.462284230846876,
65,2/10/2018,6.487428077156742,
65,3/27/2018,25.598679383983228,
65,4/2/2018,32.08610746113997,
65,6/10/2018,61.63056673233878,
65,7/15/2018,55.14313865450486,
65,8/31/2018,48.65571058,
65,9/13/2018,48.65571058,
65,10/15/2018,48.65571058,
65,11/16/2018,37.172325386699306,
65,12/13/2018,25.41815776188023,
65,1/1/2019,25.94971230800362,
65,2/22/2019,20.953755193834372,
65,4/30/2019,51.89942461595341,
65,5/20/2019,45.41199653879666,
65,6/18/2019,36.73103165134266,
65,7/17/2019,51.89942461663058,
65,8/19/2019,42.16828250086856,
65,9/8/2019,62.68074395996963,
65,10/7/2019,45.41199653942001,
65,11/22/2019,42.16828250086856,
65,12/5/2019,42.16828250086856,
65,1/31/2020,22.70599826939833,
65,2/12/2020,22.70599826939833,
65,3/12/2020,38.924568462317104,
65,5/23/2020,74.60542288597509,
65,6/17/2020,61.63056673233878,
65,7/15/2020,70.99774405889497,
65,9/23/2020,74.60542288602892,
65,10/22/2020,25.949712307949785,
65,11/21/2020,81.09285096313182,
65,12/23/2020,,no intersection
65,1/23/2021,25.949712307949785,
65,2/7/2021,22.615737458685423,
65,3/16/2021,35.680854423711814,
65,4/14/2021,39.974745689894114,
65,5/7/2021,22.70599826939833,
65,5/23/2021,45.41199653942001,
65,6/6/2021,49.70588780565614,
65,8/17/2021,60.21642471555593,
65,9/11/2021,58.38685269311014,
65,9/30/2021,43.65975346385605,
65,10/11/2021,32.43714038516036,
65,11/11/2021,29.19342634655507,
65,12/9/2021,7.537605304787588,
65,1/12/2022,19.462284230793042,
65,2/11/2022,19.462284230793042,
65,3/5/2022,32.43714038510653,
65,4/26/2022,38.393013916193716,
65,5/17/2022,45.41199653947385,
65,7/15/2022,48.65571058,
65,9/5/2022,61.63056673171543,
65,9/16/2022,55.14313865450486,
65,11/18/2022,42.16828250086856,
65,12/17/2022,37.172325386699306,
65,1/25/2023,22.70599826939833,
65,2/9/2023,,no intersection
65,6/18/2023,32.08610746113997,
65,7/28/2023,38.924568462317104,
65,9/7/2023,40.41603943,
65,10/6/2023,29.19342634655507,
65,11/7/2023,22.70599826939833,
66,5/6/2017,23.66591468733912,
66,6/5/2017,,no intersection
66,8/2/2017,38.92456846185526,
66,9/27/2017,45.41199653906583,
66,10/14/2017,29.193426346716574,
66,11/27/2017,22.705998269505997,
66,12/23/2017,,no intersection
66,1/6/2018,17.32985152104853,
66,2/10/2018,9.731142115138683,
66,3/27/2018,,no intersection
66,4/2/2018,29.193426346716574,
66,6/10/2018,60.458050439342195,
66,7/15/2018,55.14313865420452,
66,8/31/2018,38.92456846185526,
66,9/13/2018,51.89942461627641,
66,10/15/2018,48.65571057767112,
66,11/16/2018,35.68085442324997,
66,12/13/2018,12.974856154367318,
66,1/1/2019,29.193426346716574,
66,2/22/2019,12.974856154367318,
66,4/30/2019,58.38685269,
66,5/20/2019,48.65571057699394,
66,6/18/2019,35.68085442324997,
66,7/17/2019,49.905555818617714,
66,8/19/2019,51.89942461559923,
66,9/8/2019,68.11799480862567,
66,10/7/2019,48.88440443751863,
66,11/22/2019,45.41199653906583,
66,12/5/2019,35.68085442324997,
66,1/31/2020,25.949712308111287,
66,2/12/2020,25.949712308111287,
66,3/12/2020,38.193345903923486,
66,5/23/2020,64.87428077,
66,6/17/2020,69.36784005024944,
66,7/15/2020,75.85526812678283,
66,9/23/2020,68.11799480862567,
66,10/22/2020,25.949712308111287,
66,11/21/2020,77.84913692376435,
66,12/23/2020,,no intersection
66,1/23/2021,22.705998269505997,
66,2/7/2021,,no intersection
66,3/16/2021,35.68085442324997,
66,4/14/2021,48.65571057767112,
66,5/7/2021,28.46220379,
66,5/23/2021,51.89942461627641,
66,6/6/2021,51.89942461559923,
66,8/17/2021,55.143138654881696,
66,9/11/2021,58.386852693486986,
66,9/30/2021,45.64069039891335,
66,10/11/2021,28.46220379,
66,11/11/2021,29.193426346716574,
66,12/9/2021,6.487428077210576,
66,1/12/2022,22.705998269505997,
66,2/11/2022,19.46228423090071,
66,3/5/2022,29.193426346716574,
66,4/26/2022,40.174413703479026,
66,5/17/2022,42.168282499783366,
66,7/15/2022,46.661841780689606,
66,9/5/2022,58.386852693486986,
66,9/16/2022,58.386852693486986,
66,11/18/2022,38.92456846185526,
66,12/17/2022,32.43714038464468,
66,1/25/2023,17.32985152104853,
66,2/9/2023,,no intersection
66,6/18/2023,28.46220379,
66,7/28/2023,32.28577547434804,
66,9/7/2023,35.68085442324997,
66,10/6/2023,32.43714038532187,
66,11/7/2023,22.705998269505997,
67,5/6/2017,24.15551150635434,
67,6/5/2017,,no intersection
67,8/2/2017,35.680854423711814,
67,9/27/2017,42.168282500814726,
67,10/14/2017,22.70599826939833,
67,11/27/2017,16.21857019224159,
67,12/23/2017,,no intersection
67,1/6/2018,19.462284230846876,
67,2/10/2018,16.218570192864938,
67,3/27/2018,32.43714038510653,
67,4/2/2018,25.949712307949785,
67,6/10/2018,64.48129012083837,
67,7/15/2018,51.89942461657675,
67,8/31/2018,38.92456846226327,
67,9/13/2018,44.03981224834564,
67,10/15/2018,45.41199653942001,
67,11/16/2018,42.168282500814726,
67,12/13/2018,19.462284230793042,
67,1/1/2019,31.084233318975397,
67,2/22/2019,16.21857019224159,
67,4/30/2019,62.63878623388431,
67,5/20/2019,51.89942461595341,
67,6/18/2019,33.348753716450524,
67,7/17/2019,48.65571058,
67,8/19/2019,45.41199653942001,
67,9/8/2019,67.72500415938981,
67,10/7/2019,45.41199653942001,
67,11/22/2019,48.65571058,
67,12/5/2019,38.92456846226327,
67,1/31/2020,20.37389756213704,
67,2/12/2020,25.94971230800362,
67,3/12/2020,48.65571058,
67,5/23/2020,71.36170885,
67,6/17/2020,68.11799480881834,
67,7/15/2020,72.81122208437965,
67,9/23/2020,71.36170885,
67,10/22/2020,29.19342634655507,
67,11/21/2020,81.09285096307799,
67,12/23/2020,,no intersection
67,1/23/2021,19.462284230846876,
67,2/7/2021,32.43714038510653,
67,3/16/2021,38.92456846226327,
67,4/14/2021,51.89942461657675,
67,5/7/2021,32.43714038510653,
67,5/23/2021,45.41199653942001,
67,6/6/2021,51.89942461657675,
67,8/17/2021,51.92845047704595,
67,9/11/2021,55.14313865450486,
67,9/30/2021,45.41199653874283,
67,10/11/2021,32.43714038510653,
67,11/11/2021,25.949712307949785,
67,12/9/2021,7.8886382287003105,
67,1/12/2022,19.462284230793042,
67,2/11/2022,16.21857019224159,
67,3/5/2022,29.19342634655507,
67,4/26/2022,45.41199653942001,
67,5/17/2022,51.89942461657675,
67,7/15/2022,42.16828250086856,
67,9/5/2022,61.630566731607765,
67,9/16/2022,58.435155778522585,
67,11/18/2022,38.97287154772954,
67,12/17/2022,38.92456846226327,
67,1/25/2023,22.70599826939833,
67,2/9/2023,,no intersection
67,6/18/2023,25.94971230800362,
67,7/28/2023,25.949712307949785,
67,9/7/2023,32.43714038516036,
67,10/6/2023,29.19342634655507,
67,11/7/2023,20.37389756213704,
68,5/6/2017,25.949712308111287,
68,6/5/2017,,no intersection
68,8/2/2017,35.680854423303806,
68,9/27/2017,47.08385827489603,
68,10/14/2017,20.174229548951626,
68,11/27/2017,22.70599826955983,
68,12/23/2017,,no intersection
68,1/6/2018,25.94971230748794,
68,2/10/2018,16.218570192349258,
68,3/27/2018,32.43714038532187,
68,4/2/2018,19.462284230954545,
68,6/10/2018,58.65750427666576,
68,7/15/2018,51.89942461559923,
68,8/31/2018,38.92456846190909,
68,9/13/2018,48.65571057704778,
68,10/15/2018,48.65571057704778,
68,11/16/2018,38.92456846190909,
68,12/13/2018,19.462284230954545,
68,1/1/2019,32.43714038532187,
68,2/22/2019,16.218570192349258,
68,4/30/2019,64.87428077002038,
68,5/20/2019,51.193453721396715,
68,6/18/2019,35.68085442392715,
68,7/17/2019,45.41199653838865,
68,8/19/2019,51.89942461559923,
68,9/8/2019,67.92467217,
68,10/7/2019,48.65571057704778,
68,11/22/2019,58.38685269,
68,12/5/2019,45.41199653844249,
68,1/31/2020,20.174229548951626,
68,2/12/2020,22.705998269505997,
68,3/12/2020,51.89942461559923,
68,5/23/2020,80.38688006748994,
68,6/17/2020,67.92467217,
68,7/15/2020,66.10484877165563,
68,9/23/2020,64.87428077007422,
68,10/22/2020,25.94971230748794,
68,11/21/2020,77.84913692376435,
68,12/23/2020,,no intersection
68,1/23/2021,20.174229548951626,
68,2/7/2021,39.636513779852336,
68,3/16/2021,45.21867390408357,
68,4/14/2021,48.65571057767112,
68,5/7/2021,29.441397445875435,
68,5/23/2021,38.92456846190909,
68,6/6/2021,51.70610198129415,
68,8/17/2021,61.87853783125113,
68,9/11/2021,59.61742069449888,
68,9/30/2021,45.41199653906583,
68,10/11/2021,25.94971230748794,
68,11/11/2021,22.95396936934204,
68,12/9/2021,12.974856154367318,
68,1/12/2022,19.462284230954545,
68,2/11/2022,19.462284230954545,
68,3/5/2022,32.437140384698516,
68,4/26/2022,38.92456846185526,
68,5/17/2022,55.143138654881696,
68,7/15/2022,45.21867390408357,
68,9/5/2022,59.61742069449888,
68,9/16/2022,55.14313865425835,
68,11/18/2022,38.92456846190909,
68,12/17/2022,38.92456846190909,
68,1/25/2023,19.462284230954545,
68,2/9/2023,,no intersection
68,6/18/2023,25.94971230748794,
68,7/28/2023,25.949712308111287,
68,9/7/2023,28.062867778082612,
68,10/6/2023,35.92882552308601,
68,11/7/2023,22.95396936934204,
69,5/6/2017,27.798561565822343,
69,6/5/2017,,no intersection
69,8/2/2017,29.193426346716574,
69,9/27/2017,48.65571057699394,
69,10/14/2017,25.949712308111287,
69,11/27/2017,12.97485615374397,
69,12/23/2017,,no intersection
69,1/6/2018,22.70599826955983,
69,2/10/2018,15.777276458208137,
69,3/27/2018,29.19342634609323,
69,4/2/2018,22.705998268882652,
69,6/10/2018,55.143138654881696,
69,7/15/2018,55.14313865425835,
69,8/31/2018,39.44319114554726,
69,9/13/2018,42.615921606197354,
69,10/15/2018,45.41199653906583,
69,11/16/2018,35.75183800120516,
69,12/13/2018,16.66620929876325,
69,1/1/2019,29.193426346716574,
69,2/22/2019,16.66620929876325,
69,4/30/2019,64.87428077002038,
69,5/20/2019,55.14313865425835,
69,6/18/2019,42.17462787211007,
69,7/17/2019,44.08176996442343,
69,8/19/2019,61.63056673141509,
69,9/8/2019,64.87428077002038,
69,10/7/2019,55.14313865420452,
69,11/22/2019,47.331829374624405,
69,12/5/2019,42.16828250046055,
69,1/31/2020,26.461989619530414,
69,2/12/2020,27.863199772074175,
69,3/12/2020,42.16828250046055,
69,5/23/2020,81.09285096236964,
69,6/17/2020,64.87428077002038,
69,7/15/2020,64.87428077,
69,9/23/2020,65.90518076507767,
69,10/22/2020,35.62443417884441,
69,11/21/2020,81.09285096236964,
69,12/23/2020,,no intersection
69,1/23/2021,36.12849352966396,
69,2/7/2021,38.92456846190909,
69,3/16/2021,42.16828250046055,
69,4/14/2021,55.143138654881696,
69,5/7/2021,29.641065452453386,
69,5/23/2021,42.615921606197354,
69,6/6/2021,50.56919804163401,
69,8/17/2021,61.63056673073791,
69,9/11/2021,51.89942461627641,
69,9/30/2021,32.43714038532187,
69,10/11/2021,38.92456846185526,
69,11/11/2021,19.909923336691357,
69,12/9/2021,16.218570192349258,
69,1/12/2022,19.462284230954545,
69,2/11/2022,22.705998268882652,
69,3/5/2022,35.68085442324997,
69,4/26/2022,25.94971230816512,
69,5/17/2022,48.72669415494913,
69,7/15/2022,45.41199653906583,
69,9/5/2022,62.078205837151906,
69,9/16/2022,58.38685269,
69,11/18/2022,36.12849352966396,
69,12/17/2022,48.65571057699394,
69,1/25/2023,22.705998268882652,
69,2/9/2023,,no intersection
69,6/18/2023,29.19342634609323,
69,7/28/2023,19.462284230954545,
69,9/7/2023,34.350627848607566,
69,10/6/2023,36.12849352966396,
69,11/7/2023,26.397351413901934,
7,5/6/2017,25.949712307949785,
7,6/5/2017,,no intersection
7,8/2/2017,51.89942461663058,
7,9/27/2017,,no intersection
7,10/14/2017,27.42241782541637,
7,11/27/2017,,no intersection
7,12/23/2017,,no intersection
7,1/6/2018,38.924568462317104,
7,2/10/2018,,no intersection
7,3/27/2018,32.43714038516036,
7,4/2/2018,38.924568462317104,
7,6/10/2018,25.94971231,
7,7/15/2018,57.43276985788203,
7,8/31/2018,77.84913692463421,
7,9/13/2018,71.36170884742363,
7,10/15/2018,64.87428077026689,
7,11/16/2018,58.38685269311014,
7,12/13/2018,32.43714038516036,
7,1/1/2019,25.94971230800362,
7,2/22/2019,29.19342634655507,
7,4/30/2019,23.594419320447084,
7,5/20/2019,41.21419966496326,
7,6/18/2019,42.16828250086856,
7,7/17/2019,76.89505408867507,
7,8/19/2019,62.51898778276419,
7,9/8/2019,52.78784566700216,
7,10/7/2019,48.65571057734812,
7,11/22/2019,38.924568462317104,
7,12/5/2019,35.680854423711814,
7,1/31/2020,35.680854423711814,
7,2/12/2020,25.94971230800362,
7,3/12/2020,42.168282500922395,
7,5/23/2020,51.89942461595341,
7,6/17/2020,,no intersection
7,7/15/2020,68.11799480887217,
7,9/23/2020,77.84913692463421,
7,10/22/2020,35.311056054170514,
7,11/21/2020,48.65571057734812,
7,12/23/2020,,no intersection
7,1/23/2021,29.19342634655507,
7,2/7/2021,25.949712307949785,
7,3/16/2021,25.94971230800362,
7,4/14/2021,38.924568462317104,
7,5/7/2021,35.680854423711814,
7,5/23/2021,55.14313865450486,
7,6/6/2021,38.924568462317104,
7,8/17/2021,51.89942461595341,
7,9/11/2021,51.088332511732645,
7,9/30/2021,45.41199653947385,
7,10/11/2021,42.16828250086856,
7,11/11/2021,32.43714038516036,
7,12/9/2021,30.66613186402166,
7,1/12/2022,19.46228423152406,
7,2/11/2022,25.436923207401136,
7,3/5/2022,38.92456846226327,
7,4/26/2022,25.949712307949785,
7,5/17/2022,42.168282500922395,
7,7/15/2022,32.43714038516036,
7,9/5/2022,48.65571057734812,
7,9/16/2022,,no intersection
7,11/18/2022,55.14313865450486,
7,12/17/2022,48.65571057734812,
7,1/25/2023,25.949712307949785,
7,2/9/2023,,no intersection
7,6/18/2023,35.680854423711814,
7,7/28/2023,74.60542288602892,
7,9/7/2023,55.14313865450486,
7,10/6/2023,38.924568462317104,
7,11/7/2023,29.19342634655507,
70,5/6/2017,27.99822955937805,
70,6/5/2017,,no intersection
70,8/2/2017,34.15095985357567,
70,9/27/2017,51.89942461657675,
70,10/14/2017,25.949712307949785,
70,11/27/2017,12.974856153690135,
70,12/23/2017,,no intersection
70,1/6/2018,22.70599826939833,
70,2/10/2018,16.218570192864938,
70,3/27/2018,25.949712307949785,
70,4/2/2018,27.99822955937805,
70,6/10/2018,48.65571058,
70,7/15/2018,55.14313865450486,
70,8/31/2018,49.928236311030126,
70,9/13/2018,48.65571057797146,
70,10/15/2018,45.41199653942001,
70,11/16/2018,42.168282500814726,
70,12/13/2018,19.462284230793042,
70,1/1/2019,32.43714038516036,
70,2/22/2019,16.21857019224159,
70,4/30/2019,58.386852693733495,
70,5/20/2019,48.65571057797146,
70,6/18/2019,39.23717777918884,
70,7/17/2019,45.41199653942001,
70,8/19/2019,63.23779025,
70,9/8/2019,64.87428077021306,
70,10/7/2019,51.899424616522914,
70,11/22/2019,42.168282500814726,
70,12/5/2019,38.92456846226327,
70,1/31/2020,23.665914686154768,
70,2/12/2020,25.94971230800362,
70,3/12/2020,45.61800990384039,
70,5/23/2020,84.10128463063934,
70,6/17/2020,70.79173069409775,
70,7/15/2020,65.70551276848458,
70,9/23/2020,73.41022609879806,
70,10/22/2020,29.840733446385933,
70,11/21/2020,79.89765418,
70,12/23/2020,,no intersection
70,1/23/2021,29.19342634655507,
70,2/7/2021,47.331829372309535,
70,3/16/2021,45.41199653942001,
70,4/14/2021,52.10543798099713,
70,5/7/2021,37.39467389218096,
70,5/23/2021,48.65571057797146,
70,6/6/2021,53.61324409,
70,8/17/2021,62.27787383149246,
70,9/11/2021,58.38685269305631,
70,9/30/2021,32.43714038510653,
70,10/11/2021,38.92456846226327,
70,11/11/2021,22.705998269344494,
70,12/9/2021,16.218570192864938,
70,1/12/2022,22.705998269344494,
70,2/11/2022,13.622163253467164,
70,3/5/2022,34.15095985357567,
70,4/26/2022,32.43714038510653,
70,5/17/2022,48.65571058,
70,7/15/2022,48.65571057797146,
70,9/5/2022,68.11799480881834,
70,9/16/2022,51.899424616522914,
70,11/18/2022,45.41199653936618,
70,12/17/2022,39.443191143609226,
70,1/25/2023,22.70599826939833,
70,2/9/2023,,no intersection
70,6/18/2023,19.462284230793042,
70,7/28/2023,29.50603566348065,
70,9/7/2023,34.15095985357567,
70,10/6/2023,35.680854423657976,
70,11/7/2023,29.193426346501237,
71,5/6/2017,19.462284230954545,
71,6/5/2017,,no intersection
71,8/2/2017,29.193426346039395,
71,9/27/2017,48.65571057699394,
71,10/14/2017,25.949712308111287,
71,11/27/2017,12.97485615374397,
71,12/23/2017,,no intersection
71,1/6/2018,22.818939573246162,
71,2/10/2018,25.94971230816512,
71,3/27/2018,16.218570192349258,
71,4/2/2018,29.193426346716574,
71,6/10/2018,50.462602108866186,
71,7/15/2018,48.65571057767112,
71,8/31/2018,57.61720652832156,
71,9/13/2018,45.41199653906583,
71,10/15/2018,48.65571057699394,
71,11/16/2018,42.168282499783366,
71,12/13/2018,15.777276458208137,
71,1/1/2019,25.949712308111287,
71,2/22/2019,13.821831267783093,
71,4/30/2019,61.63056673141509,
71,5/20/2019,45.41199653906583,
71,6/18/2019,48.65571057704778,
71,7/17/2019,45.41199653911966,
71,8/19/2019,72.43456656875041,
71,9/8/2019,60.63503795876934,
71,10/7/2019,55.14313865420452,
71,11/22/2019,38.92456846185526,
71,12/5/2019,30.70757780237715,
71,1/31/2020,26.796687421527064,
71,2/12/2020,19.575225535318058,
71,3/12/2020,51.89942461565306,
71,5/23/2020,74.60542288515906,
71,6/17/2020,81.09285096236964,
71,7/15/2020,68.7495588,
71,9/23/2020,68.11799480862567,
71,10/22/2020,25.94971230748794,
71,11/21/2020,64.87428077002038,
71,12/23/2020,,no intersection
71,1/23/2021,25.949712308111287,
71,2/7/2021,45.41199653906583,
71,3/16/2021,46.92614799540359,
71,4/14/2021,45.41199653906583,
71,5/7/2021,29.30636765045674,
71,5/23/2021,45.41199653906583,
71,6/6/2021,56.65729011054227,
71,8/17/2021,64.87428077002038,
71,9/11/2021,55.14313865420452,
71,9/30/2021,30.70757780237715,
71,10/11/2021,38.92456846185526,
71,11/11/2021,22.705998269505997,
71,12/9/2021,19.462284230954545,
71,1/12/2022,22.705998269505997,
71,2/11/2022,16.218570192349258,
71,3/5/2022,37.195005879587725,
71,4/26/2022,29.19342634677041,
71,5/17/2022,48.65571057767112,
71,7/15/2022,48.65571057767112,
71,9/5/2022,71.36170884723096,
71,9/16/2022,57.39132392016405,
71,11/18/2022,50.90389584295347,
71,12/17/2022,42.16828250046055,
71,1/25/2023,25.949712308111287,
71,2/9/2023,,no intersection
71,6/18/2023,25.949712308111287,
71,7/28/2023,32.550081689062026,
71,9/7/2023,35.68085442324997,
71,10/6/2023,41.17275372781479,
71,11/7/2023,29.19342634609323,
72,5/6/2017,25.949712307949785,
72,6/5/2017,,no intersection
72,8/2/2017,29.19342634655507,
72,9/27/2017,41.640262070927776,
72,10/14/2017,25.94971230800362,
72,11/27/2017,21.218061423216795,
72,12/23/2017,,no intersection
72,1/6/2018,25.862985613419486,
72,2/10/2018,29.19342634655507,
72,3/27/2018,,no intersection
72,4/2/2018,32.43714038510653,
72,6/10/2018,45.41199653947385,
72,7/15/2018,48.65571058,
72,8/31/2018,61.63056673171543,
72,9/13/2018,48.655710577401955,
72,10/15/2018,51.89942461595341,
72,11/16/2018,42.16828250024521,
72,12/13/2018,22.70599826939833,
72,1/1/2019,25.949712307949785,
72,2/22/2019,12.974856153690135,
72,4/30/2019,59.70133615,
72,5/20/2019,42.16828250086856,
72,6/18/2019,42.16828250086856,
72,7/17/2019,45.41199653942001,
72,8/19/2019,77.84913692458036,
72,9/8/2019,61.630566731661595,
72,10/7/2019,51.89942461595341,
72,11/22/2019,34.88499365,
72,12/5/2019,35.680854423711814,
72,1/31/2020,32.43714038516036,
72,2/12/2020,25.949712307949785,
72,3/12/2020,45.41199653942001,
72,5/23/2020,84.50062064247206,
72,6/17/2020,81.09285096318565,
72,7/15/2020,64.87428077026689,
72,9/23/2020,74.60542288602892,
72,10/22/2020,32.43714038516036,
72,11/21/2020,68.11799480881834,
72,12/23/2020,,no intersection
72,1/23/2021,22.70599826939833,
72,2/7/2021,51.89942461657675,
72,3/16/2021,51.89942461663058,
72,4/14/2021,48.65571058,
72,5/7/2021,29.19342634655507,
72,5/23/2021,42.16828250024521,
72,6/6/2021,58.38685269378733,
72,8/17/2021,58.38685269311014,
72,9/11/2021,51.89942461595341,
72,9/30/2021,39.443191143824556,
72,10/11/2021,29.19342634655507,
72,11/11/2021,25.94971230800362,
72,12/9/2021,22.70599826939833,
72,1/12/2022,19.462284230793042,
72,2/11/2022,9.731142115084848,
72,3/5/2022,35.680854423711814,
72,4/26/2022,29.19342634655507,
72,5/17/2022,48.65571058,
72,7/15/2022,48.65571058,
72,9/5/2022,63.10910583014083,
72,9/16/2022,57.590991917604335,
72,11/18/2022,48.12769014808452,
72,12/17/2022,35.680854423711814,
72,1/25/2023,19.462284230846876,
72,2/9/2023,,no intersection
72,6/18/2023,16.21857019224159,
72,7/28/2023,38.92456846226327,
72,9/7/2023,42.16828250086856,
72,10/6/2023,42.16828250086856,
72,11/7/2023,32.350413690576225,
73,5/6/2017,25.949712308111287,
73,6/5/2017,,no intersection
73,8/2/2017,29.193426346716574,
73,9/27/2017,45.41199653906583,
73,10/14/2017,31.840947622808788,
73,11/27/2017,16.218570192349258,
73,12/23/2017,,no intersection
73,1/6/2018,22.70599826955983,
73,2/10/2018,38.92456846185526,
73,3/27/2018,39.72958585193977,
73,4/2/2018,31.554552916416274,
73,6/10/2018,42.16828250046055,
73,7/15/2018,48.65571057767112,
73,8/31/2018,64.27808800750731,
73,9/13/2018,51.89942461627641,
73,10/15/2018,48.65571057772496,
73,11/16/2018,41.44059405998074,
73,12/13/2018,25.35351954559821,
73,1/1/2019,22.70599826955983,
73,2/22/2019,12.97485615374397,
73,4/30/2019,55.50686231014791,
73,5/20/2019,52.52787797990318,
73,6/18/2019,47.61822408101692,
73,7/17/2019,48.65571057767112,
73,8/19/2019,77.84913692376435,
73,9/8/2019,64.87428077002038,
73,10/7/2019,51.89942461627641,
73,11/22/2019,32.43714038532187,
73,12/5/2019,39.44319114554726,
73,1/31/2020,29.193426346716574,
73,2/12/2020,25.94971230816512,
73,3/12/2020,48.65571057767112,
73,5/23/2020,86.10149880883873,
73,6/17/2020,74.60542288515906,
73,7/15/2020,64.87428077002038,
73,9/23/2020,74.60542288578242,
73,10/22/2020,35.47549365657322,
73,11/21/2020,64.87428077002038,
73,12/23/2020,,no intersection
73,1/23/2021,9.886041143564471,
73,2/7/2021,51.89942461559923,
73,3/16/2021,54.10565215755032,
73,4/14/2021,47.61822408101692,
73,5/7/2021,25.35351954559821,
73,5/23/2021,42.16828250046055,
73,6/6/2021,61.99429039,
73,8/17/2021,55.14313865420452,
73,9/11/2021,51.89942461565306,
73,9/30/2021,42.16828250051438,
73,10/11/2021,29.193426346716574,
73,11/11/2021,23.66591468733912,
73,12/9/2021,22.705998269505997,
73,1/12/2022,22.109805506992924,
73,2/11/2022,9.731142116,
73,3/5/2022,32.43714038532187,
73,4/26/2022,29.19342634609323,
73,5/17/2022,45.41199653906583,
73,7/15/2022,48.65571057699394,
73,9/5/2022,55.81666036626847,
73,9/16/2022,55.143138654881696,
73,11/18/2022,48.65571057767112,
73,12/17/2022,39.44319114554726,
73,1/25/2023,22.705998269505997,
73,2/9/2023,,no intersection
73,6/18/2023,12.974856154367318,
73,7/28/2023,40.03938390806034,
73,9/7/2023,42.16828250046055,
73,10/6/2023,42.16828250046055,
73,11/7/2023,38.92456846185526,
74,5/6/2017,34.23487529520044,
74,6/5/2017,,no intersection
74,8/2/2017,31.95107767,
74,9/27/2017,36.59600186463096,
74,10/14/2017,25.949712308111287,
74,11/27/2017,16.218570192295424,
74,12/23/2017,,no intersection
74,1/6/2018,16.218570192295424,
74,2/10/2018,29.193426346716574,
74,3/27/2018,29.193426346716574,
74,4/2/2018,23.710683663306742,
74,6/10/2018,38.92456846180142,
74,7/15/2018,45.411996539011994,
74,8/31/2018,68.11799480857184,
74,9/13/2018,55.143138654827865,
74,10/15/2018,48.65571057761729,
74,11/16/2018,48.65571057761729,
74,12/13/2018,24.062439445135784,
74,1/1/2019,29.193426346716574,
74,2/22/2019,12.97485615374397,
74,4/30/2019,51.899424616168744,
74,5/20/2019,42.16828250040671,
74,6/18/2019,51.899424616168744,
74,7/17/2019,51.061606123284605,
74,8/19/2019,75.07927659218359,
74,9/8/2019,71.36170884649994,
74,10/7/2019,42.16828250040671,
74,11/22/2019,45.411996539011994,
74,12/5/2019,39.83971590323625,
74,1/31/2020,32.43714038532187,
74,2/12/2020,25.46364959694852,
74,3/12/2020,55.14313865477403,
74,5/23/2020,67.19063836316028,
74,6/17/2020,74.60542288572857,
74,7/15/2020,74.60542288572857,
74,9/23/2020,84.33656500086725,
74,10/22/2020,45.411996539011994,
74,11/21/2020,74.60542288510523,
74,12/23/2020,,no intersection
74,1/23/2021,19.46228423090071,
74,2/7/2021,45.411996539011994,
74,3/16/2021,54.30532016183606,
74,4/14/2021,45.411996539011994,
74,5/7/2021,25.949712308111287,
74,5/23/2021,45.01547178,
74,6/6/2021,58.38685269337932,
74,8/17/2021,58.386852692755966,
74,9/11/2021,55.22046760327088,
74,9/30/2021,41.77175774239471,
74,10/11/2021,32.43714038526803,
74,11/11/2021,25.949712308111287,
74,12/9/2021,25.94971230748794,
74,1/12/2022,22.705998269505997,
74,2/11/2022,12.97485615374397,
74,3/5/2022,38.92456846185526,
74,4/26/2022,25.94971230748794,
74,5/17/2022,42.16828250046055,
74,7/15/2022,48.65571057699394,
74,9/5/2022,64.98011231321608,
74,9/16/2022,61.63056673203844,
74,11/18/2022,51.899424616222575,
74,12/17/2022,45.411996539011994,
74,1/25/2023,22.705998269505997,
74,2/9/2023,,no intersection
74,6/18/2023,19.462284230954545,
74,7/28/2023,45.411996539011994,
74,9/7/2023,48.65571057761729,
74,10/6/2023,42.16828250040671,
74,11/7/2023,35.68085442387331,
75,5/6/2017,35.680854423711814,
75,6/5/2017,,no intersection
75,8/2/2017,32.43714038516036,
75,9/27/2017,42.168282500191374,
75,10/14/2017,25.949712307949785,
75,11/27/2017,17.375343370924103,
75,12/23/2017,,no intersection
75,1/6/2018,22.509141508310936,
75,2/10/2018,35.680854423711814,
75,3/27/2018,29.19342634655507,
75,4/2/2018,9.731142115708195,
75,6/10/2018,27.547779221311764,
75,7/15/2018,38.92456846226327,
75,8/31/2018,64.87428077026689,
75,9/13/2018,58.38685269311014,
75,10/15/2018,51.89942461595341,
75,11/16/2018,55.14313865450486,
75,12/13/2018,27.106485486008953,
75,1/1/2019,29.19342634655507,
75,2/22/2019,11.329209028446828,
75,4/30/2019,54.457407946233324,
75,5/20/2019,42.16828250086856,
75,6/18/2019,51.89942461657675,
75,7/17/2019,51.89942461663058,
75,8/19/2019,77.84913692458036,
75,9/8/2019,74.60542288597509,
75,10/7/2019,51.89942461595341,
75,11/22/2019,42.16828250086856,
75,12/5/2019,38.924568462317104,
75,1/31/2020,35.680854423711814,
75,2/12/2020,28.507695637606357,
75,3/12/2020,46.56876971747918,
75,5/23/2020,77.84913692458036,
75,6/17/2020,78.12332263249576,
75,7/15/2020,79.05349031509039,
75,9/23/2020,101.31819484907822,
75,10/22/2020,35.680854423711814,
75,11/21/2020,71.36170884742363,
75,12/23/2020,,no intersection
75,1/23/2021,15.97413321864952,
75,2/7/2021,42.16828250086856,
75,3/16/2021,51.89942461663058,
75,4/14/2021,51.89942461663058,
75,5/7/2021,27.154065698459792,
75,5/23/2021,45.41199653879666,
75,6/6/2021,55.14313865518204,
75,8/17/2021,61.630566731661595,
75,9/11/2021,55.14313865450486,
75,9/30/2021,35.680854423711814,
75,10/11/2021,38.23883775331455,
75,11/11/2021,25.949712307949785,
75,12/9/2021,18.82413373497235,
75,1/12/2022,19.462284230793042,
75,2/11/2022,16.21857019224159,
75,3/5/2022,38.23883775331455,
75,4/26/2022,29.19342634655507,
75,5/17/2022,45.41199653947385,
75,7/15/2022,48.65571058,
75,9/5/2022,58.38685269311014,
75,9/16/2022,58.38685269311014,
75,11/18/2022,58.38685269311014,
75,12/17/2022,47.33182937,
75,1/25/2023,29.19342634655507,
75,2/9/2023,,no intersection
75,6/18/2023,20.666637621303053,
75,7/28/2023,42.16828250086856,
75,9/7/2023,48.65571057734812,
75,10/6/2023,42.16828250086856,
75,11/7/2023,38.92456846226327,
76,5/6/2017,,no intersection
76,6/5/2017,,no intersection
76,8/2/2017,35.68085442392715,
76,9/27/2017,38.92456846185526,
76,10/14/2017,,no intersection
76,11/27/2017,22.705998269505997,
76,12/23/2017,,no intersection
76,1/6/2018,19.46228423090071,
76,2/10/2018,33.39424555073396,
76,3/27/2018,32.43714038464468,
76,4/2/2018,,no intersection
76,6/10/2018,22.70599826955983,
76,7/15/2018,38.92456846190909,
76,8/31/2018,64.94879846715023,
76,9/13/2018,57.06016023801925,
76,10/15/2018,55.14313865420452,
76,11/16/2018,57.06016023801925,
76,12/13/2018,33.39424555073396,
76,1/1/2019,38.92456846185526,
76,2/22/2019,17.616969092471994,
76,4/30/2019,58.386852693486986,
76,5/20/2019,55.14313865425835,
76,6/18/2019,55.143138654881696,
76,7/17/2019,55.14313865420452,
76,8/19/2019,87.58027903890303,
76,9/8/2019,87.58027903890303,
76,10/7/2019,38.927379713599095,
76,11/22/2019,41.729800018063266,
76,12/5/2019,45.41199653838865,
76,1/31/2020,35.68085442324997,
76,2/12/2020,25.949712308111287,
76,3/12/2020,55.143138654881696,
76,5/23/2020,84.41108269878197,
76,6/17/2020,87.58027903890303,
76,7/15/2020,81.09285096236964,
76,9/23/2020,110.28627730914005,
76,10/22/2020,44.97351405666855,
76,11/21/2020,73.27873043104569,
76,12/23/2020,,no intersection
76,1/23/2021,27.35373371182937,
76,2/7/2021,42.16828250046055,
76,3/16/2021,54.25773993423227,
76,4/14/2021,58.38685269,
76,5/7/2021,25.94971230748794,
76,5/23/2021,45.41199653906583,
76,6/6/2021,58.386852693486986,
76,8/17/2021,61.63056673073791,
76,9/11/2021,55.14313865420452,
76,9/30/2021,38.92456846185526,
76,10/11/2021,38.92456846185526,
76,11/11/2021,29.19342634609323,
76,12/9/2021,24.10439716968257,
76,1/12/2022,25.50560732160298,
76,2/11/2022,19.46228423090071,
76,3/5/2022,38.92456846185526,
76,4/26/2022,35.680854423303806,
76,5/17/2022,45.41199653906583,
76,7/15/2022,48.65571057767112,
76,9/5/2022,58.38685269,
76,9/16/2022,61.19208424901781,
76,11/18/2022,55.14313865420452,
76,12/17/2022,48.65571057699394,
76,1/25/2023,33.39424555073396,
76,2/9/2023,,no intersection
76,6/18/2023,25.94971230748794,
76,7/28/2023,51.89942461627641,
76,9/7/2023,51.89942461559923,
76,10/6/2023,38.92456846185526,
76,11/7/2023,38.92456846185526,
77,5/6/2017,29.19342634717842,
77,6/5/2017,,no intersection
77,8/2/2017,29.950863515019904,
77,9/27/2017,35.883333671949586,
77,10/14/2017,25.949712307949785,
77,11/27/2017,25.949712307949785,
77,12/23/2017,,no intersection
77,1/6/2018,22.90847752,
77,2/10/2018,35.680854423657976,
77,3/27/2018,32.43714038510653,
77,4/2/2018,12.974856154313484,
77,6/10/2018,22.705998270021677,
77,7/15/2018,38.92456846226327,
77,8/31/2018,64.87428077026689,
77,9/13/2018,51.89942461595341,
77,10/15/2018,58.38685269311014,
77,11/16/2018,51.89942461595341,
77,12/13/2018,29.19342634655507,
77,1/1/2019,32.43714038510653,
77,2/22/2019,22.70599826939833,
77,4/30/2019,57.70674447,
77,5/20/2019,61.630566731607765,
77,6/18/2019,61.63056673228495,
77,7/17/2019,58.386852693679664,
77,8/19/2019,87.58027904023473,
77,9/8/2019,84.33656500168328,
77,10/7/2019,42.168282500814726,
77,11/22/2019,42.16828250086856,
77,12/5/2019,41.08321578,
77,1/31/2020,29.19342634655507,
77,2/12/2020,23.463435437863165,
77,3/12/2020,51.899424616522914,
77,5/23/2020,84.33656500168328,
77,6/17/2020,71.36170885,
77,7/15/2020,79.12519677439116,
77,9/23/2020,116.77370538678981,
77,10/22/2020,42.16828250086856,
77,11/21/2020,65.19042420394459,
77,12/23/2020,,no intersection
77,1/23/2021,22.062225286319595,
77,2/7/2021,55.143138655128205,
77,3/16/2021,61.63056673228495,
77,4/14/2021,64.87428077089024,
77,5/7/2021,,no intersection
77,5/23/2021,45.41199653942001,
77,6/6/2021,55.143138655128205,
77,8/17/2021,64.87428077021306,
77,9/11/2021,58.38685269305631,
77,9/30/2021,38.92456846226327,
77,10/11/2021,38.92456846226327,
77,11/11/2021,25.30593932492488,
77,12/9/2021,22.70599826939833,
77,1/12/2022,22.70599826939833,
77,2/11/2022,16.21857019224159,
77,3/5/2022,42.16828250086856,
77,4/26/2022,32.43714038510653,
77,5/17/2022,46.574392203790865,
77,7/15/2022,51.89942461657675,
77,9/5/2022,58.49268423603667,
77,9/16/2022,51.89942461657675,
77,11/18/2022,55.14313865450486,
77,12/17/2022,55.14313865450486,
77,1/25/2023,35.680854423657976,
77,2/9/2023,,no intersection
77,6/18/2023,22.70599826939833,
77,7/28/2023,45.41199653942001,
77,9/7/2023,48.65571057734812,
77,10/6/2023,44.326929820876956,
77,11/7/2023,41.08321578,
78,5/6/2017,22.70599826955983,
78,6/5/2017,,no intersection
78,8/2/2017,32.43714038464468,
78,9/27/2017,38.92456846185526,
78,10/14/2017,29.193426346039395,
78,11/27/2017,32.43714038464468,
78,12/23/2017,,no intersection
78,1/6/2018,25.949712307434105,
78,2/10/2018,42.16828250046055,
78,3/27/2018,29.193426346716574,
78,4/2/2018,16.218570192349258,
78,6/10/2018,17.658926816534272,
78,7/15/2018,36.679917313347694,
78,8/31/2018,74.60542288583625,
78,9/13/2018,58.38685269,
78,10/15/2018,63.148252305150976,
78,11/16/2018,58.38685269,
78,12/13/2018,32.437140384698516,
78,1/1/2019,38.885421989590654,
78,2/22/2019,31.59369938873471,
78,4/30/2019,52.45719377155583,
78,5/20/2019,54.66269844779879,
78,6/18/2019,57.10211796208153,
78,7/17/2019,58.38685269,
78,8/19/2019,74.60542288515906,
78,9/8/2019,72.87939442028966,
78,10/7/2019,48.65571057767112,
78,11/22/2019,45.41199653906583,
78,12/5/2019,55.14313865420452,
78,1/31/2020,38.92456846185526,
78,2/12/2020,25.949712308111287,
78,3/12/2020,48.65571057699394,
78,5/23/2020,77.84913692376435,
78,6/17/2020,64.39384056361465,
78,7/15/2020,77.84913692376435,
78,9/23/2020,103.31840902552375,
78,10/22/2020,38.92456846185526,
78,11/21/2020,58.38685269,
78,12/23/2020,,no intersection
78,1/23/2021,32.437140384698516,
78,2/7/2021,55.14313865420452,
78,3/16/2021,55.220467603755395,
78,4/14/2021,68.11799480862567,
78,5/7/2021,32.39799391243391,
78,5/23/2021,42.16828250046055,
78,6/6/2021,51.89942461559923,
78,8/17/2021,63.10910583288638,
78,9/11/2021,61.63056673141509,
78,9/30/2021,42.16828250046055,
78,10/11/2021,39.48233761781186,
78,11/11/2021,25.949712308111287,
78,12/9/2021,29.193426346716574,
78,1/12/2022,29.193426346716574,
78,2/11/2022,22.705998269505997,
78,3/5/2022,42.16828250046055,
78,4/26/2022,29.19342634609323,
78,5/17/2022,45.41199653906583,
78,7/15/2022,53.85840392415342,
78,9/5/2022,55.14313865420452,
78,9/16/2022,48.65571057767112,
78,11/18/2022,58.38685269,
78,12/17/2022,55.10399218193991,
78,1/25/2023,29.193426346039395,
78,2/9/2023,,no intersection
78,6/18/2023,25.949712308111287,
78,7/28/2023,58.34770622,
78,9/7/2023,51.89942461559923,
78,10/6/2023,47.33182937467824,
78,11/7/2023,47.37097584694285,
79,5/6/2017,22.705998268882652,
79,6/5/2017,,no intersection
79,8/2/2017,32.43714038532187,
79,9/27/2017,40.78971130640385,
79,10/14/2017,34.637745420708214,
79,11/27/2017,29.19342634677041,
79,12/23/2017,,no intersection
79,1/6/2018,24.709023689934714,
79,2/10/2018,42.52638365,
79,3/27/2018,29.19342634609323,
79,4/2/2018,19.622805765267895,
79,6/10/2018,12.97485615374397,
79,7/15/2018,39.72396334599838,
79,8/31/2018,74.08093656625547,
79,9/13/2018,51.89942461565306,
79,10/15/2018,58.386852693486986,
79,11/16/2018,55.143138654881696,
79,12/13/2018,29.19342634609323,
79,1/1/2019,22.70599826955983,
79,2/22/2019,25.94971230816512,
79,4/30/2019,61.630566731468925,
79,5/20/2019,61.630566731468925,
79,6/18/2019,58.386852692863634,
79,7/17/2019,71.36170884660761,
79,8/19/2019,82.41086852952758,
79,9/8/2019,,no intersection
79,10/7/2019,47.331829374624405,
79,11/22/2019,48.65571057772496,
79,12/5/2019,51.89942461565306,
79,1/31/2020,32.59766191901186,
79,2/12/2020,25.94971230816512,
79,3/12/2020,45.41199653911966,
79,5/23/2020,81.09285096236964,
79,6/17/2020,68.11799480862567,
79,7/15/2020,68.27851634226184,
79,9/23/2020,72.92344053278752,
79,10/22/2020,29.19342634609323,
79,11/21/2020,,no intersection
79,12/23/2020,,no intersection
79,1/23/2021,29.19342634609323,
79,2/7/2021,55.143138654881696,
79,3/16/2021,58.386852692863634,
79,4/14/2021,61.63056673141509,
79,5/7/2021,26.74910719163106,
79,5/23/2021,45.41199653911966,
79,6/6/2021,42.16828250051438,
79,8/17/2021,62.94858429857303,
79,9/11/2021,55.143138654881696,
79,9/30/2021,39.44319114554726,
79,10/11/2021,32.437140384698516,
79,11/11/2021,22.70599826955983,
79,12/9/2021,32.43714039,
79,1/12/2022,23.505393153025775,
79,2/11/2022,19.462284230954545,
79,3/5/2022,38.92456846190909,
79,4/26/2022,39.72396334599838,
79,5/17/2022,42.16828250051438,
79,7/15/2022,55.14313865425835,
79,9/5/2022,51.89942461565306,
79,9/16/2022,48.65571057704778,
79,11/18/2022,58.30366010804733,
79,12/17/2022,55.05994606944205,
79,1/25/2023,29.19342634677041,
79,2/9/2023,,no intersection
79,6/18/2023,34.637745420708214,
79,7/28/2023,55.14313865420452,
79,9/7/2023,48.57251799290865,
79,10/6/2023,45.41199653844249,
79,11/7/2023,45.41199653844249,
8,5/6/2017,29.193426346716574,
8,6/5/2017,,no intersection
8,8/2/2017,55.14313865477403,
8,9/27/2017,,no intersection
8,10/14/2017,25.949712308111287,
8,11/27/2017,,no intersection
8,12/23/2017,,no intersection
8,1/6/2018,38.92456846185526,
8,2/10/2018,19.462284230954545,
8,3/27/2018,32.43714038532187,
8,4/2/2018,35.68085442324997,
8,6/10/2018,32.43714038526803,
8,7/15/2018,48.65571057761729,
8,8/31/2018,71.36170884712328,
8,9/13/2018,74.60542288572857,
8,10/15/2018,69.20608386945976,
8,11/16/2018,59.474941753643904,
8,12/13/2018,32.43714038464468,
8,1/1/2019,25.949712308111287,
8,2/22/2019,25.949712308111287,
8,4/30/2019,29.19342634666274,
8,5/20/2019,29.193426346716574,
8,6/18/2019,44.65758171316122,
8,7/17/2019,74.60542288572857,
8,8/19/2019,64.87428076991272,
8,9/8/2019,60.619806619485864,
8,10/7/2019,51.899424616222575,
8,11/22/2019,38.92456846185526,
8,12/5/2019,32.43714038464468,
8,1/31/2020,36.76894348,
8,2/12/2020,22.705998269505997,
8,3/12/2020,38.92456846185526,
8,5/23/2020,60.87615190613383,
8,6/17/2020,,no intersection
8,7/15/2020,68.11799480851799,
8,9/23/2020,81.09285096288532,
8,10/22/2020,45.411996539011994,
8,11/21/2020,48.65571057761729,
8,12/23/2020,,no intersection
8,1/23/2021,25.949712308111287,
8,2/7/2021,22.705998269505997,
8,3/16/2021,23.97903577804859,
8,4/14/2021,40.01265752274319,
8,5/7/2021,35.68085442324997,
8,5/23/2021,59.474941753643904,
8,6/6/2021,42.16828250046055,
8,8/17/2021,51.899424616222575,
8,9/11/2021,51.899424616222575,
8,9/30/2021,48.65571057761729,
8,10/11/2021,35.68085442324997,
8,11/11/2021,32.43714038464468,
8,12/9/2021,35.68085442324997,
8,1/12/2022,18.707869405727113,
8,2/11/2022,22.705998269505997,
8,3/5/2022,43.25637156134848,
8,4/26/2022,28.439011520865794,
8,5/17/2022,45.411996539011994,
8,7/15/2022,30.466463855259168,
8,9/5/2022,47.64495046511854,
8,9/16/2022,,no intersection
8,11/18/2022,48.65571057761729,
8,12/17/2022,48.65571057761729,
8,1/25/2023,22.705998269505997,
8,2/9/2023,,no intersection
8,6/18/2023,29.193426346716574,
8,7/28/2023,66.66594096182429,
8,9/7/2023,52.987513677110506,
8,10/6/2023,38.92456846185526,
8,11/7/2023,32.43714038464468,
80,5/6/2017,,no intersection
80,6/5/2017,,no intersection
80,8/2/2017,38.92456846226327,
80,9/27/2017,42.16828250086856,
80,10/14/2017,35.680854423711814,
80,11/27/2017,22.70599826939833,
80,12/23/2017,,no intersection
80,1/6/2018,22.70599826939833,
80,2/10/2018,50.417110256814574,
80,3/27/2018,25.94971230800362,
80,4/2/2018,29.19342634655507,
80,6/10/2018,6.487428077102908,
80,7/15/2018,35.59975021549321,
80,8/31/2018,71.36170884742363,
80,9/13/2018,50.21535388366911,
80,10/15/2018,58.38685269311014,
80,11/16/2018,54.860278073764135,
80,12/13/2018,22.70599826939833,
80,1/1/2019,23.066187796697875,
80,2/22/2019,22.70599826939833,
80,4/30/2019,61.63056673228495,
80,5/20/2019,51.89942461657675,
80,6/18/2019,45.57042969346642,
80,7/17/2019,74.60542288597509,
80,8/19/2019,82.21120053398852,
80,9/8/2019,61.630566731661595,
80,10/7/2019,45.41199653942001,
80,11/22/2019,48.65571057797146,
80,12/5/2019,46.97163984506383,
80,1/31/2020,32.43714038516036,
80,2/12/2020,29.19342634655507,
80,3/12/2020,42.16828250086856,
80,5/23/2020,94.06770711676812,
80,6/17/2020,68.11799481,
80,7/15/2020,64.87428077021306,
80,9/23/2020,76.36682256,
80,10/22/2020,31.55455291490891,
80,11/21/2020,42.16828250086856,
80,12/23/2020,,no intersection
80,1/23/2021,29.19342634655507,
80,2/7/2021,55.143138655128205,
80,3/16/2021,55.143138655128205,
80,4/14/2021,61.63056673228495,
80,5/7/2021,29.553615873854618,
80,5/23/2021,48.65571057797146,
80,6/6/2021,48.65571058,
80,8/17/2021,62.74891630251828,
80,9/11/2021,58.38685269311014,
80,9/30/2021,38.92456846226327,
80,10/11/2021,29.19342634655507,
80,11/11/2021,22.70599826939833,
80,12/9/2021,32.43714038510653,
80,1/12/2022,25.94971230800362,
80,2/11/2022,22.70599826939833,
80,3/5/2022,38.92456846226327,
80,4/26/2022,42.768009390379284,
80,5/17/2022,48.65571057797146,
80,7/15/2022,55.143138655128205,
80,9/5/2022,48.65571057734812,
80,9/16/2022,45.41199653942001,
80,11/18/2022,61.630566731661595,
80,12/17/2022,64.87428077021306,
80,1/25/2023,25.94971230800362,
80,2/9/2023,,no intersection
80,6/18/2023,31.194363387609368,
80,7/28/2023,50.21535388366911,
80,9/7/2023,51.89942461589957,
80,10/6/2023,45.41199653942001,
80,11/7/2023,42.32671565491497,
81,5/6/2017,16.218570192349258,
81,6/5/2017,,no intersection
81,8/2/2017,43.528257794080645,
81,9/27/2017,42.16828250046055,
81,10/14/2017,29.19342634609323,
81,11/27/2017,25.94971230748794,
81,12/23/2017,,no intersection
81,1/6/2018,22.705998268882652,
81,2/10/2018,48.65571057767112,
81,3/27/2018,25.94971230816512,
81,4/2/2018,35.680854423303806,
81,6/10/2018,0,
81,7/15/2018,29.19342634609323,
81,8/31/2018,68.11799480862567,
81,9/13/2018,58.38685269,
81,10/15/2018,58.38685269,
81,11/16/2018,55.14313865420452,
81,12/13/2018,22.70599826955983,
81,1/1/2019,22.70599826955983,
81,2/22/2019,20.022141772893026,
81,4/30/2019,61.630566731468925,
81,5/20/2019,48.65571057704778,
81,6/18/2019,61.63056673141509,
81,7/17/2019,74.12289429277146,
81,8/19/2019,81.09285096236964,
81,9/8/2019,74.60542288515906,
81,10/7/2019,48.65571057767112,
81,11/22/2019,48.65571057772496,
81,12/5/2019,48.65571057767112,
81,1/31/2020,34.238409413083076,
81,2/12/2020,25.94971230748794,
81,3/12/2020,45.530560346293676,
81,5/23/2020,100.55513519332418,
81,6/17/2020,61.74913053926628,
81,7/15/2020,64.87428077002038,
81,9/23/2020,68.11799480862567,
81,10/22/2020,51.89942461627641,
81,11/21/2020,42.16828250051438,
81,12/23/2020,,no intersection
81,1/23/2021,26.509569850049765,
81,2/7/2021,58.386852692863634,
81,3/16/2021,61.661622927949104,
81,4/14/2021,64.87428077007422,
81,5/7/2021,32.437140384698516,
81,5/23/2021,42.16828250046055,
81,6/6/2021,55.174194851361875,
81,8/17/2021,61.63056673141509,
81,9/11/2021,58.38685269,
81,9/30/2021,35.68085442324997,
81,10/11/2021,32.437140384698516,
81,11/11/2021,22.70599826955983,
81,12/9/2021,39.043132269760285,
81,1/12/2022,22.70599826955983,
81,2/11/2022,19.462284230954545,
81,3/5/2022,38.92456846190909,
81,4/26/2022,48.65571057772496,
81,5/17/2022,48.774274384898966,
81,7/15/2022,52.01798842350425,
81,9/5/2022,46.77197183268593,
81,9/16/2022,45.41199653906583,
81,11/18/2022,64.87428077002038,
81,12/17/2022,65.79296232949936,
81,1/25/2023,29.19342634609323,
81,2/9/2023,,no intersection
81,6/18/2023,32.43714038532187,
81,7/28/2023,61.63056673141509,
81,9/7/2023,51.89942461559923,
81,10/6/2023,48.65571057767112,
81,11/7/2023,48.65571057767112,
82,5/6/2017,14.69429810952499,
82,6/5/2017,,no intersection
82,8/2/2017,,no intersection
82,9/27/2017,35.680854423711814,
82,10/14/2017,25.94971230800362,
82,11/27/2017,25.94971230800362,
82,12/23/2017,,no intersection
82,1/6/2018,19.662675109417414,
82,2/10/2018,48.41480772,
82,3/27/2018,29.19342634655507,
82,4/2/2018,32.43714038510653,
82,6/10/2018,0,
82,7/15/2018,32.43714038510653,
82,8/31/2018,67.03501646083504,
82,9/13/2018,61.630566731661595,
82,10/15/2018,57.70465610091355,
82,11/16/2018,49.415236116372704,
82,12/13/2018,25.94971230800362,
82,1/1/2019,22.70599826939833,
82,2/22/2019,23.46552380836908,
82,4/30/2019,61.63056673171543,
82,5/20/2019,42.16828250086856,
82,6/18/2019,45.41199653942001,
82,7/17/2019,68.11799480887217,
82,8/19/2019,90.82399307889385,
82,9/8/2019,71.36170884742363,
82,10/7/2019,48.65571057734812,
82,11/22/2019,48.65571058,
82,12/5/2019,35.680854423711814,
82,1/31/2020,32.43714038510653,
82,2/12/2020,22.70599827007551,
82,3/12/2020,45.41199653947385,
82,5/23/2020,81.09285096313182,
82,6/17/2020,58.70508449672425,
82,7/15/2020,67.93150148092052,
82,9/23/2020,74.60542288602892,
82,10/22/2020,51.89942461595341,
82,11/21/2020,64.75121883914768,
82,12/23/2020,,no intersection
82,1/23/2021,26.150103185896974,
82,2/7/2021,61.5075048,
82,3/16/2021,55.14313865518204,
82,4/14/2021,56.74473968472663,
82,5/7/2021,35.680854423711814,
82,5/23/2021,51.89942461595341,
82,6/6/2021,,no intersection
82,8/17/2021,61.630566731661595,
82,9/11/2021,57.70465610091355,
82,9/30/2021,38.92456846226327,
82,10/11/2021,35.680854423711814,
82,11/11/2021,31.354162037123228,
82,12/9/2021,38.92456846226327,
82,1/12/2022,,no intersection
82,2/11/2022,22.70599826939833,
82,3/5/2022,45.17109368201055,
82,4/26/2022,48.65571058,
82,5/17/2022,48.65571058,
82,7/15/2022,51.89942461663058,
82,9/5/2022,55.14313865455869,
82,9/16/2022,50.81644627,
82,11/18/2022,68.11799480881834,
82,12/17/2022,68.11799480887217,
82,1/25/2023,25.94971230800362,
82,2/9/2023,,no intersection
82,6/18/2023,45.73022834303411,
82,7/28/2023,71.36170884742363,
82,9/7/2023,48.65571058,
82,10/6/2023,48.65571058,
82,11/7/2023,48.65571058,
83,5/6/2017,6.487428077156742,
83,6/5/2017,,no intersection
83,8/2/2017,31.55455292,
83,9/27/2017,36.640047973813765,
83,10/14/2017,32.43714038532187,
83,11/27/2017,22.705998269505997,
83,12/23/2017,,no intersection
83,1/6/2018,23.66519181944645,
83,2/10/2018,43.57021551995062,
83,3/27/2018,32.43714038464468,
83,4/2/2018,27.792939061903986,
83,6/10/2018,0,
83,7/15/2018,29.19342634666274,
83,8/31/2018,68.11799480851799,
83,9/13/2018,61.630566731361256,
83,10/15/2018,61.63056673,
83,11/16/2018,51.89942461554539,
83,12/13/2018,25.949712307434105,
83,1/1/2019,29.193426346039395,
83,2/22/2019,25.949712308111287,
83,4/30/2019,58.386852692755966,
83,5/20/2019,42.16828250040671,
83,6/18/2019,45.412719406689334,
83,7/17/2019,74.60542288572857,
83,8/19/2019,87.58027903941871,
83,9/8/2019,77.84913692433386,
83,10/7/2019,47.77240024076519,
83,11/22/2019,50.05764359710736,
83,12/5/2019,35.68085442387331,
83,1/31/2020,35.68085442324997,
83,2/12/2020,29.193426346716574,
83,3/12/2020,45.411996539011994,
83,5/23/2020,81.09285096226198,
83,6/17/2020,64.76844922617867,
83,7/15/2020,60.74870213054101,
83,9/23/2020,74.60542289,
83,10/22/2020,51.899424616222575,
83,11/21/2020,58.386852692755966,
83,12/23/2020,,no intersection
83,1/23/2021,32.43714038464468,
83,2/7/2021,48.65571057761729,
83,3/16/2021,48.65571057761729,
83,4/14/2021,58.38685269337932,
83,5/7/2021,,no intersection
83,5/23/2021,42.168282501083894,
83,6/6/2021,38.92456846180142,
83,8/17/2021,64.87428076991272,
83,9/11/2021,56.10233220471448,
83,9/30/2021,36.640047973813765,
83,10/11/2021,32.43714038532187,
83,11/11/2021,25.949712307434105,
83,12/9/2021,45.411996539011994,
83,1/12/2022,38.924568462478604,
83,2/11/2022,22.705998269505997,
83,3/5/2022,44.528686202837086,
83,4/26/2022,45.41199653833482,
83,5/17/2022,50.05764359710736,
83,7/15/2022,51.899424616222575,
83,9/5/2022,58.386852692755966,
83,9/16/2022,42.168282501083894,
83,11/18/2022,64.87428076991272,
83,12/17/2022,58.386852692755966,
83,1/25/2023,23.66519181944645,
83,2/9/2023,,no intersection
83,6/18/2023,48.65571057761729,
83,7/28/2023,71.36170884712328,
83,9/7/2023,52.858618166163026,
83,10/6/2023,48.65571057761729,
83,11/7/2023,47.33182937419373,
84,5/6/2017,3.2437140379819405,
84,6/5/2017,,no intersection
84,8/2/2017,25.94971230816512,
84,9/27/2017,40.12683347358303,
84,10/14/2017,31.75349805733993,
84,11/27/2017,22.70599826955983,
84,12/23/2017,,no intersection
84,1/6/2018,19.462284230954545,
84,2/10/2018,48.65571057704778,
84,3/27/2018,35.68085442392715,
84,4/2/2018,29.193426346716574,
84,6/10/2018,0,
84,7/15/2018,29.19342634609323,
84,8/31/2018,68.11799480862567,
84,9/13/2018,62.391538008947904,
84,10/15/2018,60.94692440343316,
84,11/16/2018,48.65571057772496,
84,12/13/2018,22.70599826955983,
84,1/1/2019,29.19342634677041,
84,2/22/2019,25.266069980129352,
84,4/30/2019,55.41941274467905,
84,5/20/2019,45.41199653906583,
84,6/18/2019,51.89942461627641,
84,7/17/2019,71.36170884660761,
84,8/19/2019,87.58027903952637,
84,9/8/2019,81.09285096236964,
84,10/7/2019,48.65571057767112,
84,11/22/2019,54.01820259208146,
84,12/5/2019,45.41199653906583,
84,1/31/2020,38.72562332166262,
84,2/12/2020,32.238195244505874,
84,3/12/2020,45.41199653906583,
84,5/23/2020,81.09285096236964,
84,6/17/2020,78.12541101,
84,7/15/2020,55.90410993179116,
84,9/23/2020,85.05413282480573,
84,10/22/2020,45.41199653911966,
84,11/21/2020,51.89942461627641,
84,12/23/2020,,no intersection
84,1/23/2021,28.50978401873464,
84,2/7/2021,55.41941274467905,
84,3/16/2021,55.143138654881696,
84,4/14/2021,63.10910583288638,
84,5/7/2021,38.92456846190909,
84,5/23/2021,48.65571057772496,
84,6/6/2021,35.68085442324997,
84,8/17/2021,63.792748160922145,
84,9/11/2021,55.14313865425835,
84,9/30/2021,32.437140384698516,
84,10/11/2021,38.92456846190909,
84,11/11/2021,29.19342634677041,
84,12/9/2021,48.65571057704778,
84,1/12/2022,42.16828250046055,
84,2/11/2022,32.43714039,
84,3/5/2022,48.65571057772496,
84,4/26/2022,42.16828250046055,
84,5/17/2022,51.89942461565306,
84,7/15/2022,45.41199653906583,
84,9/5/2022,64.87428077002038,
84,9/16/2022,44.77175766410872,
84,11/18/2022,70.28017624,
84,12/17/2022,61.630566731468925,
84,1/25/2023,22.70599826955983,
84,2/9/2023,,no intersection
84,6/18/2023,48.65571057704778,
84,7/28/2023,74.60542288515906,
84,9/7/2023,51.89942461565306,
84,10/6/2023,51.89942461565306,
84,11/7/2023,42.16828250051438,
85,5/6/2017,5.5621600081813805,
85,6/5/2017,,no intersection
85,8/2/2017,29.19342634655507,
85,9/27/2017,35.680854423711814,
85,10/14/2017,25.94971230800362,
85,11/27/2017,29.19342634655507,
85,12/23/2017,,no intersection
85,1/6/2018,19.462284230846876,
85,2/10/2018,48.65571058,
85,3/27/2018,,no intersection
85,4/2/2018,32.43714038510653,
85,6/10/2018,0,
85,7/15/2018,32.43714038510653,
85,8/31/2018,61.63056673171543,
85,9/13/2018,55.14313865455869,
85,10/15/2018,58.38685269311014,
85,11/16/2018,42.16828250086856,
85,12/13/2018,19.462284230846876,
85,1/1/2019,31.554552915070413,
85,2/22/2019,19.462284230846876,
85,4/30/2019,42.16828250086856,
85,5/20/2019,29.19342634655507,
85,6/18/2019,49.13165266070118,
85,7/17/2019,71.36170884742363,
85,8/19/2019,87.58027904,
85,9/8/2019,68.11799480887217,
85,10/7/2019,31.953166051541647,
85,11/22/2019,48.65571058,
85,12/5/2019,42.16828250086856,
85,1/31/2020,35.680854423711814,
85,2/12/2020,32.43714038516036,
85,3/12/2020,48.65571058,
85,5/23/2020,81.09285096313182,
85,6/17/2020,77.84913692458036,
85,7/15/2020,55.14313865450486,
85,9/23/2020,84.33656500173711,
85,10/22/2020,45.41199653942001,
85,11/21/2020,51.89942461663058,
85,12/23/2020,,no intersection
85,1/23/2021,29.19342634655507,
85,2/7/2021,51.50081148015935,
85,3/16/2021,54.74452551871081,
85,4/14/2021,55.14313865518204,
85,5/7/2021,32.43714038510653,
85,5/23/2021,39.927165477443275,
85,6/6/2021,38.92456846226327,
85,8/17/2021,63.59308016370571,
85,9/11/2021,58.38685269311014,
85,9/30/2021,29.19342634655507,
85,10/11/2021,32.03852724868913,
85,11/11/2021,25.94971230800362,
85,12/9/2021,56.14573567030821,
85,1/12/2022,38.92456846226327,
85,2/11/2022,35.680854423711814,
85,3/5/2022,51.059517744748874,
85,4/26/2022,38.924568462317104,
85,5/17/2022,48.65571058,
85,7/15/2022,58.38685269311014,
85,9/5/2022,61.630566731661595,
85,9/16/2022,44.57208966759213,
85,11/18/2022,68.11799480881834,
85,12/17/2022,63.59308016370571,
85,1/25/2023,22.70599826939833,
85,2/9/2023,,no intersection
85,6/18/2023,54.21787058620668,
85,7/28/2023,84.33656500179094,
85,9/7/2023,51.89942461595341,
85,10/6/2023,48.65571058,
85,11/7/2023,32.43714038510653,
86,5/6/2017,3.1594865956706366,
86,6/5/2017,,no intersection
86,8/2/2017,35.68085442324997,
86,9/27/2017,42.16828250040671,
86,10/14/2017,19.462284231577893,
86,11/27/2017,32.15283406283435,
86,12/23/2017,,no intersection
86,1/6/2018,19.46228423090071,
86,2/10/2018,35.68085442319614,
86,3/27/2018,,no intersection
86,4/2/2018,,no intersection
86,6/10/2018,0,
86,7/15/2018,23.665914687123784,
86,8/31/2018,45.411996539011994,
86,9/13/2018,51.899424616222575,
86,10/15/2018,55.14313865415068,
86,11/16/2018,38.92456846185526,
86,12/13/2018,19.462284231577893,
86,1/1/2019,28.90912002422906,
86,2/22/2019,22.705998269505997,
86,4/30/2019,39.44319114517042,
86,5/20/2019,25.949712308057453,
86,6/18/2019,42.16828250040671,
86,7/17/2019,71.36170884712328,
86,8/19/2019,84.33656500081342,
86,9/8/2019,71.36170885,
86,10/7/2019,35.68085442324997,
86,11/22/2019,54.544857507463426,
86,12/5/2019,35.68085442387331,
86,1/31/2020,29.193426346716574,
86,2/12/2020,25.949712308111287,
86,3/12/2020,45.41199653833482,
86,5/23/2020,77.84913692365669,
86,6/17/2020,71.36170885,
86,7/15/2020,61.630566731361256,
86,9/23/2020,85.65811668941558,
86,10/22/2020,42.16828250040671,
86,11/21/2020,58.386852692755966,
86,12/23/2020,,no intersection
86,1/23/2021,22.705998269505997,
86,2/7/2021,45.411996539011994,
86,3/16/2021,45.41199653833482,
86,4/14/2021,55.14313865415068,
86,5/7/2021,25.949712307434105,
86,5/23/2021,38.92456846185526,
86,6/6/2021,29.193426346716574,
86,8/17/2021,68.11799480851799,
86,9/11/2021,61.630566731361256,
86,9/30/2021,45.411996539011994,
86,10/11/2021,29.193426346039395,
86,11/11/2021,25.949712307434105,
86,12/9/2021,59.18978169861247,
86,1/12/2022,38.92456846180142,
86,2/11/2022,32.43714038464468,
86,3/5/2022,55.14313865415068,
86,4/26/2022,35.68085442324997,
86,5/17/2022,55.143138654827865,
86,7/15/2022,51.89942461554539,
86,9/5/2022,58.386852692755966,
86,9/16/2022,48.65571057694011,
86,11/18/2022,68.11799480851799,
86,12/17/2022,68.11799480851799,
86,1/25/2023,19.46228423090071,
86,2/9/2023,,no intersection
86,6/18/2023,51.899424616168744,
86,7/28/2023,77.84913692428003,
86,9/7/2023,48.76154212018963,
86,10/6/2023,48.65571057761729,
86,11/7/2023,38.92456846185526,
87,5/6/2017,0,
87,6/5/2017,,no intersection
87,8/2/2017,35.680854423765645,
87,9/27/2017,43.48485432908759,
87,10/14/2017,19.462284231470225,
87,11/27/2017,32.43714038516036,
87,12/23/2017,,no intersection
87,1/6/2018,25.94971230800362,
87,2/10/2018,42.168282500191374,
87,3/27/2018,22.70599827007551,
87,4/2/2018,19.462284230793042,
87,6/10/2018,19.546922554225244,
87,7/15/2018,22.180066211286665,
87,8/31/2018,45.41199653947385,
87,9/13/2018,51.89942461663058,
87,10/15/2018,51.89942461663058,
87,11/16/2018,35.680854423765645,
87,12/13/2018,25.949712307949785,
87,1/1/2019,38.924568462317104,
87,2/22/2019,16.218570192918772,
87,4/30/2019,38.924568461586084,
87,5/20/2019,27.43556078297939,
87,6/18/2019,38.924568461586084,
87,7/17/2019,76.60989404251215,
87,8/19/2019,77.84913692390319,
87,9/8/2019,70.12246597,
87,10/7/2019,42.16828250086856,
87,11/22/2019,48.65571057734812,
87,12/5/2019,38.924568462317104,
87,1/31/2020,29.19342634655507,
87,2/12/2020,29.19342634655507,
87,3/12/2020,45.41199653874283,
87,5/23/2020,77.84913692458036,
87,6/17/2020,68.11799480881834,
87,7/15/2020,58.38685269311014,
87,9/23/2020,88.70216272678952,
87,10/22/2020,48.65571058,
87,11/21/2020,51.89942461595341,
87,12/23/2020,,no intersection
87,1/23/2021,25.94971230800362,
87,2/7/2021,48.65571057734812,
87,3/16/2021,52.943979356249706,
87,4/14/2021,55.14313865450486,
87,5/7/2021,32.43714038516036,
87,5/23/2021,38.924568462317104,
87,6/6/2021,29.278064669987273,
87,8/17/2021,62.947138559880635,
87,9/11/2021,55.14313865523587,
87,9/30/2021,40.24114029053614,
87,10/11/2021,42.168282500922395,
87,11/11/2021,30.237981086851377,
87,12/9/2021,61.630566731661595,
87,1/12/2022,42.16828250086856,
87,2/11/2022,39.443191143824556,
87,3/5/2022,48.65571058,
87,4/26/2022,30.679274821584677,
87,5/17/2022,55.14313865450486,
87,7/15/2022,55.14313865450486,
87,9/5/2022,64.87428077094407,
87,9/16/2022,61.63056673233878,
87,11/18/2022,64.87428077026689,
87,12/17/2022,69.68117223067594,
87,1/25/2023,19.462284230793042,
87,2/9/2023,,no intersection
87,6/18/2023,54.617206596447026,
87,7/28/2023,77.84913692463421,
87,9/7/2023,45.41199653947385,
87,10/6/2023,48.129778519290284,
87,11/7/2023,38.92456846226327,
88,5/6/2017,0,
88,6/5/2017,,no intersection
88,8/2/2017,42.16828250046055,
88,9/27/2017,45.41199653906583,
88,10/14/2017,19.462284230954545,
88,11/27/2017,32.437140384698516,
88,12/23/2017,,no intersection
88,1/6/2018,25.949712308111287,
88,2/10/2018,39.44319114554726,
88,3/27/2018,25.94971230816512,
88,4/2/2018,27.024658415666448,
88,6/10/2018,,no intersection
88,7/15/2018,22.70599826955983,
88,8/31/2018,42.16828250046055,
88,9/13/2018,53.70422776143576,
88,10/15/2018,48.65571057699394,
88,11/16/2018,35.68085442324997,
88,12/13/2018,24.222238111879463,
88,1/1/2019,26.794599035491352,
88,2/22/2019,19.462284230954545,
88,4/30/2019,41.40072472200801,
88,5/20/2019,31.554552916416274,
88,6/18/2019,42.16828250051438,
88,7/17/2019,71.36170884655378,
88,8/19/2019,86.77502052,
88,9/8/2019,71.36170884655378,
88,10/7/2019,42.16828250046055,
88,11/22/2019,45.41199653906583,
88,12/5/2019,40.44080830417489,
88,1/31/2020,30.038313074096642,
88,2/12/2020,29.19342634609323,
88,3/12/2020,48.65571057704778,
88,5/23/2020,74.60542288515906,
88,6/17/2020,81.09285096236964,
88,7/15/2020,64.87428077002038,
88,9/23/2020,84.33656500097493,
88,10/22/2020,37.19709427,
88,11/21/2020,55.14313865420452,
88,12/23/2020,,no intersection
88,1/23/2021,25.949712308111287,
88,2/7/2021,55.14313865425835,
88,3/16/2021,51.13186683777004,
88,4/14/2021,52.74431134365648,
88,5/7/2021,28.57569227065003,
88,5/23/2021,35.68085442324997,
88,6/6/2021,34.913296644797434,
88,8/17/2021,58.38685269,
88,9/11/2021,51.89942461559923,
88,9/30/2021,29.19342634609323,
88,10/11/2021,32.43714038532187,
88,11/11/2021,29.19342634609323,
88,12/9/2021,68.11799480794848,
88,1/12/2022,41.40072472200801,
88,2/11/2022,35.68085442392715,
88,3/5/2022,49.05930357,
88,4/26/2022,32.437140384698516,
88,5/17/2022,54.14552149557689,
88,7/15/2022,51.89942461565306,
88,9/5/2022,64.87428077002038,
88,9/16/2022,61.63056673141509,
88,11/18/2022,70.99774406201736,
88,12/17/2022,64.87428077002038,
88,1/25/2023,19.46228423090071,
88,2/9/2023,,no intersection
88,6/18/2023,45.41199653906583,
88,7/28/2023,78.92408303194286,
88,9/7/2023,55.14313865420452,
88,10/6/2023,45.41199653906583,
88,11/7/2023,41.842018456149134,
89,5/6/2017,0,
89,6/5/2017,,no intersection
89,8/2/2017,44.21471137561412,
89,9/27/2017,55.14313865415068,
89,10/14/2017,25.823116268085613,
89,11/27/2017,32.43714038464468,
89,12/23/2017,,no intersection
89,1/6/2018,29.193426346039395,
89,2/10/2018,32.43714038526803,
89,3/27/2018,32.43714038532187,
89,4/2/2018,32.43714038532187,
89,6/10/2018,,no intersection
89,7/15/2018,29.193426346039395,
89,8/31/2018,51.89942461559923,
89,9/13/2018,59.99198783366075,
89,10/15/2018,45.41199653906583,
89,11/16/2018,29.83864506943406,
89,12/13/2018,19.462284230954545,
89,1/1/2019,30.909334192752432,
89,2/22/2019,19.462284230954545,
89,4/30/2019,42.16828250040671,
89,5/20/2019,29.193426346716574,
89,6/18/2019,42.16828250040671,
89,7/17/2019,68.32191979698669,
89,8/19/2019,81.09285096226198,
89,9/8/2019,77.84913692365669,
89,10/7/2019,40.97099733706266,
89,11/22/2019,51.89942461554539,
89,12/5/2019,38.92456846185526,
89,1/31/2020,25.949712308111287,
89,2/12/2020,25.949712308111287,
89,3/12/2020,51.89942461554539,
89,5/23/2020,81.09285096226198,
89,6/17/2020,74.60542288572857,
89,7/15/2020,64.87428076996655,
89,9/23/2020,77.84913692365669,
89,10/22/2020,44.21471137561412,
89,11/21/2020,55.143138654827865,
89,12/23/2020,,no intersection
89,1/23/2021,24.421906116219038,
89,2/7/2021,45.411996539011994,
89,3/16/2021,45.411996539011994,
89,4/14/2021,42.168282501083894,
89,5/7/2021,,no intersection
89,5/23/2021,29.83864506943406,
89,6/6/2021,29.193426346039395,
89,8/17/2021,56.85904650086372,
89,9/11/2021,55.22046760321705,
89,9/30/2021,29.193426346039395,
89,10/11/2021,33.08235910803935,
89,11/11/2021,25.949712308111287,
89,12/9/2021,68.11799480851799,
89,1/12/2022,35.68085442324997,
89,2/11/2022,45.411996539011994,
89,3/5/2022,45.41199653906583,
89,4/26/2022,39.44319114517042,
89,5/17/2022,55.143138654827865,
89,7/15/2022,55.14313865415068,
89,9/5/2022,64.87428076991272,
89,9/16/2022,60.10276053946901,
89,11/18/2022,61.63056673130742,
89,12/17/2022,64.87428076996655,
89,1/25/2023,18.706292802428802,
89,2/9/2023,,no intersection
89,6/18/2023,45.411996539011994,
89,7/28/2023,74.60542288572857,
89,9/7/2023,55.14313865415068,
89,10/6/2023,48.65571057761729,
89,11/7/2023,32.43714038526803,
9,5/6/2017,33.510509886317486,
9,6/5/2017,,no intersection
9,8/2/2017,51.89942461559923,
9,9/27/2017,,no intersection
9,10/14/2017,29.193426346716574,
9,11/27/2017,,no intersection
9,12/23/2017,,no intersection
9,1/6/2018,32.43714038464468,
9,2/10/2018,16.218570192349258,
9,3/27/2018,25.949712308111287,
9,4/2/2018,27.023081809106912,
9,6/10/2018,35.680854423303806,
9,7/15/2018,48.55902553254651,
9,8/31/2018,68.11799480862567,
9,9/13/2018,71.36170884723096,
9,10/15/2018,66.16203783877829,
9,11/16/2018,51.89942461627641,
9,12/13/2018,16.218570192295424,
9,1/1/2019,22.705998269505997,
9,2/22/2019,25.949712308111287,
9,4/30/2019,42.533910175609805,
9,5/20/2019,25.94971230748794,
9,6/18/2019,22.705998269505997,
9,7/17/2019,,no intersection
9,8/19/2019,51.89942461627641,
9,9/8/2019,,no intersection
9,10/7/2019,56.43089572,
9,11/22/2019,32.43714038532187,
9,12/5/2019,25.949712308111287,
9,1/31/2020,29.193426346716574,
9,2/12/2020,19.46228423090071,
9,3/12/2020,40.212325530613164,
9,5/23/2020,51.89942461627641,
9,6/17/2020,,no intersection
9,7/15/2020,64.87428077,
9,9/23/2020,76.19741506979285,
9,10/22/2020,25.949712308111287,
9,11/21/2020,48.65571057767112,
9,12/23/2020,,no intersection
9,1/23/2021,30.481183415474483,
9,2/7/2021,19.46228423090071,
9,3/16/2021,22.705998269505997,
9,4/14/2021,38.92456846185526,
9,5/7/2021,32.43714038532187,
9,5/23/2021,51.89942461627641,
9,6/6/2021,32.43714038532187,
9,8/17/2021,48.65571057767112,
9,9/11/2021,51.89942461627641,
9,9/30/2021,45.41199653906583,
9,10/11/2021,42.16828250046055,
9,11/11/2021,33.724897454079766,
9,12/9/2021,33.724897454079766,
9,1/12/2022,19.46228423090071,
9,2/11/2022,25.949712308111287,
9,3/5/2022,42.16828250046055,
9,4/26/2022,25.394965490184315,
9,5/17/2022,45.41199653838865,
9,7/15/2022,35.68085442324997,
9,9/5/2022,39.55664422870976,
9,9/16/2022,,no intersection
9,11/18/2022,51.89942461627641,
9,12/17/2022,48.65571057767112,
9,1/25/2023,22.705998269505997,
9,2/9/2023,,no intersection
9,6/18/2023,35.68085442324997,
9,7/28/2023,42.16828250046055,
9,9/7/2023,45.41199653906583,
9,10/6/2023,42.16828250046055,
9,11/7/2023,32.43714038532187,
90,5/6/2017,0,
90,6/5/2017,,no intersection
90,8/2/2017,48.65571057734812,
90,9/27/2017,58.38685269378733,
90,10/14/2017,29.266498302861827,
90,11/27/2017,32.43714038516036,
90,12/23/2017,,no intersection
90,1/6/2018,25.94971230800362,
90,2/10/2018,30.080270807166258,
90,3/27/2018,35.680854423711814,
90,4/2/2018,36.56769888,
90,6/10/2018,19.462284231470225,
90,7/15/2018,28.825204567451348,
90,8/31/2018,45.41199653947385,
90,9/13/2018,58.38685269378733,
90,10/15/2018,45.41199653947385,
90,11/16/2018,35.680854423711814,
90,12/13/2018,26.022784264256536,
90,1/1/2019,32.43714038516036,
90,2/22/2019,16.218570192918772,
90,4/30/2019,36.56769888,
90,5/20/2019,29.19342634655507,
90,6/18/2019,38.92456846226327,
90,7/17/2019,64.87428077026689,
90,8/19/2019,81.09285096318565,
90,9/8/2019,81.09285096318565,
90,10/7/2019,42.16828250086856,
90,11/22/2019,58.83240341898804,
90,12/5/2019,47.25875741694913,
90,1/31/2020,32.43714038516036,
90,2/12/2020,32.43714038510653,
90,3/12/2020,48.655710577401955,
90,5/23/2020,74.60542288597509,
90,6/17/2020,74.60542288597509,
90,7/15/2020,74.60542288602892,
90,9/23/2020,84.33656500105994,
90,10/22/2020,48.65571058,
90,11/21/2020,61.63056673171543,
90,12/23/2020,,no intersection
90,1/23/2021,29.193426347232254,
90,2/7/2021,48.655710577401955,
90,3/16/2021,51.89942461595341,
90,4/14/2021,48.28748879829822,
90,5/7/2021,,no intersection
90,5/23/2021,42.16828250086856,
90,6/6/2021,31.922774694120307,
90,8/17/2021,55.14739564570328,
90,9/11/2021,48.659967568546534,
90,9/30/2021,35.680854423711814,
90,10/11/2021,45.41199653947385,
90,11/11/2021,38.924568462317104,
90,12/9/2021,64.87428077026689,
90,1/12/2022,29.19342634655507,
90,2/11/2022,45.41199653879666,
90,3/5/2022,42.16828250086856,
90,4/26/2022,38.924568462317104,
90,5/17/2022,56.61742076240902,
90,7/15/2022,51.89942461595341,
90,9/5/2022,74.60542288535174,
90,9/16/2022,58.38685269378733,
90,11/18/2022,64.94735272657364,
90,12/17/2022,68.11799480954936,
90,1/25/2023,16.218570192918772,
90,2/9/2023,,no intersection
90,6/18/2023,42.16828250086856,
90,7/28/2023,71.36170884742363,
90,9/7/2023,55.14313865518204,
90,10/6/2023,48.65571057734812,
90,11/7/2023,43.64256460809553,
91,5/6/2017,6.318874312961121,
91,6/5/2017,,no intersection
91,8/2/2017,51.89942461565306,
91,9/27/2017,61.63056673141509,
91,10/14/2017,29.19342634677041,
91,11/27/2017,29.19342634677041,
91,12/23/2017,,no intersection
91,1/6/2018,31.28181294657844,
91,2/10/2018,25.235678603508983,
91,3/27/2018,45.41199653906583,
91,4/2/2018,44.256669100322405,
91,6/10/2018,19.462284230954545,
91,7/15/2018,22.70599826955983,
91,8/31/2018,42.16828250051438,
91,9/13/2018,55.220467603755395,
91,10/15/2018,43.815375366181286,
91,11/16/2018,32.70988035521353,
91,12/13/2018,25.94971230816512,
91,1/1/2019,32.43714039,
91,2/22/2019,22.70599826955983,
91,4/30/2019,38.92456846185526,
91,5/20/2019,32.437140384698516,
91,6/18/2019,48.65571057767112,
91,7/17/2019,67.94944104437621,
91,8/19/2019,80.92429719812019,
91,9/8/2019,81.09285096231581,
91,10/7/2019,43.842232622272626,
91,11/22/2019,47.08594666087791,
91,12/5/2019,45.68473651,
91,1/31/2020,19.73502420079238,
91,2/12/2020,29.19342634677041,
91,3/12/2020,37.66340948048565,
91,5/23/2020,74.60542288515906,
91,6/17/2020,68.11799480800232,
91,7/15/2020,,no intersection
91,9/23/2020,78.88638229109452,
91,10/22/2020,51.89942461565306,
91,11/21/2020,60.06080281524523,
91,12/23/2020,,no intersection
91,1/23/2021,26.222452278002955,
91,2/7/2021,42.16828250051438,
91,3/16/2021,50.744097177479155,
91,4/14/2021,35.127944835322744,
91,5/7/2021,,no intersection
91,5/23/2021,51.89942461565306,
91,6/6/2021,42.16828250046055,
91,8/17/2021,61.630566731468925,
91,9/11/2021,55.14313865425835,
91,9/30/2021,39.170451175709424,
91,10/11/2021,42.16828250051438,
91,11/11/2021,32.70988035521353,
91,12/9/2021,61.63056673141509,
91,1/12/2022,30.86737646852865,
91,2/11/2022,32.43714039,
91,3/5/2022,42.441022470352216,
91,4/26/2022,35.680854423303806,
91,5/17/2022,55.14313865425835,
91,7/15/2022,58.21829892861418,
91,9/5/2022,74.60542288515906,
91,9/16/2022,74.60542288515906,
91,11/18/2022,69.79194493,
91,12/17/2022,71.36170884723096,
91,1/25/2023,26.222452278002955,
91,2/9/2023,,no intersection
91,6/18/2023,48.65571057704778,
91,7/28/2023,58.38685269343315,
91,9/7/2023,60.06080281524523,
91,10/6/2023,51.89942461565306,
91,11/7/2023,41.01295506171712,
92,5/6/2017,6.381596533961045,
92,6/5/2017,31.06704446373056,
92,8/2/2017,45.41199653942001,
92,9/27/2017,60.26047081028563,
92,10/14/2017,29.66583431150981,
92,11/27/2017,25.949712307949785,
92,12/23/2017,,no intersection
92,1/6/2018,29.19342634655507,
92,2/10/2018,22.705998270021677,
92,3/27/2018,32.43714038510653,
92,4/2/2018,35.680854423711814,
92,6/10/2018,25.949712307949785,
92,7/15/2018,32.43714038510653,
92,8/31/2018,39.443191143609226,
92,9/13/2018,51.89942461657675,
92,10/15/2018,35.680854423657976,
92,11/16/2018,32.909548350061264,
92,12/13/2018,23.19350672120003,
92,1/1/2019,23.19350672120003,
92,2/22/2019,22.705998270021677,
92,4/30/2019,25.949712308626967,
92,5/20/2019,22.705998270021677,
92,6/18/2019,32.43714038510653,
92,7/17/2019,58.386852693733495,
92,8/19/2019,68.11799481,
92,9/8/2019,69.99161292599382,
92,10/7/2019,42.21449721720594,
92,11/22/2019,42.168282500814726,
92,12/5/2019,48.65571057797146,
92,1/31/2020,19.93469219642496,
92,2/12/2020,23.19350672120003,
92,3/12/2020,32.43714038510653,
92,5/23/2020,61.23548771321185,
92,6/17/2020,61.63056673228495,
92,7/15/2020,81.09285096313182,
92,9/23/2020,77.84913692452653,
92,10/22/2020,45.41199653942001,
92,11/21/2020,55.14313865518204,
92,12/23/2020,,no intersection
92,1/23/2021,29.193426346501237,
92,2/7/2021,38.92456846226327,
92,3/16/2021,48.65571057734812,
92,4/14/2021,29.66583431150981,
92,5/7/2021,29.19342634717842,
92,5/23/2021,48.65571058,
92,6/6/2021,25.949712308626967,
92,8/17/2021,58.386852693679664,
92,9/11/2021,64.87428077083639,
92,9/30/2021,42.16828250086856,
92,10/11/2021,42.21449721720594,
92,11/11/2021,34.32585899,
92,12/9/2021,58.386852693733495,
92,1/12/2022,22.705998270021677,
92,2/11/2022,35.680854423711814,
92,3/5/2022,39.39697643,
92,4/26/2022,25.94971230800362,
92,5/17/2022,61.630566731661595,
92,7/15/2022,58.38685269311014,
92,9/5/2022,68.11799481,
92,9/16/2022,68.11799481,
92,11/18/2022,64.87428077083639,
92,12/17/2022,64.87428077083639,
92,1/25/2023,23.178406234976414,
92,2/9/2023,,no intersection
92,6/18/2023,45.41199653942001,
92,7/28/2023,64.87428077089024,
92,9/7/2023,61.63056673228495,
92,10/6/2023,45.41199653942001,
92,11/7/2023,29.680934798356773,
93,5/6/2017,7.657855983301596,
93,6/5/2017,38.92456846190909,
93,8/2/2017,45.41199653906583,
93,9/27/2017,58.38685269,
93,10/14/2017,26.621788288135633,
93,11/27/2017,22.70599826955983,
93,12/23/2017,,no intersection
93,1/6/2018,23.66591468733912,
93,2/10/2018,22.70599826955983,
93,3/27/2018,35.680854423303806,
93,4/2/2018,39.44319114554726,
93,6/10/2018,22.70599826955983,
93,7/15/2018,29.19342634677041,
93,8/31/2018,35.68085442392715,
93,9/13/2018,42.84035848048489,
93,10/15/2018,32.28368708836617,
93,11/16/2018,29.19342634677041,
93,12/13/2018,16.218570192349258,
93,1/1/2019,22.70599826955983,
93,2/22/2019,19.462284230954545,
93,4/30/2019,35.680854423303806,
93,5/20/2019,25.94971230816512,
93,6/18/2019,42.456122938323155,
93,7/17/2019,64.87428077002038,
93,8/19/2019,,no intersection
93,9/8/2019,55.815214634852204,
93,10/7/2019,45.41199653911966,
93,11/22/2019,54.883853814945645,
93,12/5/2019,51.89942461565306,
93,1/31/2020,19.462284230954545,
93,2/12/2020,22.70599826955983,
93,3/12/2020,32.437140384698516,
93,5/23/2020,90.82399307750832,
93,6/17/2020,74.60542288515906,
93,7/15/2020,,no intersection
93,9/23/2020,79.92242305627862,
93,10/22/2020,42.16828250051438,
93,11/21/2020,55.14313865425835,
93,12/23/2020,,no intersection
93,1/23/2021,25.94971230816512,
93,2/7/2021,35.96869486111258,
93,3/16/2021,38.92456846190909,
93,4/14/2021,26.621788288135633,
93,5/7/2021,38.86720089900842,
93,5/23/2021,39.44319114554726,
93,6/6/2021,35.96869486111258,
93,8/17/2021,55.143138654881696,
93,9/11/2021,55.143138654881696,
93,9/30/2021,35.68085442392715,
93,10/11/2021,51.89942461565306,
93,11/11/2021,35.680854423303806,
93,12/9/2021,58.386852692863634,
93,1/12/2022,25.94971230748794,
93,2/11/2022,31.554552916470108,
93,3/5/2022,38.92456846190909,
93,4/26/2022,29.424208592599797,
93,5/17/2022,61.86134897729831,
93,7/15/2022,48.65571057767112,
93,9/5/2022,61.63056673141509,
93,9/16/2022,66.94756690185746,
93,11/18/2022,68.11799480794848,
93,12/17/2022,61.63056673141509,
93,1/25/2023,16.218570192349258,
93,2/9/2023,,no intersection
93,6/18/2023,45.41199653906583,
93,7/28/2023,64.87428077002038,
93,9/7/2023,61.63056673141509,
93,10/6/2023,47.331829374624405,
93,11/7/2023,28.02299844000221,
94,5/6/2017,12.97485615374397,
94,6/5/2017,48.65571057699394,
94,8/2/2017,48.65571057699394,
94,9/27/2017,59.43494154181991,
94,10/14/2017,25.94971230816512,
94,11/27/2017,22.79417070079066,
94,12/23/2017,,no intersection
94,1/6/2018,25.94971230816512,
94,2/10/2018,22.705998269505997,
94,3/27/2018,35.76902685453463,
94,4/2/2018,42.16828250046055,
94,6/10/2018,22.70599826955983,
94,7/15/2018,26.47917847,
94,8/31/2018,25.420246142169827,
94,9/13/2018,42.16828250051438,
94,10/15/2018,42.16828250051438,
94,11/16/2018,32.437140384698516,
94,12/13/2018,16.218570192349258,
94,1/1/2019,16.218570192349258,
94,2/22/2019,19.462284230954545,
94,4/30/2019,32.43714038464468,
94,5/20/2019,32.43714038464468,
94,6/18/2019,50.48737098205271,
94,7/17/2019,68.11799480862567,
94,8/19/2019,77.84913692376435,
94,9/8/2019,64.87428077002038,
94,10/7/2019,46.28374052566813,
94,11/22/2019,55.14313865420452,
94,12/5/2019,45.41199653906583,
94,1/31/2020,22.705998269505997,
94,2/12/2020,22.70599826955983,
94,3/12/2020,29.193426346716574,
94,5/23/2020,94.06770711611361,
94,6/17/2020,68.11799480794848,
94,7/15/2020,74.60542288578242,
94,9/23/2020,81.09285096236964,
94,10/22/2020,48.65571057704778,
94,11/21/2020,55.14313865425835,
94,12/23/2020,,no intersection
94,1/23/2021,22.705998269505997,
94,2/7/2021,34.71009452384457,
94,3/16/2021,35.680854423303806,
94,4/14/2021,25.94971230816512,
94,5/7/2021,37.61153074116567,
94,5/23/2021,42.16828250046055,
94,6/6/2021,45.41199653906583,
94,8/17/2021,51.89942461565306,
94,9/11/2021,58.386852692863634,
94,9/30/2021,38.92456846185526,
94,10/11/2021,48.65571057767112,
94,11/11/2021,25.949712308111287,
94,12/9/2021,55.14313865425835,
94,1/12/2022,19.46228423090071,
94,2/11/2022,29.19342634609323,
94,3/5/2022,29.193426346716574,
94,4/26/2022,31.124102663955096,
94,5/17/2022,58.38685269,
94,7/15/2022,48.65571057704778,
94,9/5/2022,51.89942461627641,
94,9/16/2022,55.143138654881696,
94,11/18/2022,71.36170884717713,
94,12/17/2022,64.87428077002038,
94,1/25/2023,16.218570192349258,
94,2/9/2023,,no intersection
94,6/18/2023,42.16828250046055,
94,7/28/2023,74.60542288515906,
94,9/7/2023,60.65980683133251,
94,10/6/2023,48.30258927476083,
94,11/7/2023,32.43714038532187,
95,5/6/2017,,no intersection
95,6/5/2017,51.89942461595341,
95,8/2/2017,48.65571057734812,
95,9/27/2017,61.630566731661595,
95,10/14/2017,29.19342634717842,
95,11/27/2017,23.77741024877149,
95,12/23/2017,,no intersection
95,1/6/2018,22.705998269344494,
95,2/10/2018,22.705998270021677,
95,3/27/2018,42.16828250086856,
95,4/2/2018,35.680854423711814,
95,6/10/2018,23.77741024877149,
95,7/15/2018,35.680854423711814,
95,8/31/2018,25.949712307949785,
95,9/13/2018,51.346635318495714,
95,10/15/2018,39.77298932,
95,11/16/2018,35.680854423657976,
95,12/13/2018,19.46228423141639,
95,1/1/2019,16.218570192864938,
95,2/22/2019,25.949712308573133,
95,4/30/2019,32.43714038516036,
95,5/20/2019,29.19342634655507,
95,6/18/2019,42.16828250086856,
95,7/17/2019,68.11799480949553,
95,8/19/2019,68.42171407344603,
95,9/8/2019,64.87428077089024,
95,10/7/2019,48.65571057797146,
95,11/22/2019,45.41199653942001,
95,12/5/2019,55.99155950864457,
95,1/31/2020,22.705998270021677,
95,2/12/2020,29.08193078388452,
95,3/12/2020,25.949712308573133,
95,5/23/2020,74.60542288597509,
95,6/17/2020,71.36170884742363,
95,7/15/2020,77.84913692452653,
95,9/23/2020,82.90118823340462,
95,10/22/2020,58.386852693733495,
95,11/21/2020,45.41199653942001,
95,12/23/2020,,no intersection
95,1/23/2021,29.19342634717842,
95,2/7/2021,31.666048477471797,
95,3/16/2021,24.437006593789498,
95,4/14/2021,31.666048477471797,
95,5/7/2021,29.19342634717842,
95,5/23/2021,45.41199653942001,
95,6/6/2021,35.680854423657976,
95,8/17/2021,63.88019773739872,
95,9/11/2021,64.87428077083639,
95,9/30/2021,42.168282500814726,
95,10/11/2021,51.89942461657675,
95,11/11/2021,31.666048477471797,
95,12/9/2021,52.52954286053943,
95,1/12/2022,22.70599827007551,
95,2/11/2022,34.90976251607709,
95,3/5/2022,31.666048477471797,
95,4/26/2022,36.310972668297836,
95,5/17/2022,55.22046760106368,
95,7/15/2022,45.41199653942001,
95,9/5/2022,55.143138655128205,
95,9/16/2022,59.23527354719602,
95,11/18/2022,68.11799481,
95,12/17/2022,68.11799481,
95,1/25/2023,19.46228423141639,
95,2/9/2023,,no intersection
95,6/18/2023,45.41199653942001,
95,7/28/2023,68.11799481,
95,9/7/2023,55.143138655128205,
95,10/6/2023,48.65571057797146,
95,11/7/2023,32.437140385729876,
96,5/6/2017,19.46228423090071,
96,6/5/2017,51.89942461627641,
96,8/2/2017,42.99806876060069,
96,9/27/2017,61.63056673141509,
96,10/14/2017,29.19342634609323,
96,11/27/2017,25.949712308111287,
96,12/23/2017,,no intersection
96,1/6/2018,22.70599826955983,
96,2/10/2018,29.19342634609323,
96,3/27/2018,39.75435472,
96,4/2/2018,45.41199653906583,
96,6/10/2018,23.977078263787263,
96,7/15/2018,42.16828250046055,
96,8/31/2018,22.70599826955983,
96,9/13/2018,55.220467603755395,
96,10/15/2018,48.65571057767112,
96,11/16/2018,35.68085442398098,
96,12/13/2018,28.622002454259125,
96,1/1/2019,12.869024611171621,
96,2/22/2019,28.622002454259125,
96,4/30/2019,26.77949856825143,
96,5/20/2019,30.023212606179534,
96,6/18/2019,42.99806876060069,
96,7/17/2019,65.70406703016052,
96,8/19/2019,72.19149511,
96,9/8/2019,70.16795780193105,
96,10/7/2019,61.630566731468925,
96,11/22/2019,51.14696731,
96,12/5/2019,55.14313865425835,
96,1/31/2020,24.237338579173223,
96,2/12/2020,29.19342634609323,
96,3/12/2020,29.19342634609323,
96,5/23/2020,64.87428077007422,
96,6/17/2020,61.630566731468925,
96,7/15/2020,77.84913692376435,
96,9/23/2020,87.58027903958022,
96,10/22/2020,55.14313865425835,
96,11/21/2020,47.90325326645851,
96,12/23/2020,,no intersection
96,1/23/2021,25.94971230748794,
96,2/7/2021,35.680854423303806,
96,3/16/2021,23.66591468733912,
96,4/14/2021,29.19342634609323,
96,5/7/2021,25.94971230748794,
96,5/23/2021,42.16828250051438,
96,6/6/2021,35.680854423303806,
96,8/17/2021,61.63056673141509,
96,9/11/2021,67.54657091616822,
96,9/30/2021,51.32800072381895,
96,10/11/2021,51.89942461565306,
96,11/11/2021,32.437140384698516,
96,12/9/2021,48.65571057772496,
96,1/12/2022,19.462284230954545,
96,2/11/2022,29.19342634609323,
96,3/5/2022,29.19342634609323,
96,4/26/2022,35.68085442324997,
96,5/17/2022,58.38685269,
96,7/15/2022,42.16828250051438,
96,9/5/2022,58.386852692863634,
96,9/16/2022,58.386852692863634,
96,11/18/2022,71.36170884655378,
96,12/17/2022,68.11799480800232,
96,1/25/2023,29.19342634609323,
96,2/9/2023,,no intersection
96,6/18/2023,45.41199653911966,
96,7/28/2023,61.630566731468925,
96,9/7/2023,51.89942461565306,
96,10/6/2023,45.41199653911966,
96,11/7/2023,29.19342634609323,
97,5/6/2017,25.949712307949785,
97,6/5/2017,47.33182937,
97,8/2/2017,42.16828250086856,
97,9/27/2017,59.41630694947504,
97,10/14/2017,25.949712307949785,
97,11/27/2017,22.70599826939833,
97,12/23/2017,,no intersection
97,1/6/2018,22.70599826939833,
97,2/10/2018,25.94971230800362,
97,3/27/2018,29.19342634655507,
97,4/2/2018,33.46659464084808,
97,6/10/2018,16.21857019224159,
97,7/15/2018,42.168282500191374,
97,8/31/2018,30.083804923972217,
97,9/13/2018,45.41199653942001,
97,10/15/2018,48.65571058,
97,11/16/2018,38.55281256640742,
97,12/13/2018,23.66591468631627,
97,1/1/2019,16.218570192918772,
97,2/22/2019,25.577956412093933,
97,4/30/2019,19.392746391969432,
97,5/20/2019,19.462284231470225,
97,6/18/2019,42.16828250086856,
97,7/17/2019,58.38685269378733,
97,8/19/2019,58.38685269311014,
97,9/8/2019,64.87428077026689,
97,10/7/2019,51.89942461657675,
97,11/22/2019,45.41199653942001,
97,12/5/2019,48.65571058,
97,1/31/2020,19.462284231470225,
97,2/12/2020,23.66591468631627,
97,3/12/2020,24.037670582172122,
97,5/23/2020,61.63056673171543,
97,6/17/2020,55.14313865518204,
97,7/15/2020,68.11799480887217,
97,9/23/2020,94.66365875,
97,10/22/2020,48.65571058,
97,11/21/2020,45.41199653942001,
97,12/23/2020,,no intersection
97,1/23/2021,19.462284231470225,
97,2/7/2021,25.577956412093933,
97,3/16/2021,19.090528335614373,
97,4/14/2021,22.70599826939833,
97,5/7/2021,22.70599827007551,
97,5/23/2021,42.16828250086856,
97,6/6/2021,29.19342634655507,
97,8/17/2021,48.65571058,
97,9/11/2021,61.25881083580575,
97,9/30/2021,51.89942461657675,
97,10/11/2021,47.70358526843456,
97,11/11/2021,25.949712307949785,
97,12/9/2021,55.14313865518204,
97,1/12/2022,19.462284231470225,
97,2/11/2022,25.94971230800362,
97,3/5/2022,19.462284231470225,
97,4/26/2022,45.41199653879666,
97,5/17/2022,55.14313865518204,
97,7/15/2022,45.41199653942001,
97,9/5/2022,51.89942461657675,
97,9/16/2022,55.14313865518204,
97,11/18/2022,68.11799480881834,
97,12/17/2022,67.74623891,
97,1/25/2023,22.70599826939833,
97,2/9/2023,,no intersection
97,6/18/2023,45.41199653947385,
97,7/28/2023,65.90373502600843,
97,9/7/2023,51.89942461657675,
97,10/6/2023,45.41199653947385,
97,11/7/2023,27.281384620777413,
98,5/6/2017,32.437140384698516,
98,6/5/2017,45.41199653906583,
98,8/2/2017,42.85899306585397,
98,9/27/2017,48.65571057767112,
98,10/14/2017,27.08171661,
98,11/27/2017,22.70599826955983,
98,12/23/2017,,no intersection
98,1/6/2018,20.594288530381423,
98,2/10/2018,25.94971230816512,
98,3/27/2018,29.19342634677041,
98,4/2/2018,32.437140384698516,
98,6/10/2018,,no intersection
98,7/15/2018,51.89942461565306,
98,8/31/2018,35.68085442392715,
98,9/13/2018,45.41199653906583,
98,10/15/2018,55.14313865420452,
98,11/16/2018,35.680854423303806,
98,12/13/2018,22.53391038785841,
98,1/1/2019,12.705650301304273,
98,2/22/2019,22.70599826955983,
98,4/30/2019,19.462284230954545,
98,5/20/2019,25.94971230816512,
98,6/18/2019,38.92456846190909,
98,7/17/2019,58.386852692863634,
98,8/19/2019,64.87428077002038,
98,9/8/2019,64.87428077002038,
98,10/7/2019,48.65571057767112,
98,11/22/2019,42.16828250051438,
98,12/5/2019,48.65571057767112,
98,1/31/2020,19.462284230954545,
98,2/12/2020,22.70599826955983,
98,3/12/2020,22.70599826955983,
98,5/23/2020,58.38685269,
98,6/17/2020,51.89942461627641,
98,7/15/2020,64.87428077002038,
98,9/23/2020,94.06770711679079,
98,10/22/2020,42.16828250051438,
98,11/21/2020,45.41199653906583,
98,12/23/2020,,no intersection
98,1/23/2021,19.462284230954545,
98,2/7/2021,23.838002568986713,
98,3/16/2021,16.218570192349258,
98,4/14/2021,22.70599826955983,
98,5/7/2021,19.193078378514848,
98,5/23/2021,42.16828250051438,
98,6/6/2021,25.94971230816512,
98,8/17/2021,42.16828250051438,
98,9/11/2021,58.38685269,
98,9/30/2021,58.38685269,
98,10/11/2021,48.65571057767112,
98,11/11/2021,22.70599826955983,
98,12/9/2021,51.89942461627641,
98,1/12/2022,15.949364339909561,
98,2/11/2022,23.665914687285287,
98,3/5/2022,16.218570192349258,
98,4/26/2022,42.16828250051438,
98,5/17/2022,55.143138654881696,
98,7/15/2022,48.65571057772496,
98,9/5/2022,61.63056673141509,
98,9/16/2022,48.65571057767112,
98,11/18/2022,68.11799480862567,
98,12/17/2022,61.63056673141509,
98,1/25/2023,25.94971230748794,
98,2/9/2023,,no intersection
98,6/18/2023,45.41199653906583,
98,7/28/2023,58.38685269,
98,9/7/2023,51.89942461565306,
98,10/6/2023,42.16828250051438,
98,11/7/2023,22.70599826955983,
99,5/6/2017,36.66835096,
99,6/5/2017,51.899424616222575,
99,8/2/2017,51.899424616222575,
99,9/27/2017,55.143138654827865,
99,10/14/2017,31.55455292,
99,11/27/2017,,no intersection
99,12/23/2017,,no intersection
99,1/6/2018,19.46228423090071,
99,2/10/2018,32.43714038532187,
99,3/27/2018,32.43714038532187,
99,4/2/2018,35.68085442324997,
99,6/10/2018,,no intersection
99,7/15/2018,55.14313865477403,
99,8/31/2018,35.68085442387331,
99,9/13/2018,51.899424616222575,
99,10/15/2018,55.14313865415068,
99,11/16/2018,45.411996539011994,
99,12/13/2018,29.193426346039395,
99,1/1/2019,16.218570192295424,
99,2/22/2019,22.705998269505997,
99,4/30/2019,25.949712308111287,
99,5/20/2019,32.43714038532187,
99,6/18/2019,33.369476680247665,
99,7/17/2019,55.143138654827865,
99,8/19/2019,68.11799480851799,
99,9/8/2019,64.87428076996655,
99,10/7/2019,51.899424616222575,
99,11/22/2019,48.65571057761729,
99,12/5/2019,48.65571057761729,
99,1/31/2020,22.237124412565223,
99,2/12/2020,16.218570192295424,
99,3/12/2020,25.949712308111287,
99,5/23/2020,55.143138654827865,
99,6/17/2020,51.899424616222575,
99,7/15/2020,66.30307104441744,
99,9/23/2020,96.47858251248803,
99,10/22/2020,41.25811490927098,
99,11/21/2020,51.899424616222575,
99,12/23/2020,,no intersection
99,1/23/2021,25.949712308111287,
99,2/7/2021,25.949712308111287,
99,3/16/2021,16.24615031498741,
99,4/14/2021,22.733578392197984,
99,5/7/2021,19.46228423090071,
99,5/23/2021,35.68085442324997,
99,6/6/2021,29.193426346716574,
99,8/17/2021,42.16828250040671,
99,9/11/2021,58.386852692755966,
99,9/30/2021,45.411996539011994,
99,10/11/2021,51.899424616222575,
99,11/11/2021,26.882048603037084,
99,12/9/2021,51.899424616222575,
99,1/12/2022,19.46228423090071,
99,2/11/2022,22.733578392197984,
99,3/5/2022,25.949712308111287,
99,4/26/2022,42.16828250040671,
99,5/17/2022,51.899424616222575,
99,7/15/2022,51.899424616222575,
99,9/5/2022,61.630566731361256,
99,9/16/2022,51.899424616222575,
99,11/18/2022,68.11799480851799,
99,12/17/2022,58.386852692755966,
99,1/25/2023,29.193426346039395,
99,2/9/2023,,no intersection
99,6/18/2023,45.411996539011994,
99,7/28/2023,71.36170884712328,
99,9/7/2023,55.14313865415068,
99,10/6/2023,42.16828250040671,
99,11/7/2023,25.949712308111287,
