date,daily_max_sust_knots,daily_mean_sust_knots,daily_min_press_hpa,precip_mm,daily_mean_tmpf_F,WVHT_mean
2017-01-01,14.0,3.7,1012.1,6.6,40.435,3.296875
2017-01-02,21.0,7.666666666666667,1011.8,9.1,37.87567567567568,5.108125
2017-01-03,12.0,4.552631578947368,1009.2,32.8,39.199999999999996,2.890625
2017-01-04,15.0,5.086956521739131,1005.5,0.8,43.52173913043478,1.5870833333333334
2017-01-05,8.0,3.4583333333333335,1016.8,0.0,36.24166666666667,1.2083333333333333
2017-01-06,7.0,4.125,1016.3,1.8,37.666666666666664,0.9035416666666666
2017-01-07,19.0,8.714285714285714,1002.3,14.0,49.57714285714286,1.529375
2017-01-08,19.0,12.025641025641026,999.8,22.4,57.93846153846154,2.288125
2017-01-09,20.0,8.777777777777779,1004.7,6.1,47.17777777777778,2.631666666666667
2017-01-10,28.0,13.955555555555556,999.2,34.8,53.23555555555556,3.6870833333333333
2017-01-11,18.0,9.236842105263158,999.2,15.2,47.82051282051282,3.6814583333333335
2017-01-12,11.0,4.34375,1012.3,0.0,41.3125,2.681875
2017-01-13,6.0,3.782608695652174,1017.1,0.0,39.29565217391304,1.858125
2017-01-14,5.0,2.888888888888889,1022.8,0.0,40.37777777777778,1.4214583333333335
2017-01-15,7.0,3.5,1021.0,0.0,42.607142857142854,1.31
2017-01-16,6.0,3.125,1019.3,0.0,41.375,2.1306249999999998
2017-01-17,8.0,3.3125,1014.9,1.3,44.15625,1.9702083333333336
2017-01-18,22.0,13.10344827586207,997.6,40.6,53.89655172413793,4.080208333333333
2017-01-19,21.0,9.390243902439025,1001.7,13.5,49.75609756097561,4.321041666666667
2017-01-20,19.0,10.55,987.7,29.5,46.225,4.644166666666667
2017-01-21,14.0,8.826923076923077,989.1,13.0,46.276923076923076,6.802708333333334
2017-01-22,23.0,12.241379310344827,995.9,21.1,46.793103448275865,5.359791666666666
2017-01-23,14.0,8.857142857142858,1002.8,4.6,43.785714285714285,4.93625
2017-01-24,8.0,3.2083333333333335,1007.4,0.0,42.291666666666664,4.593333333333333
2017-01-25,7.0,3.3703703703703702,1022.0,0.0,42.81481481481482,2.34
2017-01-26,9.0,3.7142857142857144,1027.1,0.0,45.642857142857146,3.467708333333333
2017-01-27,8.0,4.0,1032.6,0.0,44.0,3.3241666666666667
2017-01-28,7.0,3.0,1033.6,0.0,43.63076923076923,2.6462499999999998
2017-01-29,7.0,2.793103448275862,1030.4,0.0,42.55172413793103,2.9333333333333336
2017-01-30,5.0,2.6333333333333333,1022.9,0.0,42.3,2.5147916666666665
2017-01-31,5.0,2.4166666666666665,1018.2,0.0,44.375,1.6295833333333334
2017-02-01,5.0,3.375,1011.1,0.0,48.208333333333336,1.7214583333333333
2017-02-02,18.0,10.333333333333334,1007.9,10.4,57.0,2.3045833333333334
2017-02-03,24.0,12.166666666666666,1004.1,10.4,55.349999999999994,3.2156249999999997
2017-02-04,18.0,9.80327868852459,1007.9,6.9,51.954098360655735,3.1714583333333333
2017-02-05,22.0,9.703703703703704,999.0,15.5,53.629629629629626,2.1960416666666664
2017-02-06,17.0,8.033898305084746,998.4,11.2,48.23728813559322,2.4147826086956523
2017-02-07,27.0,12.595744680851064,995.6,13.0,52.88085106382979,2.5464583333333333
2017-02-08,15.0,7.454545454545454,1011.1,12.2,56.15151515151515,2.261458333333333
2017-02-09,22.0,14.142857142857142,1002.1,28.4,59.42857142857143,3.2935416666666666
2017-02-10,19.0,7.9375,1009.0,10.4,50.574999999999996,2.7091666666666665
2017-02-11,14.0,5.8076923076923075,1020.1,0.0,43.69230769230769,2.84625
2017-02-12,9.0,3.5483870967741935,1023.9,0.0,42.58709677419355,2.5683333333333334
2017-02-13,5.0,2.1923076923076925,1021.1,0.0,46.23076923076923,2.30375
2017-02-14,7.0,2.793103448275862,1017.3,0.0,47.41379310344828,1.5933333333333335
2017-02-15,16.0,6.416666666666667,1008.8,24.4,58.0,2.6297916666666667
2017-02-16,21.0,12.696969696969697,1002.4,19.6,53.61515151515152,3.89
2017-02-17,12.0,4.444444444444445,993.0,17.8,48.33888888888889,3.1927083333333335
2017-02-18,22.0,8.444444444444445,992.8,8.6,48.36,2.8891666666666667
2017-02-19,16.0,7.384615384615385,1002.0,13.2,49.17307692307692,2.7118749999999996
2017-02-20,22.0,8.4,1000.3,29.2,53.4,4.027083333333334
2017-02-21,25.0,9.38888888888889,1003.9,5.3,50.60740740740741,3.231875
2017-02-22,16.0,5.0,1022.5,17.8,43.755172413793105,2.9419148936170214
2017-02-23,12.0,3.6363636363636362,1024.7,5.3,37.96969696969697,2.1910416666666666
2017-02-24,13.0,5.0,1023.6,0.8,38.112500000000004,2.0241666666666664
2017-02-25,15.0,7.0,1019.8,3.6,42.83870967741935,1.9387234042553192
2017-02-26,17.0,6.195121951219512,1012.8,8.6,41.014634146341464,2.2912500000000002
2017-02-27,8.0,4.434782608695652,1012.2,7.6,41.96086956521739,3.2418750000000003
2017-02-28,7.0,3.2903225806451615,1016.9,1.8,43.23225806451613,2.8908510638297873
2017-03-01,17.0,5.5,1027.7,0.0,41.791666666666664,2.211521739130435
2017-03-02,16.0,5.0588235294117645,1028.9,0.0,45.57058823529412,2.2502083333333336
2017-03-03,13.0,3.033333333333333,1018.0,0.5,44.56666666666667,2.1710416666666665
2017-03-04,21.0,5.113207547169812,1008.5,19.8,47.407547169811316,1.8791666666666667
2017-03-05,17.0,9.690909090909091,1006.4,11.7,41.28,3.484166666666667
2017-03-06,13.0,8.222222222222221,1013.8,8.9,41.342222222222226,3.6766666666666663
2017-03-07,13.0,7.285714285714286,1023.6,6.1,46.66857142857143,2.236875
2017-03-08,11.0,6.433333333333334,1024.4,7.6,52.626666666666665,2.123125
2017-03-09,8.0,2.806122448979592,1024.1,3.0,53.46938775510204,1.8466666666666667
2017-03-10,11.0,2.896551724137931,1022.9,0.5,52.258620689655174,1.9377083333333334
2017-03-11,7.0,2.8983050847457625,1021.1,0.0,49.68135593220339,1.9814583333333333
2017-03-12,9.0,2.408450704225352,1023.9,0.0,50.028169014084504,1.1747916666666667
2017-03-13,8.0,2.22,1020.8,0.0,50.588,1.15375
2017-03-14,7.0,2.875,1017.6,0.0,52.705,1.3827083333333334
2017-03-15,12.0,3.445945945945946,1015.7,8.4,51.83513513513514,1.8062500000000001
2017-03-16,16.0,5.541666666666667,1018.5,0.0,51.729166666666664,1.75875
2017-03-17,9.0,2.909090909090909,1014.8,0.0,49.121212121212125,1.6623404255319147
2017-03-18,12.0,5.811320754716981,1013.2,29.5,56.46037735849057,1.9664583333333334
2017-03-19,10.0,3.425925925925926,1016.3,4.1,51.696296296296296,2.489375
2017-03-20,12.0,3.088888888888889,1007.6,15.0,54.653333333333336,1.905625
2017-03-21,18.0,9.416666666666666,1007.1,23.4,56.611111111111114,1.7033333333333334
2017-03-22,13.0,7.543478260869565,1009.5,1.8,50.94782608695652,2.3608333333333333
2017-03-23,20.0,6.166666666666667,1019.7,3.6,47.833333333333336,2.495416666666667
2017-03-24,19.0,11.15625,1011.6,25.1,50.81875,2.81125
2017-03-25,10.0,3.78,1020.3,7.1,50.5,2.6514583333333333
2017-03-26,18.0,8.096774193548388,1013.7,6.4,50.019354838709674,2.53531914893617
2017-03-27,16.0,4.8936170212765955,1016.6,4.6,49.51063829787234,2.2252083333333332
2017-03-28,11.0,4.346153846153846,1026.9,0.0,48.107692307692304,3.4924324324324325
2017-03-29,9.0,4.935483870967742,1022.6,13.7,51.32258064516129,3.1172916666666666
2017-03-30,22.0,11.211538461538462,1020.8,1.8,51.48846153846154,3.1633333333333336
2017-03-31,20.0,10.272727272727273,1022.1,0.0,48.7939393939394,3.2552083333333335
2017-04-01,19.0,4.904761904761905,1021.9,0.0,49.590476190476195,2.283958333333333
2017-04-02,18.0,5.589285714285714,1021.9,0.0,53.06428571428571,3.595625
2017-04-03,17.0,7.466666666666667,1019.1,0.0,48.03333333333333,3.7110416666666666
2017-04-04,7.0,2.606060606060606,1015.5,0.0,50.6,2.107083333333333
2017-04-05,11.0,4.75,1013.1,0.0,52.75,2.000625
2017-04-06,21.0,11.5,998.4,13.2,59.5,3.4504255319148935
2017-04-07,27.0,14.806451612903226,993.8,12.7,51.516129032258064,4.75125
2017-04-08,10.0,5.444444444444445,1009.9,8.6,44.0,4.038125
2017-04-09,18.0,7.375,1018.7,6.4,46.166666666666664,2.566808510638298
2017-04-10,19.0,7.689655172413793,1018.0,1.8,49.13793103448276,3.1356249999999997
2017-04-11,24.0,6.625,1005.6,7.4,51.0,3.141666666666667
2017-04-12,25.0,9.595238095238095,1006.0,17.0,51.73658536585366,3.308043478260869
2017-04-13,10.0,6.636363636363637,1010.2,13.0,47.00606060606061,2.0214583333333334
2017-04-14,11.0,5.205128205128205,1020.0,3.3,45.825641025641026,2.520208333333333
2017-04-15,11.0,4.791666666666667,1017.7,0.0,44.166666666666664,2.2566666666666664
2017-04-16,17.0,4.458333333333333,1008.4,5.3,49.416666666666664,1.8095833333333333
2017-04-17,15.0,9.25,1010.4,7.4,55.916666666666664,2.3181249999999998
2017-04-18,11.0,5.452830188679245,1014.2,2.5,54.68679245283019,1.9094594594594596
2017-04-19,17.0,8.516129032258064,1019.4,8.1,54.483870967741936,2.248125
2017-04-20,13.0,5.073170731707317,1020.5,0.0,51.673170731707316,2.8379166666666666
2017-04-21,10.0,3.5,1018.6,0.0,49.75,2.212708333333333
2017-04-22,19.0,6.709677419354839,1012.2,0.3,54.0,1.5904166666666668
2017-04-23,10.0,4.560975609756097,1017.5,6.1,50.19024390243903,2.451875
2017-04-24,13.0,7.389830508474576,1013.4,8.4,50.52881355932203,2.6210416666666667
2017-04-25,10.0,5.340909090909091,1018.1,2.3,51.690909090909095,2.5220833333333332
2017-04-26,13.0,5.533333333333333,1015.2,15.0,53.79666666666667,1.773125
2017-04-27,18.0,7.517241379310345,1019.5,0.0,50.206896551724135,2.09625
2017-04-28,17.0,7.576923076923077,1022.6,0.0,49.723076923076924,2.3847916666666666
2017-04-29,17.0,5.821428571428571,1022.6,0.0,49.214285714285715,2.1750000000000003
2017-04-30,18.0,6.9655172413793105,1024.3,0.0,50.02068965517241,1.204375
2017-05-01,18.0,5.777777777777778,1022.8,0.0,48.92444444444444,2.0087234042553193
2017-05-02,17.0,7.295454545454546,1020.4,0.0,53.059090909090905,1.3010416666666667
2017-05-03,15.0,4.1688311688311686,1016.8,0.0,53.631168831168836,1.3477083333333333
2017-05-04,9.0,2.35,1013.5,0.0,52.53,1.786875
2017-05-05,16.0,4.2727272727272725,1013.4,3.8,52.00779220779221,2.2070833333333333
2017-05-06,30.0,17.5,1014.5,0.0,51.36923076923077,3.4704166666666665
2017-05-07,23.0,14.6,1013.9,0.0,52.12,4.362916666666666
2017-05-08,21.0,6.214285714285714,1016.5,0.0,48.724137931034484,3.2097916666666664
2017-05-09,17.0,5.625,1015.3,0.0,49.1875,2.329148936170213
2017-05-10,15.0,4.0,1015.6,0.0,51.38709677419355,1.8409523809523811
2017-05-11,14.0,7.853658536585366,1016.9,7.6,53.26829268292683,1.5871739130434783
2017-05-12,15.0,7.371428571428571,1020.5,5.6,50.65142857142857,2.396875
2017-05-13,10.0,5.690476190476191,1020.9,1.3,49.32380952380952,3.3041666666666667
2017-05-14,19.0,6.28,1016.5,0.0,47.4,2.495625
2017-05-15,18.0,7.294117647058823,1016.2,0.0,50.682352941176475,2.4079166666666665
2017-05-16,13.0,5.96078431372549,1015.4,14.5,50.12941176470588,1.6372916666666668
2017-05-17,15.0,5.439024390243903,1018.2,0.0,47.702439024390245,2.3746808510638298
2017-05-18,18.0,7.068965517241379,1019.8,0.0,50.0551724137931,1.8416666666666668
2017-05-19,18.0,7.076923076923077,1018.6,0.0,51.5,1.3235416666666666
2017-05-20,15.0,5.7,1018.2,0.0,52.908,2.236875
2017-05-21,12.0,4.470588235294118,1016.4,0.0,52.394285714285715,2.2964583333333333
2017-05-22,6.0,2.0779220779220777,1015.2,0.0,51.192207792207796,1.7477083333333334
2017-05-23,7.0,2.4565217391304346,1013.9,0.0,53.608695652173914,1.7720833333333335
2017-05-24,14.0,4.78,1009.6,0.0,52.623999999999995,3.5493333333333332
2017-05-25,14.0,5.193548387096774,1007.9,0.0,49.88387096774194,3.984583333333333
2017-05-26,14.0,6.775,1009.6,0.0,52.565,2.6614583333333335
2017-05-27,9.0,3.5277777777777777,1017.4,0.0,53.27777777777778,1.7397916666666668
2017-05-28,16.0,5.4523809523809526,1020.5,0.0,52.714285714285715,1.41875
2017-05-29,14.0,7.980769230769231,1017.9,0.5,51.92307692307692,1.1447916666666667
2017-05-30,11.0,7.361702127659575,1016.4,0.0,52.38297872340426,1.0104166666666667
2017-05-31,10.0,3.774193548387097,1014.5,0.0,52.83870967741935,0.8247916666666667
2017-06-01,11.0,3.547945205479452,1015.2,0.3,55.490410958904114,1.258936170212766
2017-06-02,18.0,8.038461538461538,1017.2,0.0,56.88461538461539,1.453404255319149
2017-06-03,17.0,8.96774193548387,1017.2,0.0,55.225,1.705
2017-06-04,18.0,8.08108108108108,1018.1,0.0,54.054054054054056,2.211875
2017-06-05,15.0,5.290322580645161,1016.6,0.0,51.67741935483871,2.5124999999999997
2017-06-06,14.0,5.205882352941177,1016.2,0.0,53.44571428571428,1.9908333333333335
2017-06-07,9.0,2.6875,1011.1,9.4,53.970588235294116,1.7522916666666666
2017-06-08,16.0,5.421052631578948,1008.5,2.3,55.91052631578947,1.8983333333333334
2017-06-09,8.0,2.5555555555555554,1015.6,0.0,53.55,1.9760416666666665
2017-06-10,13.0,6.857142857142857,1014.6,2.5,54.01714285714286,2.0349999999999997
2017-06-11,18.0,5.925925925925926,1015.9,0.0,50.888888888888886,1.6658333333333333
2017-06-12,17.0,10.3125,1017.4,0.0,55.33125,2.1960416666666664
2017-06-13,16.0,6.2,1022.0,0.0,52.928000000000004,1.5971111111111111
2017-06-14,15.0,10.375,1020.1,0.0,55.075,1.4233333333333331
2017-06-15,13.0,4.88,1018.5,0.0,55.44,0.9877083333333334
2017-06-16,13.0,3.9298245614035086,1020.4,0.3,59.63508771929824,2.00875
2017-06-17,17.0,8.170731707317072,1020.4,0.0,57.090476190476195,1.874375
2017-06-18,20.0,3.9761904761904763,1013.5,0.0,55.023809523809526,1.7525000000000002
2017-06-19,15.0,7.447368421052632,1012.7,0.0,57.62105263157895,2.465
2017-06-20,16.0,4.911764705882353,1017.0,0.0,55.0,1.9154166666666665
2017-06-21,13.0,4.186440677966102,1012.3,0.0,56.0135593220339,3.950625
2017-06-22,12.0,3.7857142857142856,1009.3,0.0,59.32142857142857,4.374583333333333
2017-06-23,11.0,4.242424242424242,1009.1,0.0,57.163636363636364,3.26
2017-06-24,7.0,1.9375,1014.2,0.0,53.90625,1.5629166666666665
2017-06-25,7.0,2.4285714285714284,1014.3,0.0,54.54920634920635,0.9427083333333334
2017-06-26,8.0,1.9090909090909092,1016.7,0.0,57.85909090909092,0.77875
2017-06-27,8.0,3.8857142857142857,1016.3,0.0,55.857142857142854,1.2166666666666666
2017-06-28,12.0,5.5,1015.2,0.0,55.23684210526316,1.7077083333333334
2017-06-29,11.0,5.0,1016.2,0.0,54.41935483870968,2.016875
2017-06-30,12.0,4.416666666666667,1018.3,0.3,54.61666666666667,1.6502083333333333
2017-07-01,13.0,7.147058823529412,1017.3,1.0,54.26176470588236,1.2597916666666666
2017-07-02,12.0,4.475,1014.9,0.3,54.504999999999995,1.9654166666666668
2017-07-03,11.0,4.805555555555555,1016.0,0.0,55.28333333333333,2.214583333333333
2017-07-04,10.0,5.363636363636363,1014.8,0.0,53.42727272727273,2.2170833333333335
2017-07-05,7.0,3.830188679245283,1015.9,0.5,53.62264150943396,1.3314583333333334
2017-07-06,9.0,3.6315789473684212,1019.4,0.0,55.22105263157895,0.9883333333333333
2017-07-07,11.0,6.25,1020.7,0.0,56.8125,0.7860416666666666
2017-07-08,10.0,3.891891891891892,1017.4,0.0,53.62162162162162,1.5529166666666667
2017-07-09,10.0,3.7142857142857144,1016.8,0.0,54.93142857142857,1.8504166666666668
2017-07-10,11.0,4.564102564102564,1016.2,0.0,55.805128205128206,1.71375
2017-07-11,11.0,4.885714285714286,1015.0,0.0,55.371428571428574,2.2314583333333333
2017-07-12,9.0,4.392857142857143,1015.3,0.0,54.24285714285714,2.00125
2017-07-13,11.0,4.6875,1017.4,0.0,56.5375,1.148125
2017-07-14,13.0,4.069767441860465,1018.3,0.0,55.116279069767444,1.3714583333333332
2017-07-15,14.0,4.0,1020.8,0.0,55.714285714285715,1.276875
2017-07-16,15.0,4.6976744186046515,1017.9,0.0,55.49302325581395,1.6575000000000002
2017-07-17,10.0,5.303030303030303,1015.7,0.0,53.99393939393939,2.3275
2017-07-18,9.0,4.787878787878788,1015.7,0.0,55.27272727272727,1.573125
2017-07-19,16.0,4.633333333333334,1020.3,0.0,54.833333333333336,0.7258333333333334
2017-07-20,16.0,6.857142857142857,1019.8,0.0,59.471428571428575,0.5110416666666667
2017-07-21,16.0,5.878048780487805,1020.0,0.0,55.93170731707317,0.7002083333333333
2017-07-22,12.0,4.771428571428571,1014.7,0.0,58.628571428571426,1.1156249999999999
2017-07-23,8.0,2.9019607843137254,1011.1,0.0,58.34901960784314,2.8720833333333338
2017-07-24,10.0,4.7368421052631575,1010.2,0.0,57.336842105263166,3.3800000000000003
2017-07-25,10.0,5.591836734693878,1011.1,0.0,55.38367346938776,2.732708333333333
2017-07-26,9.0,3.2222222222222223,1015.9,0.0,54.7125,1.9070833333333335
2017-07-27,11.0,4.771428571428571,1018.9,0.0,55.75675675675676,1.53875
2017-07-28,9.0,4.575757575757576,1017.0,0.0,55.91764705882353,1.7777083333333332
2017-07-29,11.0,4.3428571428571425,1015.9,0.0,56.09444444444445,2.1314583333333332
2017-07-30,10.0,4.041666666666667,1016.8,0.0,56.5,2.4031249999999997
2017-07-31,9.0,2.7837837837837838,1017.0,0.0,54.34054054054054,2.09875
2017-08-01,6.0,1.8153846153846154,1012.2,0.0,53.7876923076923,1.8341666666666667
2017-08-02,7.0,3.814814814814815,1011.4,0.0,59.107142857142854,1.6710638297872342
2017-08-03,6.0,2.0161290322580645,1012.8,0.0,55.5258064516129,1.218125
2017-08-04,6.0,1.4109589041095891,1014.8,0.0,55.04383561643835,0.9743750000000001
2017-08-05,9.0,3.5697674418604652,1013.6,0.0,57.509302325581395,1.0558333333333334
2017-08-06,13.0,4.4,1014.2,0.0,59.262857142857136,0.9897916666666666
2017-08-07,11.0,2.5384615384615383,1014.4,0.0,58.36410256410256,0.9191666666666666
2017-08-08,8.0,3.641509433962264,1014.6,0.0,57.4566037735849,1.423125
2017-08-09,9.0,3.1627906976744184,1015.0,0.0,58.032558139534885,1.5248275862068965
2017-08-10,7.0,2.9,1015.7,0.0,58.24333333333333,
2017-08-11,14.0,4.542857142857143,1015.9,0.0,59.48571428571429,0.8108333333333334
2017-08-12,13.0,5.4411764705882355,1015.5,0.3,59.73529411764706,0.7568085106382979
2017-08-13,14.0,5.771428571428571,1015.6,0.0,59.457142857142856,0.7102173913043479
2017-08-14,14.0,4.786885245901639,1012.4,0.0,58.898360655737704,1.7184782608695652
2017-08-15,10.0,4.67741935483871,1011.6,0.0,56.79354838709677,1.7752083333333333
2017-08-16,8.0,3.1538461538461537,1013.5,0.0,57.53846153846154,2.0714893617021275
2017-08-17,12.0,4.757575757575758,1014.5,0.0,57.666666666666664,2.6127083333333334
2017-08-18,7.0,2.0961538461538463,1015.7,0.0,55.77307692307692,2.4086666666666665
2017-08-19,10.0,3.951219512195122,1013.5,0.0,55.04390243902439,2.8741304347826087
2017-08-20,11.0,4.75,1011.9,0.0,56.785714285714285,3.579375
2017-08-21,8.0,4.684210526315789,1013.2,0.0,54.21052631578947,2.5372340425531914
2017-08-22,9.0,4.355555555555555,1016.8,0.0,56.0,1.1747916666666667
2017-08-23,8.0,3.05,1016.6,0.0,54.355,0.9570212765957447
2017-08-24,8.0,2.3783783783783785,1015.4,0.5,54.66216216216216,1.15531914893617
2017-08-25,7.0,3.9285714285714284,1012.9,0.0,54.10476190476191,2.6102083333333335
2017-08-26,6.0,3.076923076923077,1013.0,0.0,56.96296296296296,2.312340425531915
2017-08-27,6.0,1.9583333333333333,1014.4,0.0,62.583333333333336,1.5959999999999999
2017-08-28,7.0,3.2142857142857144,1012.5,0.0,60.07857142857143,1.3589361702127658
2017-08-29,13.0,3.425925925925926,1013.0,0.0,55.51851851851852,1.4553333333333331
2017-08-30,17.0,4.387755102040816,1014.7,0.5,57.97551020408164,1.0541304347826088
2017-08-31,14.0,3.365079365079365,1013.0,0.0,55.45079365079365,1.0971739130434783
2017-09-01,7.0,2.814814814814815,1010.6,0.0,61.03703703703704,2.256086956521739
2017-09-02,7.0,2.310344827586207,1010.3,0.0,73.3103448275862,1.6163043478260868
2017-09-03,6.0,1.951219512195122,1010.3,0.0,67.06341463414634,1.0987234042553191
2017-09-04,12.0,3.0930232558139537,1009.5,0.0,62.8093023255814,1.0063829787234042
2017-09-05,13.0,6.170731707317073,1010.8,2.3,67.15238095238095,1.0058333333333334
2017-09-06,6.0,2.5342465753424657,1014.5,0.0,61.136986301369866,1.4780851063829787
2017-09-07,7.0,1.6029411764705883,1013.9,8.6,59.88823529411765,1.736595744680851
2017-09-08,7.0,2.783132530120482,1013.8,0.0,59.40963855421687,1.4845652173913044
2017-09-09,11.0,4.247422680412371,1014.3,0.0,58.48453608247423,1.8227083333333332
2017-09-10,11.0,3.2452830188679247,1016.4,0.0,58.215094339622645,1.7791489361702129
2017-09-11,11.0,2.8461538461538463,1011.7,0.0,61.46153846153846,2.3229166666666665
2017-09-12,6.0,2.121212121212121,1011.2,0.3,61.303030303030305,2.0389361702127657
2017-09-13,9.0,3.204081632653061,1011.4,0.0,55.077551020408166,2.378936170212766
2017-09-14,13.0,4.848484848484849,1012.5,0.0,54.54545454545455,1.9108333333333334
2017-09-15,9.0,3.7058823529411766,1015.4,0.0,52.94705882352941,1.0410416666666666
2017-09-16,9.0,3.6578947368421053,1014.1,0.0,53.41025641025641,1.3620833333333333
2017-09-17,10.0,3.515151515151515,1015.7,3.8,53.15151515151515,0.9836170212765957
2017-09-18,11.0,2.6666666666666665,1014.4,1.8,59.32380952380952,0.815
2017-09-19,12.0,4.024390243902439,1016.5,1.8,58.0780487804878,2.971458333333333
2017-09-20,12.0,6.896551724137931,1012.7,7.1,58.16896551724138,3.16936170212766
2017-09-21,8.0,3.730769230769231,1012.8,0.0,52.30769230769231,2.741304347826087
2017-09-22,16.0,4.291666666666667,1013.9,0.0,51.666666666666664,2.6493617021276594
2017-09-23,14.0,5.458333333333333,1015.0,0.0,53.458333333333336,2.4412499999999997
2017-09-24,12.0,4.735294117647059,1015.9,0.0,53.705882352941174,1.6606249999999998
2017-09-25,10.0,3.5,1016.7,0.0,54.6764705882353,1.5980851063829786
2017-09-26,12.0,3.8518518518518516,1011.8,0.0,57.92857142857143,1.554782608695652
2017-09-27,12.0,3.8333333333333335,1011.6,0.0,62.5,1.612127659574468
2017-09-28,7.0,1.607843137254902,1012.6,0.0,52.627450980392155,0.9639583333333334
2017-09-29,12.0,4.27027027027027,1015.8,0.0,57.38918918918919,1.1448936170212767
2017-09-30,14.0,5.7368421052631575,1018.3,0.0,57.44736842105263,1.5311111111111113
2017-10-01,17.0,6.208333333333333,1018.4,0.0,54.708333333333336,1.7780434782608696
2017-10-02,19.0,8.96,1015.5,0.0,53.56,2.226086956521739
2017-10-03,17.0,7.125,1012.6,0.0,56.5,2.156875
2017-10-04,14.0,3.9583333333333335,1014.0,0.0,53.5,1.4613333333333334
2017-10-05,8.0,2.064516129032258,1018.7,0.0,49.329032258064515,0.8739130434782609
2017-10-06,14.0,4.0,1018.4,0.0,51.166666666666664,1.41125
2017-10-07,14.0,5.0,1018.3,0.0,51.96296296296296,1.7562499999999999
2017-10-08,20.0,9.75,1016.8,0.0,55.291666666666664,2.9506666666666668
2017-10-09,18.0,5.958333333333333,1012.6,0.0,59.583333333333336,3.6943750000000004
2017-10-10,15.0,3.8846153846153846,1012.9,0.0,51.784615384615385,2.4529166666666664
2017-10-11,14.0,4.678571428571429,1016.7,0.3,49.107142857142854,2.3529787234042554
2017-10-12,14.0,4.75,1023.0,0.0,47.875,3.011875
2017-10-13,15.0,5.208333333333333,1024.1,0.0,48.875,2.426458333333333
2017-10-14,13.0,6.6,1018.9,0.0,53.24,2.733333333333333
2017-10-15,6.0,3.2083333333333335,1018.2,0.0,53.083333333333336,2.6335416666666664
2017-10-16,6.0,2.0416666666666665,1019.4,0.0,51.791666666666664,1.6993749999999999
2017-10-17,13.0,2.341463414634146,1019.1,0.3,49.44390243902439,2.076041666666667
2017-10-18,8.0,2.819672131147541,1017.7,0.0,47.885245901639344,2.1560416666666664
2017-10-19,20.0,6.0576923076923075,1008.6,34.5,55.033962264150944,1.9602083333333333
2017-10-20,11.0,4.826086956521739,1009.0,5.8,50.71304347826087,5.786666666666666
2017-10-21,15.0,6.896551724137931,1021.0,0.5,51.710344827586205,4.261041666666666
2017-10-22,8.0,5.108108108108108,1024.3,0.0,60.62162162162162,3.2877083333333332
2017-10-23,6.0,2.611111111111111,1025.5,0.0,55.111111111111114,3.475
2017-10-24,7.0,2.857142857142857,1019.7,0.0,63.5,3.32875
2017-10-25,6.0,2.130434782608696,1016.6,0.0,52.51884057971015,2.5483333333333333
2017-10-26,8.0,2.5925925925925926,1015.1,0.0,50.422222222222224,2.5
2017-10-27,7.0,1.2083333333333333,1015.7,0.0,46.131506849315066,1.720625
2017-10-28,8.0,1.148936170212766,1016.4,0.0,49.21702127659574,2.5572916666666665
2017-10-29,11.0,3.0615384615384613,1015.4,0.3,53.089230769230774,2.9622916666666668
2017-10-30,10.0,3.34375,1010.3,0.0,51.71875,2.1443749999999997
2017-10-31,7.0,3.44,1009.9,0.0,48.583999999999996,2.0775
2017-11-01,6.0,2.3076923076923075,1014.2,0.3,47.965384615384615,1.604864864864865
2017-11-02,7.0,2.4722222222222223,1015.0,3.6,50.52222222222222,1.729795918367347
2017-11-03,11.0,3.4936708860759493,1014.5,30.0,50.760000000000005,1.8929787234042552
2017-11-04,9.0,2.5,1016.4,0.0,42.27916666666667,2.116304347826087
2017-11-05,11.0,5.857142857142857,1018.1,1.3,45.84571428571428,1.7435416666666665
2017-11-06,12.0,4.135135135135135,1019.3,0.0,46.5945945945946,2.5702083333333334
2017-11-07,5.0,2.1538461538461537,1017.6,0.0,43.353846153846156,1.4675
2017-11-08,19.0,8.296296296296296,1006.2,18.0,52.925925925925924,2.3770212765957446
2017-11-09,15.0,7.242424242424242,1006.1,15.2,55.09090909090909,3.61
2017-11-10,13.0,7.170212765957447,1012.7,17.8,54.43404255319149,2.4910416666666664
2017-11-11,11.0,5.407407407407407,1016.1,0.0,54.25925925925926,2.1064583333333333
2017-11-12,18.0,5.375,1013.9,0.5,56.166666666666664,1.1063829787234043
2017-11-13,17.0,8.380952380952381,1013.3,28.2,54.08571428571428,2.5485416666666665
2017-11-14,11.0,6.3076923076923075,1021.1,0.0,49.88461538461539,3.2606249999999997
2017-11-15,13.0,4.827586206896552,1003.7,4.6,52.13793103448276,2.80125
2017-11-16,26.0,8.764705882352942,1003.0,2.3,52.57058823529412,3.015625
2017-11-17,13.0,4.466666666666667,1011.0,2.3,46.96774193548387,2.129583333333333
2017-11-18,6.0,3.3846153846153846,1023.0,0.0,42.46153846153846,1.576875
2017-11-19,6.0,2.9615384615384617,1017.0,0.3,41.95384615384615,1.0239583333333333
2017-11-20,13.0,7.585365853658536,1011.7,23.4,56.678048780487806,2.0835416666666666
2017-11-21,12.0,7.275862068965517,1014.7,0.0,63.58620689655172,1.9473333333333331
2017-11-22,17.0,5.625,1016.9,14.2,61.34375,2.663191489361702
2017-11-23,11.0,4.8108108108108105,1018.3,5.1,59.935135135135134,2.653829787234043
2017-11-24,12.0,3.8974358974358974,1018.9,0.3,51.869230769230775,2.031063829787234
2017-11-25,10.0,1.6428571428571428,1008.9,0.0,50.364285714285714,1.6766666666666667
2017-11-26,24.0,10.282051282051283,1007.8,16.0,60.158974358974355,2.8335416666666666
2017-11-27,18.0,6.379310344827586,1009.9,0.0,48.59310344827586,3.38875
2017-11-28,7.0,3.0285714285714285,1020.8,4.8,45.879999999999995,2.6802083333333333
2017-11-29,14.0,3.9310344827586206,1023.3,0.0,45.358620689655176,4.511914893617021
2017-11-30,7.0,3.7586206896551726,1022.5,0.0,44.13793103448276,4.609333333333333
2017-12-01,7.0,2.5135135135135136,1020.5,0.0,48.58378378378378,4.072222222222222
2017-12-02,9.0,3.236842105263158,1015.7,20.6,45.17894736842105,3.8802083333333335
2017-12-03,13.0,4.75,1015.4,1.5,45.916666666666664,3.73531914893617
2017-12-04,13.0,5.580645161290323,1025.7,0.0,46.806451612903224,3.1609302325581394
2017-12-05,7.0,3.7916666666666665,1022.9,0.0,48.125,2.235744680851064
2017-12-06,6.0,3.1666666666666665,1023.4,0.0,48.541666666666664,2.1799999999999997
2017-12-07,4.0,2.090909090909091,1025.8,0.0,48.72727272727273,1.2095454545454545
2017-12-08,8.0,2.9166666666666665,1028.8,0.0,51.166666666666664,1.1563829787234043
2017-12-09,7.0,3.5416666666666665,1025.8,0.0,51.541666666666664,1.4955555555555555
2017-12-10,6.0,3.0833333333333335,1022.8,0.0,49.541666666666664,1.6700000000000002
2017-12-11,7.0,3.5416666666666665,1022.5,0.0,51.833333333333336,1.695744680851064
2017-12-12,7.0,3.4166666666666665,1024.9,0.0,48.958333333333336,1.9061363636363637
2017-12-13,5.0,2.3529411764705883,1021.0,0.0,47.22941176470588,2.1336363636363633
2017-12-14,8.0,2.4594594594594597,1019.8,0.0,48.68648648648649,2.210909090909091
2017-12-15,7.0,2.1931818181818183,1021.2,0.0,46.28636363636363,2.4390909090909094
2017-12-16,19.0,9.933333333333334,1021.7,0.0,52.0,3.5115909090909088
2017-12-17,15.0,4.958333333333333,1020.6,0.0,47.208333333333336,2.662391304347826
2017-12-18,7.0,3.033333333333333,1020.3,0.0,44.5,1.9488636363636365
2017-12-19,14.0,5.454545454545454,1015.5,17.3,48.41212121212121,1.8369565217391304
2017-12-20,20.0,7.142857142857143,1016.8,6.4,46.53023255813953,3.4914583333333336
2017-12-21,7.0,3.769230769230769,1025.6,0.0,40.96153846153846,3.5355555555555553
2017-12-22,7.0,3.185185185185185,1025.1,0.0,43.88148148148148,2.0593333333333335
2017-12-23,6.0,2.5416666666666665,1024.3,0.0,47.375,1.2246666666666666
2017-12-24,5.0,2.4166666666666665,1021.8,0.0,47.958333333333336,1.0182222222222221
2017-12-25,8.0,3.857142857142857,1022.2,0.0,53.02857142857143,2.2189130434782607
2017-12-26,9.0,2.6792452830188678,1021.9,0.3,51.611320754716985,2.332
2017-12-27,8.0,3.08,1024.6,0.0,52.92,1.4922222222222223
2017-12-28,9.0,2.101449275362319,1023.9,0.0,51.77971014492754,1.6395744680851065
2017-12-29,5.0,1.641025641025641,1022.0,0.3,48.69230769230769,1.3061702127659574
2017-12-30,6.0,2.46,1018.6,3.0,54.42,1.6282978723404256
2017-12-31,6.0,1.2153846153846153,1016.0,0.0,51.96,1.4441304347826085
2018-01-01,7.0,2.393939393939394,1018.7,0.0,50.67878787878788,0.9784782608695651
2018-01-02,5.0,1.0769230769230769,1021.0,0.0,49.27384615384616,1.4915217391304347
2018-01-03,4.0,2.1666666666666665,1013.4,7.6,54.63333333333333,2.062
2018-01-04,7.0,2.90625,1012.8,0.3,58.41875,2.724090909090909
2018-01-05,14.0,6.7272727272727275,1013.3,7.6,58.75757575757576,2.4430434782608694
2018-01-06,12.0,2.514705882352941,1022.9,0.0,51.02058823529412,2.947608695652174
2018-01-07,7.0,3.6666666666666665,1018.6,0.0,47.059999999999995,2.093125
2018-01-08,5.0,1.5945945945945945,1002.6,16.0,49.891891891891895,1.7495555555555558
2018-01-09,17.0,4.870967741935484,1002.0,7.6,54.23548387096774,2.893181818181818
2018-01-10,10.0,4.815789473684211,1013.6,2.3,51.08421052631579,2.8958695652173914
2018-01-11,15.0,5.428571428571429,1022.1,4.3,54.721428571428575,2.8573333333333335
2018-01-12,8.0,3.519230769230769,1024.9,0.0,54.715384615384615,3.992666666666667
2018-01-13,5.0,1.4444444444444444,1020.4,0.0,48.977777777777774,2.829361702127659
2018-01-14,9.0,3.076923076923077,1017.1,0.0,51.88461538461539,2.1436956521739132
2018-01-15,13.0,4.892857142857143,1014.1,7.4,54.07142857142857,3.191395348837209
2018-01-16,12.0,3.547169811320755,1016.0,0.0,54.116981132075466,3.73
2018-01-17,14.0,4.533333333333333,1017.9,8.9,55.1,3.255813953488372
2018-01-18,20.0,9.688888888888888,1015.3,22.9,54.70666666666667,5.889777777777779
2018-01-19,10.0,5.903225806451613,1015.0,2.3,48.567741935483866,5.531860465116279
2018-01-20,6.0,3.1481481481481484,1021.1,3.6,46.111111111111114,4.588444444444444
2018-01-21,23.0,11.222222222222221,1018.9,23.9,49.65925925925926,3.4472340425531915
2018-01-22,17.0,4.333333333333333,1019.0,0.0,47.84313725490196,4.619565217391305
2018-01-23,13.0,4.7,1020.1,0.0,48.43333333333333,2.838888888888889
2018-01-24,17.0,10.975,1011.7,42.9,52.1,3.014418604651163
2018-01-25,15.0,7.973684210526316,1012.9,37.3,46.44736842105263,3.87063829787234
2018-01-26,9.0,5.703703703703703,1018.9,2.3,46.01481481481482,3.943404255319149
2018-01-27,18.0,10.153846153846153,1025.2,0.0,51.53846153846154,3.0397872340425534
2018-01-28,6.0,2.2432432432432434,1027.3,0.0,51.35675675675676,2.915531914893617
2018-01-29,7.0,2.875,1022.6,0.0,52.25,2.176595744680851
2018-01-30,11.0,3.1,1023.0,2.5,52.71,2.1057446808510636
2018-01-31,9.0,4.217391304347826,1022.6,0.0,46.130434782608695,2.941956521739131
2018-02-01,7.0,3.0714285714285716,1021.2,0.0,50.0,2.194
2018-02-02,13.0,3.8333333333333335,1023.4,0.0,50.541666666666664,1.2417391304347825
2018-02-03,15.0,2.4615384615384617,1023.3,0.0,49.92307692307692,1.5041304347826085
2018-02-04,15.0,3.46875,1021.9,0.0,51.59375,1.5840425531914895
2018-02-05,11.0,1.7391304347826086,1021.2,0.3,52.368115942028986,1.8104347826086957
2018-02-06,12.0,3.892857142857143,1021.2,0.0,49.892857142857146,2.310425531914894
2018-02-07,7.0,2.375,1022.7,0.0,53.75,1.9569565217391303
2018-02-08,9.0,2.9583333333333335,1022.5,0.0,53.916666666666664,1.222608695652174
2018-02-09,9.0,1.5681818181818181,1022.3,0.3,50.07272727272727,1.365
2018-02-10,10.0,3.3214285714285716,1019.2,0.0,50.371428571428574,2.3752083333333336
2018-02-11,8.0,3.8048780487804876,1014.0,8.4,45.599999999999994,1.7979999999999998
2018-02-12,15.0,4.861111111111111,1014.5,0.0,47.07222222222222,2.7404347826086957
2018-02-13,8.0,4.291666666666667,1016.8,0.0,45.75,2.6177272727272727
2018-02-14,12.0,5.363636363636363,1022.2,0.5,46.333333333333336,1.771111111111111
2018-02-15,16.0,6.041666666666667,1024.7,0.0,43.958333333333336,2.396888888888889
2018-02-16,18.0,6.16,1028.0,0.0,44.44,2.685348837209302
2018-02-17,12.0,3.433333333333333,1021.5,3.0,45.666666666666664,1.9344186046511627
2018-02-18,25.0,6.359375,1016.3,13.0,48.23125,3.4379545454545455
2018-02-19,17.0,5.295454545454546,1015.2,5.8,38.93636363636364,6.487111111111111
2018-02-20,16.0,4.541666666666667,1022.1,0.0,38.02916666666667,3.7035416666666667
2018-02-21,16.0,5.708333333333333,1021.8,0.0,44.625,1.8466666666666665
2018-02-22,17.0,6.03030303030303,1023.3,10.2,42.31515151515152,2.6302222222222222
2018-02-23,18.0,8.375,1025.1,0.0,41.125,3.5263829787234044
2018-02-24,16.0,5.195121951219512,1029.5,3.6,44.34634146341463,2.0028260869565218
2018-02-25,12.0,6.185185185185185,1024.4,10.2,44.51851851851852,3.2408695652173916
2018-02-26,18.0,7.883720930232558,1017.7,3.0,46.41860465116279,3.714255319148936
2018-02-27,18.0,8.166666666666666,1019.7,0.0,43.2875,4.287608695652174
2018-02-28,11.0,4.56,1014.6,14.7,45.28,2.6247916666666664
2018-03-01,20.0,9.847826086956522,1002.8,23.6,47.21739130434783,3.0493617021276593
2018-03-02,16.0,9.969696969696969,1003.3,7.9,42.5030303030303,4.747083333333333
2018-03-03,16.0,7.689655172413793,1010.2,3.8,43.93103448275862,4.300625
2018-03-04,10.0,5.84375,1016.9,1.5,46.0625,2.939111111111111
2018-03-05,10.0,4.166666666666667,1025.2,0.0,44.833333333333336,1.6146341463414635
2018-03-06,9.0,3.7083333333333335,1018.7,0.0,46.916666666666664,1.7481818181818183
2018-03-07,16.0,3.625,1010.0,4.1,53.583333333333336,1.1963829787234042
2018-03-08,13.0,8.482758620689655,1011.9,10.7,55.172413793103445,3.0670454545454544
2018-03-09,14.0,4.618181818181818,1015.1,8.9,55.28363636363636,2.3354347826086954
2018-03-10,6.0,1.904109589041096,1013.7,0.3,49.66301369863014,1.4883333333333333
2018-03-11,6.0,1.8085106382978724,1015.5,0.0,51.85957446808511,1.1735416666666667
2018-03-12,8.0,2.9302325581395348,1008.5,3.3,51.83720930232558,1.6617021276595743
2018-03-13,24.0,9.580645161290322,1005.2,28.4,58.019354838709674,2.5136170212765956
2018-03-14,12.0,3.75,1011.9,9.1,48.11666666666667,3.1941666666666664
2018-03-15,14.0,8.290322580645162,1009.6,20.1,46.74193548387097,2.2647916666666665
2018-03-16,10.0,7.384615384615385,1009.8,13.7,44.23076923076923,2.6691489361702128
2018-03-17,10.0,5.181818181818182,1011.0,0.0,44.72727272727273,2.302127659574468
2018-03-18,9.0,4.538461538461538,1018.9,0.0,44.38461538461539,1.520212765957447
2018-03-19,10.0,3.7083333333333335,1019.2,0.0,46.666666666666664,1.153125
2018-03-20,9.0,3.6666666666666665,1011.2,2.3,53.208333333333336,0.946875
2018-03-21,8.0,2.3076923076923075,1004.8,7.4,54.302564102564105,1.5925531914893616
2018-03-22,25.0,5.947368421052632,1001.4,30.2,51.1578947368421,1.9282978723404254
2018-03-23,22.0,11.25925925925926,1015.2,18.5,47.851851851851855,3.292291666666667
2018-03-24,21.0,11.794117647058824,1014.0,17.5,44.817647058823525,3.491739130434783
2018-03-25,15.0,7.319148936170213,1014.3,4.6,44.191489361702125,3.1789583333333336
2018-03-26,19.0,8.1,1024.2,0.0,55.36666666666667,1.5059574468085106
2018-03-27,19.0,6.166666666666667,1028.3,0.0,49.82666666666667,1.800625
2018-03-28,16.0,5.1923076923076925,1023.3,0.0,51.03846153846154,2.874893617021277
2018-03-29,14.0,3.5384615384615383,1021.4,0.0,49.53846153846154,2.6693617021276594
2018-03-30,8.0,2.283333333333333,1021.0,0.0,49.57377049180328,1.7841304347826086
2018-03-31,18.0,5.486486486486487,1019.6,0.0,52.27567567567568,1.498125
2018-04-01,17.0,4.9714285714285715,1017.4,0.0,50.25714285714286,1.4156250000000001
2018-04-02,18.0,6.972972972972973,1016.8,1.3,52.108108108108105,1.5338297872340427
2018-04-03,16.0,4.115384615384615,1016.0,0.0,46.38461538461539,2.1015217391304346
2018-04-04,7.0,3.0416666666666665,1017.2,0.0,52.125,1.208913043478261
2018-04-05,11.0,4.208333333333333,1013.4,13.2,53.125,0.8489361702127659
2018-04-06,12.0,4.32258064516129,1004.8,33.3,59.58064516129032,1.746595744680851
2018-04-07,20.0,12.972972972972974,1004.8,4.3,59.524324324324326,2.462222222222222
2018-04-08,18.0,7.756756756756757,1015.7,1.5,53.65945945945946,5.303617021276596
2018-04-09,11.0,2.4615384615384617,1015.0,0.0,51.15384615384615,3.4121276595744683
2018-04-10,13.0,5.7317073170731705,1012.8,4.3,55.05365853658536,1.9662790697674417
2018-04-11,22.0,8.405405405405405,1009.0,23.4,51.270270270270274,2.82
2018-04-12,15.0,5.694444444444445,1012.8,1.0,48.03333333333333,3.6264444444444446
2018-04-13,8.0,3.96,1029.4,0.0,50.92,4.040425531914893
2018-04-14,7.0,3.2962962962962963,1024.7,0.0,51.45925925925926,3.168
2018-04-15,16.0,7.575757575757576,1008.3,10.9,52.75151515151515,3.0977083333333333
2018-04-16,12.0,5.675675675675675,1010.9,2.8,48.054054054054056,2.8964583333333334
2018-04-17,10.0,5.416666666666667,1020.2,0.0,47.458333333333336,2.8647916666666666
2018-04-18,12.0,4.416666666666667,1018.4,0.0,49.125,2.01195652173913
2018-04-19,18.0,6.655172413793103,1018.2,0.0,48.758620689655174,1.815744680851064
2018-04-20,16.0,7.481481481481482,1023.2,0.0,52.666666666666664,2.2843750000000003
2018-04-21,20.0,8.416666666666666,1024.2,0.0,51.958333333333336,2.5074468085106383
2018-04-22,20.0,5.96875,1017.9,0.0,52.15625,3.5408510638297868
2018-04-23,13.0,3.875,1015.3,0.0,55.958333333333336,2.856808510638298
2018-04-24,6.0,3.611111111111111,1014.5,0.0,55.53888888888889,1.815531914893617
2018-04-25,8.0,3.0285714285714285,1016.7,0.0,53.137142857142855,2.079375
2018-04-26,7.0,2.53125,1016.9,0.0,52.53125,1.8419565217391305
2018-04-27,8.0,2.814814814814815,1016.1,17.3,54.148148148148145,1.70375
2018-04-28,10.0,5.555555555555555,1016.6,13.7,53.25555555555556,2.08625
2018-04-29,15.0,5.024390243902439,1017.0,0.5,53.321951219512194,1.979375
2018-04-30,19.0,11.5,1020.0,0.0,53.785714285714285,2.7727083333333336
2018-05-01,20.0,7.214285714285714,1014.3,0.0,50.949999999999996,3.25
2018-05-02,14.0,5.1875,1013.9,0.0,53.5875,3.2551063829787235
2018-05-03,9.0,3.413793103448276,1018.0,0.0,53.44827586206897,1.6464583333333334
2018-05-04,11.0,4.67741935483871,1023.4,0.0,54.03225806451613,1.1497826086956522
2018-05-05,10.0,4.351351351351352,1017.6,0.0,53.28648648648648,0.9239999999999999
2018-05-06,10.0,3.774193548387097,1016.2,0.0,54.96774193548387,0.8354347826086956
2018-05-07,9.0,3.142857142857143,1021.7,0.0,54.17857142857143,0.7138297872340424
2018-05-08,17.0,3.611111111111111,1018.1,2.8,53.22222222222222,0.788936170212766
2018-05-09,13.0,3.9411764705882355,1019.2,0.8,58.294117647058826,1.3708510638297873
2018-05-10,17.0,6.944444444444445,1020.2,0.0,55.27777777777778,1.7706382978723405
2018-05-11,22.0,11.11111111111111,1016.4,0.0,55.18518518518518,3.501702127659575
2018-05-12,15.0,5.157894736842105,1012.2,0.0,51.57368421052632,3.7648936170212766
2018-05-13,11.0,6.5,1011.7,0.0,53.89473684210526,2.4829545454545454
2018-05-14,7.0,3.8666666666666667,1016.1,0.3,54.37777777777778,1.444130434782609
2018-05-15,8.0,2.6486486486486487,1015.8,1.3,54.02162162162162,1.094375
2018-05-16,7.0,1.6136363636363635,1018.0,1.3,54.14090909090908,1.1682978723404256
2018-05-17,14.0,6.96078431372549,1018.5,0.0,55.28627450980392,1.2752173913043479
2018-05-18,13.0,7.0,1017.8,0.3,54.54347826086956,1.1293333333333333
2018-05-19,10.0,4.814814814814815,1017.1,0.5,53.99285714285714,1.0114893617021277
2018-05-20,11.0,6.536585365853658,1017.2,1.0,52.766666666666666,1.2180851063829787
2018-05-21,15.0,5.53125,1014.4,0.0,54.411764705882355,1.8406382978723406
2018-05-22,13.0,4.888888888888889,1012.3,0.0,54.9081081081081,1.766086956521739
2018-05-23,7.0,3.259259259259259,1012.7,0.3,54.86296296296296,1.4995652173913043
2018-05-24,7.0,3.2439024390243905,1015.6,0.0,55.780952380952385,1.832340425531915
2018-05-25,10.0,5.069767441860465,1016.4,11.7,55.35,1.7886046511627907
2018-05-26,15.0,7.1,1020.6,0.0,54.25,1.7715909090909092
2018-05-27,19.0,6.0285714285714285,1018.2,0.0,55.542857142857144,1.908723404255319
2018-05-28,19.0,7.0344827586206895,1018.3,0.0,55.3448275862069,3.1388636363636366
2018-05-29,15.0,5.944444444444445,1015.9,0.0,53.729729729729726,3.4191304347826086
2018-05-30,15.0,6.576923076923077,1011.8,0.0,52.857142857142854,3.6353488372093024
2018-05-31,14.0,6.891891891891892,1014.0,0.0,53.86486486486486,1.9685714285714286
2018-06-01,18.0,6.958333333333333,1019.0,0.0,51.916666666666664,1.1621428571428571
2018-06-02,14.0,5.533333333333333,1019.9,0.0,53.88125,1.5219512195121951
2018-06-03,12.0,5.258064516129032,1016.7,0.0,55.2625,1.6809302325581397
2018-06-04,16.0,6.205882352941177,1018.1,0.0,54.59411764705882,1.2497727272727273
2018-06-05,18.0,6.0,1017.6,0.0,54.0,1.4470833333333333
2018-06-06,14.0,5.6,1015.2,0.0,55.22222222222222,1.4185416666666668
2018-06-07,14.0,5.5,1015.4,0.0,57.82142857142857,2.040625
2018-06-08,8.0,2.6153846153846154,1019.2,8.6,55.92307692307692,1.4425
2018-06-09,11.0,4.362068965517241,1018.2,9.1,56.9896551724138,1.68875
2018-06-10,10.0,4.260869565217392,1021.7,0.0,53.25,1.7814583333333334
2018-06-11,18.0,6.02,1018.1,0.0,58.58,1.6502127659574468
2018-06-12,16.0,3.86046511627907,1014.7,0.0,56.82727272727273,1.7072340425531913
2018-06-13,16.0,7.344827586206897,1016.0,0.0,57.03333333333333,1.3547916666666666
2018-06-14,21.0,7.606060606060606,1013.4,0.0,57.36363636363637,2.095625
2018-06-15,19.0,6.909090909090909,1010.7,0.0,56.88235294117647,2.888125
2018-06-16,19.0,6.875,1009.1,0.0,54.21875,3.3220833333333335
2018-06-17,13.0,6.481481481481482,1008.5,0.0,55.13793103448276,2.7295833333333337
2018-06-18,9.0,4.297297297297297,1014.9,0.0,55.75135135135135,1.760625
2018-06-19,10.0,4.177777777777778,1017.7,0.0,55.21777777777778,1.5010416666666666
2018-06-20,8.0,3.9,1017.2,0.0,55.935483870967744,1.1372916666666668
2018-06-21,18.0,7.068965517241379,1019.0,0.0,57.56666666666667,0.9839583333333334
2018-06-22,16.0,6.888888888888889,1018.9,0.0,58.592592592592595,1.13375
2018-06-23,17.0,3.5,1014.0,0.0,57.28780487804878,2.1925531914893615
2018-06-24,15.0,4.888888888888889,1010.3,0.0,57.81481481481482,2.290625
2018-06-25,19.0,7.703703703703703,1015.2,0.0,57.36296296296296,1.4497916666666668
2018-06-26,16.0,5.32,1016.5,0.0,55.51851851851852,2.76125
2018-06-27,18.0,6.0,1014.7,0.0,55.888888888888886,3.203191489361702
2018-06-28,15.0,5.67741935483871,1017.8,0.0,55.064516129032256,1.9489583333333333
2018-06-29,20.0,5.777777777777778,1018.5,0.0,56.45925925925926,1.1372916666666668
2018-06-30,18.0,5.159090909090909,1017.6,0.0,57.76444444444444,1.7558333333333334
2018-07-01,17.0,6.25,1017.5,0.0,58.52,2.695625
2018-07-02,18.0,7.625,1018.3,0.0,58.84,3.4654166666666666
2018-07-03,17.0,7.583333333333333,1012.8,0.0,58.041666666666664,3.6768750000000003
2018-07-04,17.0,3.9375,1013.3,0.0,52.56875,1.8016666666666667
2018-07-05,8.0,3.892857142857143,1016.8,0.0,55.857142857142854,0.7135416666666666
2018-07-06,13.0,3.8620689655172415,1022.5,0.0,56.324137931034485,1.1354166666666667
2018-07-07,16.0,5.0,1020.9,0.0,55.34285714285714,0.7947916666666667
2018-07-08,13.0,4.393939393939394,1019.4,0.0,57.121212121212125,1.003125
2018-07-09,16.0,5.3,1020.1,0.0,59.46666666666667,0.6027083333333333
2018-07-10,16.0,6.833333333333333,1019.9,0.0,57.416666666666664,0.6214583333333333
2018-07-11,13.0,3.8333333333333335,1012.6,0.0,57.61666666666667,2.066666666666667
2018-07-12,7.0,3.475,1011.2,0.0,54.705,2.96
2018-07-13,9.0,2.442622950819672,1015.7,0.0,53.97741935483871,2.377083333333333
2018-07-14,8.0,3.2857142857142856,1016.8,0.0,57.827586206896555,2.0395833333333333
2018-07-15,9.0,3.0,1015.3,0.0,55.54117647058824,1.653125
2018-07-16,8.0,2.3666666666666667,1015.1,0.0,55.68333333333333,1.4508333333333334
2018-07-17,10.0,3.395348837209302,1017.0,0.0,55.413953488372094,1.5947916666666666
2018-07-18,7.0,3.6842105263157894,1017.6,0.0,55.71052631578947,1.9104166666666667
2018-07-19,15.0,3.807017543859649,1016.5,0.0,56.17857142857143,2.9770833333333333
2018-07-20,13.0,4.7407407407407405,1013.8,0.0,54.592592592592595,3.4499999999999997
2018-07-21,7.0,3.433333333333333,1013.9,0.0,54.53333333333333,3.4168749999999997
2018-07-22,7.0,4.037037037037037,1016.8,0.0,54.75714285714286,2.366041666666667
2018-07-23,6.0,1.5245901639344261,1018.8,0.0,53.40327868852459,1.5039583333333333
2018-07-24,7.0,2.463768115942029,1018.2,0.0,53.60289855072464,1.3644680851063828
2018-07-25,7.0,2.830769230769231,1019.3,0.0,52.68,1.3797916666666667
2018-07-26,7.0,2.1666666666666665,1018.4,0.0,52.81388888888889,1.1770212765957446
2018-07-27,7.0,3.639344262295082,1016.7,0.0,52.32459016393443,1.567826086956522
2018-07-28,7.0,3.4411764705882355,1017.3,0.0,55.44117647058823,1.346595744680851
2018-07-29,9.0,3.6346153846153846,1017.7,0.5,54.80384615384616,1.1728888888888889
2018-07-30,14.0,4.711111111111111,1018.2,0.0,55.271111111111104,0.9945652173913043
2018-07-31,15.0,5.483870967741935,1017.9,0.3,57.25806451612903,0.8867391304347826
2018-08-01,15.0,5.358974358974359,1017.5,0.5,56.84615384615385,1.0406818181818183
2018-08-02,14.0,4.891891891891892,1018.1,0.0,57.2972972972973,1.1156249999999999
2018-08-03,15.0,4.714285714285714,1017.8,0.0,57.392857142857146,1.463695652173913
2018-08-04,14.0,4.972222222222222,1017.2,0.0,57.432432432432435,1.41375
2018-08-05,14.0,5.733333333333333,1016.3,0.0,58.71875,0.8080851063829787
2018-08-06,18.0,3.1025641025641026,1017.7,0.0,55.165,1.498913043478261
2018-08-07,15.0,3.864864864864865,1015.5,0.3,55.88717948717949,1.4787234042553192
2018-08-08,10.0,3.7333333333333334,1013.9,0.0,55.85531914893617,1.1795744680851064
2018-08-09,9.0,2.4029850746268657,1015.5,0.3,53.71764705882353,0.8173333333333334
2018-08-10,14.0,2.5535714285714284,1015.3,0.0,55.41754385964913,0.7980555555555555
2018-08-11,18.0,7.125,1018.4,0.0,58.833333333333336,0.8336111111111112
2018-08-12,12.0,4.416666666666667,1015.4,0.0,58.17222222222222,1.211142857142857
2018-08-13,9.0,4.780487804878049,1014.4,0.0,56.02926829268292,2.3466666666666667
2018-08-14,7.0,2.35,1013.7,0.0,55.015,1.4785294117647059
2018-08-15,6.0,2.393939393939394,1013.9,0.0,57.45454545454545,1.3939473684210526
2018-08-16,7.0,4.303030303030303,1015.4,0.0,58.411764705882355,1.591764705882353
2018-08-17,7.0,3.935483870967742,1018.7,0.3,56.212698412698415,1.7052941176470586
2018-08-18,8.0,3.923076923076923,1018.0,0.0,54.66153846153846,2.4658064516129032
2018-08-19,10.0,5.446808510638298,1017.1,0.0,54.50212765957447,2.057931034482759
2018-08-20,12.0,4.5,1013.4,0.0,55.130434782608695,2.0215625
2018-08-21,10.0,5.621621621621622,1012.7,0.0,53.9081081081081,1.815625
2018-08-22,9.0,3.96875,1015.7,0.0,56.34375,1.3800000000000001
2018-08-23,9.0,3.5294117647058822,1017.5,0.0,56.92352941176471,1.3705555555555557
2018-08-24,10.0,3.3846153846153846,1016.3,0.0,55.8974358974359,1.3006896551724139
2018-08-25,11.0,4.533333333333333,1014.5,0.0,54.166666666666664,2.087142857142857
2018-08-26,12.0,4.28125,1016.1,0.0,53.75,1.9833333333333332
2018-08-27,9.0,4.918918918918919,1013.2,0.0,55.59473684210526,2.328333333333333
2018-08-28,8.0,3.135593220338983,1011.3,0.0,55.43728813559322,2.568421052631579
2018-08-29,8.0,3.8857142857142857,1015.0,0.0,58.457142857142856,1.8539583333333332
2018-08-30,6.0,2.7333333333333334,1015.9,0.0,58.00666666666667,1.1885416666666668
2018-08-31,14.0,6.870967741935484,1019.3,0.0,57.25806451612903,1.076875
2018-09-01,16.0,5.090909090909091,1014.8,0.0,55.07878787878788,1.4008333333333332
2018-09-02,10.0,3.2,1011.1,0.0,53.14857142857143,2.563125
2018-09-03,8.0,2.5128205128205128,1011.3,0.0,52.23076923076923,3.203125
2018-09-04,7.0,3.4615384615384617,1011.9,0.0,53.53846153846154,2.9693617021276597
2018-09-05,8.0,3.3513513513513513,1011.9,0.0,52.605405405405406,2.1125000000000003
2018-09-06,11.0,2.4782608695652173,1016.8,0.0,53.18695652173913,1.07125
2018-09-07,14.0,3.5454545454545454,1019.7,0.0,54.01818181818182,0.7252083333333333
2018-09-08,15.0,4.552631578947368,1018.6,0.0,55.72105263157895,0.6872916666666667
2018-09-09,13.0,4.019230769230769,1017.4,0.0,50.934615384615384,0.8910416666666667
2018-09-10,17.0,6.4,1017.1,0.0,55.2,1.5070833333333333
2018-09-11,14.0,3.896551724137931,1016.1,0.0,54.206896551724135,1.751875
2018-09-12,10.0,4.03921568627451,1015.5,0.0,55.396078431372544,1.48125
2018-09-13,9.0,2.2941176470588234,1015.6,0.0,51.94117647058823,1.3993333333333333
2018-09-14,15.0,4.758620689655173,1015.2,0.0,53.03448275862069,1.2063829787234044
2018-09-15,15.0,4.6521739130434785,1013.6,0.0,52.25652173913044,0.8960416666666666
2018-09-16,10.0,4.125,1015.7,0.0,56.125,0.7942553191489361
2018-09-17,13.0,3.8,1016.3,0.0,52.33,1.064375
2018-09-18,12.0,4.580645161290323,1016.0,0.0,54.019354838709674,1.89875
2018-09-19,17.0,5.607142857142857,1016.9,0.0,51.75,1.82
2018-09-20,19.0,5.387096774193548,1014.6,0.0,55.2875,1.7114893617021276
2018-09-21,15.0,4.56,1014.6,0.0,53.64,1.708125
2018-09-22,15.0,4.714285714285714,1017.1,0.0,53.75,0.9845833333333333
2018-09-23,17.0,5.233333333333333,1015.1,0.0,56.193333333333335,1.98625
2018-09-24,14.0,4.625,1011.7,0.0,53.666666666666664,3.0347916666666666
2018-09-25,8.0,2.8333333333333335,1012.0,0.0,54.541666666666664,2.7695833333333333
2018-09-26,6.0,2.923076923076923,1014.7,0.0,48.50384615384615,2.0582978723404253
2018-09-27,6.0,2.3442622950819674,1013.5,0.0,48.32459016393443,1.495
2018-09-28,9.0,2.5660377358490565,1011.1,0.0,51.44074074074074,1.1829166666666666
2018-09-29,9.0,4.555555555555555,1009.2,4.8,59.851851851851855,1.0160416666666667
2018-09-30,13.0,5.074074074074074,1010.0,0.0,60.925925925925924,0.8287234042553192
2018-10-01,6.0,2.12,1009.6,3.6,57.576,0.7489583333333334
2018-10-02,5.0,1.5227272727272727,1008.3,1.0,59.39545454545455,1.0278723404255319
2018-10-03,9.0,2.55,1011.4,0.0,56.513333333333335,1.1654166666666665
2018-10-04,12.0,4.71875,1013.2,0.0,55.40625,1.460625
2018-10-05,9.0,2.9583333333333335,1018.4,3.6,50.375,1.614375
2018-10-06,17.0,5.181818181818182,1017.4,0.0,56.28181818181818,1.93625
2018-10-07,16.0,5.642857142857143,1018.3,0.0,52.214285714285715,3.073541666666667
2018-10-08,17.0,5.6923076923076925,1013.7,0.0,54.80769230769231,2.493125
2018-10-09,15.0,3.730769230769231,1012.4,0.3,55.15384615384615,2.3160416666666666
2018-10-10,16.0,5.708333333333333,1010.8,0.0,50.166666666666664,2.808125
2018-10-11,15.0,3.8421052631578947,1010.4,0.0,49.242105263157896,2.431063829787234
2018-10-12,6.0,1.627906976744186,1011.7,0.0,49.6,1.4585106382978723
2018-10-13,6.0,2.92,1009.6,0.0,52.12,2.2399999999999998
2018-10-14,8.0,4.054054054054054,1009.5,0.0,49.108108108108105,2.1441666666666666
2018-10-15,6.0,1.5806451612903225,1017.4,0.0,48.21875,1.2239130434782608
2018-10-16,9.0,3.1666666666666665,1019.6,0.0,47.625,0.8702083333333334
2018-10-17,6.0,1.876923076923077,1018.8,0.0,48.864615384615384,1.2104166666666667
2018-10-18,12.0,2.6153846153846154,1019.6,0.0,49.205128205128204,1.8716666666666668
2018-10-19,6.0,1.3870967741935485,1022.0,0.0,49.58064516129032,1.9647916666666667
2018-10-20,6.0,1.981818181818182,1015.2,0.0,48.018181818181816,1.9079166666666667
2018-10-21,5.0,2.3846153846153846,1015.1,0.0,47.25,1.6641666666666666
2018-10-22,6.0,1.3181818181818181,1014.8,0.0,47.9,1.6131250000000001
2018-10-23,6.0,3.5185185185185186,1014.7,2.3,52.666666666666664,1.3433333333333335
2018-10-24,8.0,2.081967213114754,1017.0,0.0,52.11147540983607,1.6939583333333335
2018-10-25,8.0,2.6511627906976742,1020.6,0.0,50.02325581395349,2.281304347826087
2018-10-26,5.0,2.7777777777777777,1019.7,0.0,56.111111111111114,2.845744680851064
2018-10-27,7.0,2.0526315789473686,1017.7,0.3,57.328947368421055,2.4372916666666664
2018-10-28,9.0,5.647058823529412,1016.7,10.7,59.6078431372549,1.9522916666666668
2018-10-29,10.0,4.083333333333333,1021.5,0.0,54.0,3.1441666666666666
2018-10-30,14.0,4.68,1024.4,0.0,49.6,2.6585106382978725
2018-10-31,7.0,3.2,1024.3,0.0,48.672,1.9678723404255318
2018-11-01,13.0,3.8076923076923075,1023.6,0.0,54.26923076923077,1.5444444444444445
2018-11-02,15.0,7.275862068965517,1023.9,0.0,58.51724137931034,1.5125531914893617
2018-11-03,9.0,2.1470588235294117,1023.8,0.3,53.205882352941174,1.76375
2018-11-04,6.0,2.5833333333333335,1020.9,0.0,49.27777777777778,1.4906249999999999
2018-11-05,16.0,6.184210526315789,1019.9,0.0,53.078947368421055,1.8916666666666666
2018-11-06,15.0,4.583333333333333,1020.0,0.0,48.166666666666664,2.5108333333333333
2018-11-07,15.0,3.5945945945945947,1019.8,0.0,44.61081081081081,2.8002083333333334
2018-11-08,11.0,4.458333333333333,1020.9,0.0,49.458333333333336,2.1489583333333333
2018-11-09,6.0,3.4166666666666665,1020.3,0.0,47.708333333333336,1.33375
2018-11-10,5.0,3.16,1017.6,0.0,42.84,1.9997916666666666
2018-11-11,8.0,3.375,1017.6,0.0,50.0,2.201041666666667
2018-11-12,6.0,3.36,1021.2,0.0,47.72,1.1835416666666667
2018-11-13,7.0,1.588235294117647,1027.1,0.0,46.1764705882353,0.5635416666666667
2018-11-14,6.0,2.6666666666666665,1026.7,0.0,45.458333333333336,0.93575
2018-11-15,5.0,2.4583333333333335,1020.5,0.0,43.916666666666664,2.0855813953488376
2018-11-16,5.0,2.1923076923076925,1015.8,0.0,45.80769230769231,2.7881250000000004
2018-11-17,6.0,1.45,1016.0,0.0,40.843333333333334,1.7439583333333333
2018-11-18,5.0,1.4772727272727273,1018.0,0.0,45.0,1.375625
2018-11-19,6.0,1.9428571428571428,1016.6,0.0,41.31428571428572,1.1058333333333332
2018-11-20,6.0,3.08,1013.3,0.0,45.93600000000001,0.9920833333333333
2018-11-21,12.0,6.595238095238095,1009.4,27.2,57.352380952380955,1.5679166666666668
2018-11-22,17.0,9.282051282051283,1010.7,13.0,52.09230769230769,2.5272916666666667
2018-11-23,16.0,7.872340425531915,1013.0,35.3,53.37446808510638,3.459375
2018-11-24,8.0,2.253968253968254,1014.4,0.0,51.165079365079364,2.935625
2018-11-25,6.0,2.204081632653061,1019.0,0.0,45.38775510204081,2.0560416666666668
2018-11-26,8.0,3.8333333333333335,1018.9,0.0,51.125,1.455
2018-11-27,15.0,6.175,1013.4,23.4,56.6,3.5104166666666665
2018-11-28,7.0,4.125,1005.4,8.4,55.06,4.011041666666666
2018-11-29,15.0,5.966666666666667,994.2,11.2,52.68666666666666,3.188541666666667
2018-11-30,17.0,6.351351351351352,1004.5,6.9,49.63243243243244,3.633191489361702
2018-12-01,16.0,7.18,1013.2,11.2,49.88,3.6791666666666667
2018-12-02,7.0,3.238095238095238,1016.8,0.0,43.142857142857146,3.998723404255319
2018-12-03,7.0,4.608695652173913,1018.8,0.0,43.56521739130435,1.9891666666666667
2018-12-04,14.0,6.625,1013.4,0.0,52.666666666666664,1.3872916666666668
2018-12-05,8.0,4.666666666666667,1012.3,0.0,55.583333333333336,1.75
2018-12-06,4.0,2.75,1012.6,0.0,46.208333333333336,1.83
2018-12-07,7.0,2.5555555555555554,1015.1,0.8,45.01481481481482,2.749166666666667
2018-12-08,11.0,4.571428571428571,1021.5,2.0,54.535714285714285,2.0837499999999998
2018-12-09,12.0,4.72,1022.0,13.0,53.72,2.1659574468085108
2018-12-10,11.0,2.130952380952381,1023.2,0.3,52.46969696969697,3.0591666666666666
2018-12-11,6.0,3.5161290322580645,1022.2,6.4,47.52903225806452,2.6564583333333336
2018-12-12,10.0,5.026315789473684,1021.9,0.0,51.12105263157895,3.5066666666666664
2018-12-13,7.0,3.7948717948717947,1020.3,0.0,47.51282051282051,4.32625
2018-12-14,26.0,8.871794871794872,1008.1,17.8,50.282051282051285,3.8422916666666667
2018-12-15,19.0,4.678571428571429,1011.8,0.0,48.035714285714285,4.130625
2018-12-16,22.0,12.870967741935484,1007.2,20.1,58.148387096774194,3.3866666666666667
2018-12-17,10.0,4.59375,1014.0,5.1,50.65625,5.997916666666666
2018-12-18,14.0,10.538461538461538,1020.3,9.9,56.08717948717949,4.554375
2018-12-19,7.0,1.6056338028169015,1020.8,0.0,53.86944444444444,4.5477083333333335
2018-12-20,13.0,4.754716981132075,1016.9,24.1,53.4566037735849,3.8597916666666667
2018-12-21,12.0,3.9302325581395348,1018.6,0.0,45.73953488372093,3.744186046511628
2018-12-22,5.0,3.625,1021.6,0.0,40.75,2.5570833333333334
2018-12-23,10.0,5.777777777777778,1022.1,0.0,51.629629629629626,2.9804166666666667
2018-12-24,18.0,7.72,1010.9,13.2,53.70399999999999,3.358125
2018-12-25,16.0,4.5,1010.9,0.0,47.205882352941174,3.9618749999999996
2018-12-26,8.0,3.4444444444444446,1021.3,0.3,44.229629629629635,2.3502083333333332
2018-12-27,14.0,4.117647058823529,1024.8,0.0,43.85294117647059,2.1360869565217393
2018-12-28,11.0,4.5,1027.0,0.0,41.333333333333336,2.7763829787234044
2018-12-29,13.0,3.7241379310344827,1027.9,0.0,42.69655172413793,2.4454166666666666
2018-12-30,15.0,3.3877551020408165,1024.3,1.8,48.375510204081635,2.1389583333333335
2018-12-31,12.0,6.166666666666667,1022.2,0.0,45.083333333333336,2.748333333333333
2019-01-01,9.0,4.625,1023.7,0.0,42.916666666666664,2.158333333333333
2019-01-02,5.0,2.5416666666666665,1023.3,0.0,40.2875,1.7196774193548388
2019-01-03,7.0,3.08,1019.0,0.0,42.92,1.8358333333333334
2019-01-04,6.0,3.066666666666667,1010.2,0.0,46.22666666666667,3.1604255319148935
2019-01-05,22.0,10.038461538461538,993.1,4.1,49.42307692307692,3.14
2019-01-06,21.0,10.0,999.5,13.2,46.98235294117647,3.573541666666667
2019-01-07,10.0,4.3125,1007.7,0.8,44.7125,2.2916666666666665
2019-01-08,19.0,11.541666666666666,1006.5,10.9,57.916666666666664,2.6170833333333334
2019-01-09,17.0,9.807692307692308,1004.5,8.1,55.69230769230769,5.531702127659575
2019-01-10,15.0,6.6,1015.0,0.0,54.5,3.639375
2019-01-11,11.0,5.0,1008.2,0.5,51.958333333333336,2.2426666666666666
2019-01-12,8.0,4.5,1008.3,0.0,56.083333333333336,3.2752083333333335
2019-01-13,10.0,3.8333333333333335,1014.0,0.0,50.541666666666664,2.4991666666666665
2019-01-14,9.0,3.5925925925925926,1009.2,0.0,48.592592592592595,2.7589361702127655
2019-01-15,8.0,5.833333333333333,1004.8,1.8,54.583333333333336,2.480625
2019-01-16,17.0,10.083333333333334,998.4,17.5,54.791666666666664,2.2320454545454544
2019-01-17,20.0,10.82,998.2,27.2,49.924,5.031666666666667
2019-01-18,14.0,8.612903225806452,1016.6,7.1,50.26451612903226,5.369166666666666
2019-01-19,14.0,6.764705882352941,1021.0,20.1,57.682352941176475,3.455416666666667
2019-01-20,21.0,6.918032786885246,1013.5,57.4,52.64918032786885,3.438125
2019-01-21,13.0,3.738095238095238,1013.7,0.8,45.80952380952381,2.6527083333333334
2019-01-22,10.0,3.625,1029.5,0.0,43.625,2.2879166666666664
2019-01-23,6.0,3.064516129032258,1031.1,0.0,47.18709677419355,1.7282978723404256
2019-01-24,8.0,1.2571428571428571,1026.2,0.0,48.29714285714286,2.5704545454545453
2019-01-25,6.0,2.0869565217391304,1024.4,0.0,43.41304347826087,2.293404255319149
2019-01-26,6.0,2.5833333333333335,1024.9,0.0,48.958333333333336,2.31875
2019-01-27,6.0,2.5161290322580645,1022.0,0.0,47.75,1.5997916666666667
2019-01-28,8.0,2.7903225806451615,1015.0,0.0,48.938709677419354,1.5529166666666667
2019-01-29,7.0,2.6615384615384614,1015.7,0.0,50.96,1.3897916666666665
2019-01-30,7.0,2.108108108108108,1010.9,0.0,49.464864864864865,1.4483333333333333
2019-01-31,5.0,2.5925925925925926,1010.6,0.0,47.77777777777778,2.216595744680851
2019-02-01,11.0,4.6923076923076925,1003.4,6.9,53.148148148148145,2.1545833333333335
2019-02-02,14.0,5.730769230769231,994.6,1.8,54.74615384615385,2.5451063829787235
2019-02-03,9.0,3.5833333333333335,997.8,16.0,49.06666666666667,3.248958333333333
2019-02-04,16.0,6.150943396226415,999.3,15.2,40.888888888888886,3.1391666666666667
2019-02-05,9.0,4.607142857142857,1000.9,1.0,36.489285714285714,4.566666666666666
2019-02-06,13.0,4.666666666666667,1016.4,1.8,42.3,3.27
2019-02-07,8.0,4.291666666666667,1023.4,0.0,41.375,2.4422916666666667
2019-02-08,15.0,3.782608695652174,1015.2,0.0,47.0,1.9002083333333333
2019-02-09,21.0,10.951219512195122,1007.1,17.3,43.5219512195122,2.7085416666666666
2019-02-10,17.0,7.84,1006.9,13.5,37.404,5.283125
2019-02-11,19.0,8.851851851851851,1018.9,1.8,43.51851851851852,2.9771111111111113
2019-02-12,16.0,10.875,1008.6,17.8,48.541666666666664,2.945
2019-02-13,17.0,8.047619047619047,995.7,9.4,51.142857142857146,3.2422916666666666
2019-02-14,22.0,9.196078431372548,988.5,25.9,50.615686274509805,2.745625
2019-02-15,18.0,11.34,996.9,20.8,43.576,4.19936170212766
2019-02-16,17.0,8.53191489361702,1010.8,16.0,44.07659574468085,5.737291666666667
2019-02-17,13.0,4.023255813953488,1018.7,7.4,39.88837209302326,3.7952083333333335
2019-02-18,16.0,5.708333333333333,1020.9,0.0,38.483333333333334,3.449375
2019-02-19,15.0,5.041666666666667,1025.3,1.3,39.233333333333334,2.53625
2019-02-20,14.0,3.6444444444444444,1013.7,15.0,43.582608695652176,2.285416666666667
2019-02-21,17.0,5.470588235294118,1011.4,0.0,40.67352941176471,3.9579166666666663
2019-02-22,13.0,5.875,1014.9,0.0,40.02916666666667,3.4141666666666666
2019-02-23,9.0,5.645161290322581,1022.6,5.8,43.935483870967744,1.7972916666666665
2019-02-24,10.0,7.5777777777777775,1016.2,43.2,47.51111111111111,2.5364583333333335
2019-02-25,19.0,10.947368421052632,1005.3,42.2,49.652631578947364,3.2106382978723405
2019-02-26,13.0,3.215686274509804,1004.7,65.0,42.666666666666664,1.9922916666666666
2019-02-27,13.0,3.8902439024390243,1001.3,21.1,45.636585365853655,1.573409090909091
2019-02-28,10.0,4.444444444444445,1016.7,0.5,42.2962962962963,2.22725
2019-03-01,8.0,3.6333333333333333,1018.1,0.8,45.833333333333336,2.290714285714286
2019-03-02,7.0,2.3214285714285716,1009.4,3.3,48.75,
2019-03-03,10.0,3.2777777777777777,1012.2,5.1,51.87777777777777,
2019-03-04,10.0,4.366666666666666,1017.0,0.0,48.43333333333333,
2019-03-05,13.0,2.9166666666666665,1007.3,9.4,44.875,1.082
2019-03-06,14.0,7.729166666666667,999.3,32.3,50.270833333333336,1.4714583333333333
2019-03-07,15.0,7.433333333333334,1007.6,0.0,44.333333333333336,1.6975
2019-03-08,11.0,5.111111111111111,1016.8,1.5,41.96296296296296,1.4480851063829787
2019-03-09,8.0,4.458333333333333,1009.9,4.3,45.333333333333336,1.1870833333333335
2019-03-10,18.0,4.958333333333333,1010.0,0.0,47.458333333333336,2.3647916666666666
2019-03-11,14.0,5.833333333333333,1017.2,0.0,46.083333333333336,2.9635416666666665
2019-03-12,20.0,6.4,1015.5,5.1,46.675,2.887916666666667
2019-03-13,18.0,6.846153846153846,1020.9,0.0,43.92307692307692,3.7137499999999997
2019-03-14,14.0,4.769230769230769,1026.0,0.0,44.19230769230769,2.9611363636363635
2019-03-15,8.0,3.111111111111111,1023.6,0.0,44.77777777777778,2.0492
2019-03-16,11.0,3.1627906976744184,1022.4,0.0,43.818604651162794,1.7866666666666668
2019-03-17,11.0,3.1363636363636362,1018.5,0.0,47.98181818181818,2.0336170212765956
2019-03-18,7.0,2.235294117647059,1013.9,0.0,47.95294117647059,1.7893617021276595
2019-03-19,8.0,2.493150684931507,1010.7,0.0,47.53698630136986,1.469375
2019-03-20,20.0,3.875,1010.4,3.3,52.375,2.3619148936170213
2019-03-21,11.0,4.03030303030303,1015.0,0.0,47.42424242424242,2.385625
2019-03-22,14.0,6.771428571428571,1015.3,6.6,50.988571428571426,2.292173913043478
2019-03-23,8.0,2.5686274509803924,1018.9,0.0,50.8235294117647,3.0972916666666666
2019-03-24,7.0,3.2083333333333335,1018.9,0.0,47.041666666666664,2.8514583333333334
2019-03-25,21.0,7.0,1011.9,29.2,50.85,2.5593749999999997
2019-03-26,12.0,4.24,1014.5,0.0,48.88,2.4058333333333333
2019-03-27,18.0,9.525,1006.0,8.1,51.32000000000001,1.9925
2019-03-28,18.0,11.666666666666666,1012.8,11.4,51.22222222222222,2.1723404255319148
2019-03-29,13.0,6.088235294117647,1021.3,1.3,50.94705882352941,2.3652083333333334
2019-03-30,13.0,4.75,1025.4,0.0,47.125,1.9797916666666666
2019-03-31,9.0,4.0,1021.1,0.0,49.73076923076923,1.3139583333333333
2019-04-01,8.0,3.4411764705882355,1013.7,1.3,53.38235294117647,1.5341666666666667
2019-04-02,8.0,2.641025641025641,1009.1,4.6,53.87692307692307,1.8010416666666667
2019-04-03,13.0,4.60655737704918,1011.4,2.0,53.70322580645161,1.5566666666666666
2019-04-04,14.0,3.923076923076923,1012.8,0.0,54.17435897435898,1.199375
2019-04-05,16.0,8.023809523809524,1008.7,16.0,54.08571428571428,1.6970212765957449
2019-04-06,19.0,9.321428571428571,1012.2,1.3,55.06428571428571,3.341458333333333
2019-04-07,16.0,8.848484848484848,1015.6,5.8,59.14705882352941,3.9133333333333336
2019-04-08,16.0,7.942028985507246,1019.5,21.6,58.15294117647059,3.342340425531915
2019-04-09,17.0,7.903846153846154,1021.2,0.5,51.44230769230769,2.843695652173913
2019-04-10,17.0,10.52,1032.0,0.0,51.30769230769231,2.4547916666666665
2019-04-11,17.0,7.071428571428571,1024.2,1.8,50.39523809523809,1.8764583333333331
2019-04-12,18.0,3.5952380952380953,1019.4,0.0,50.04761904761905,2.4684782608695652
2019-04-13,11.0,5.783783783783784,1018.5,0.0,51.2972972972973,2.6652173913043478
2019-04-14,16.0,6.470588235294118,1016.4,1.0,50.023529411764706,2.61468085106383
2019-04-15,12.0,5.379310344827586,1007.8,3.8,47.51724137931034,2.401875
2019-04-16,13.0,4.4,1008.7,1.5,50.343999999999994,2.3240425531914894
2019-04-17,17.0,5.542857142857143,1022.8,0.0,48.94285714285714,2.2994444444444446
2019-04-18,13.0,3.061224489795918,1019.9,0.0,51.08571428571428,2.158333333333333
2019-04-19,11.0,3.4893617021276597,1015.9,0.0,54.0,1.9453191489361703
2019-04-20,21.0,10.23076923076923,1014.5,2.5,51.91923076923077,2.5025
2019-04-21,18.0,7.074074074074074,1019.7,0.0,50.48148148148148,2.734375
2019-04-22,18.0,7.451612903225806,1024.3,0.0,51.15483870967742,1.6271739130434781
2019-04-23,17.0,4.862068965517241,1020.7,0.0,51.234482758620686,1.1658333333333333
2019-04-24,15.0,6.848484848484849,1018.6,0.0,52.303030303030305,2.230208333333333
2019-04-25,8.0,3.1578947368421053,1016.0,0.0,50.21052631578947,2.205681818181818
2019-04-26,16.0,4.620689655172414,1017.5,0.0,50.58620689655172,1.7646808510638297
2019-04-27,18.0,6.074074074074074,1015.3,0.0,49.925925925925924,2.9337142857142857
2019-04-28,12.0,4.48,1010.7,0.0,48.18518518518518,
2019-04-29,15.0,5.285714285714286,1009.0,0.0,49.785714285714285,
2019-04-30,17.0,6.958333333333333,1011.1,0.0,49.666666666666664,
2019-05-01,17.0,6.833333333333333,1015.3,0.0,50.166666666666664,
2019-05-02,18.0,6.733333333333333,1019.2,0.0,45.88,
2019-05-03,15.0,4.964285714285714,1015.4,0.0,46.714285714285715,
2019-05-04,8.0,3.1363636363636362,1012.5,0.0,46.65909090909091,
2019-05-05,10.0,5.25,1010.4,0.0,48.24444444444444,
2019-05-06,8.0,4.842105263157895,1010.5,0.0,49.45789473684211,
2019-05-07,7.0,3.806451612903226,1013.7,0.0,50.41935483870968,
2019-05-08,12.0,4.1,1015.1,0.0,50.733333333333334,
2019-05-09,10.0,6.096774193548387,1008.6,0.0,51.70967741935484,
2019-05-10,7.0,3.295774647887324,1008.4,0.0,50.15384615384615,
2019-05-11,8.0,2.736842105263158,1011.0,0.0,48.82105263157895,
2019-05-12,9.0,3.3333333333333335,1015.8,0.0,50.074074074074076,
2019-05-13,8.0,2.892857142857143,1017.1,0.0,51.378571428571426,
2019-05-14,8.0,3.4482758620689653,1016.5,0.5,53.40689655172414,
2019-05-15,8.0,2.142857142857143,1001.1,14.2,53.817142857142855,
2019-05-16,20.0,11.782608695652174,997.9,11.7,52.904347826086955,
2019-05-17,15.0,8.290909090909091,1007.8,3.6,51.39636363636364,1.5733333333333335
2019-05-18,17.0,6.75,1004.4,7.1,52.208333333333336,1.6731111111111112
2019-05-19,15.0,7.0,1003.8,0.0,51.51851851851852,2.7424999999999997
2019-05-20,17.0,5.714285714285714,1010.8,3.8,49.878571428571426,2.7925
2019-05-21,20.0,10.133333333333333,1009.2,17.8,51.68333333333333,3.113
2019-05-22,16.0,5.5396825396825395,1010.9,0.0,51.51746031746032,3.5420000000000003
2019-05-23,17.0,7.393939393939394,1012.9,0.0,54.88484848484848,3.3523529411764708
2019-05-24,17.0,5.229166666666667,1013.9,0.0,53.63265306122449,2.040625
2019-05-25,18.0,10.857142857142858,1013.9,4.6,53.08,3.0168421052631578
2019-05-26,15.0,9.204545454545455,1008.0,0.3,50.50909090909091,2.764375
2019-05-27,10.0,3.9074074074074074,1013.4,1.3,51.592727272727274,1.8166666666666667
2019-05-28,14.0,6.457142857142857,1019.4,0.5,52.90857142857143,1.1975
2019-05-29,14.0,5.2,1015.5,0.0,53.940000000000005,1.400625
2019-05-30,12.0,4.507042253521127,1014.2,1.0,52.27042253521127,1.4483333333333333
2019-05-31,9.0,4.512195121951219,1015.3,0.0,52.458536585365856,1.9213636363636362
2019-06-01,9.0,4.244897959183674,1011.3,0.0,52.488,2.122708333333333
2019-06-02,10.0,5.756756756756757,1010.6,0.0,52.432432432432435,2.3275
2019-06-03,12.0,4.344827586206897,1015.1,0.0,52.44666666666667,1.9243750000000002
2019-06-04,10.0,4.9523809523809526,1017.6,0.0,52.24,1.9916666666666665
2019-06-05,18.0,7.333333333333333,1018.2,0.0,53.25,1.4636363636363638
2019-06-06,16.0,9.31578947368421,1017.3,0.0,55.642105263157895,1.0779545454545454
2019-06-07,18.0,8.458333333333334,1020.8,0.0,53.72,1.496875
2019-06-08,16.0,7.458333333333333,1021.8,0.0,53.708333333333336,2.0152380952380953
2019-06-09,11.0,4.5,1018.0,0.0,55.041666666666664,2.24375
2019-06-10,7.0,3.2083333333333335,1017.4,0.0,57.833333333333336,2.206875
2019-06-11,6.0,2.5833333333333335,1015.6,0.0,68.83333333333333,1.6443750000000001
2019-06-12,8.0,2.75,1013.2,0.0,66.83333333333333,0.9447916666666667
2019-06-13,7.0,3.576923076923077,1013.5,0.0,56.12307692307692,1.014375
2019-06-14,9.0,4.708333333333333,1015.0,0.0,54.145833333333336,2.2122916666666668
2019-06-15,9.0,5.1875,1014.3,0.0,53.8125,2.3677083333333333
2019-06-16,9.0,5.219512195121951,1013.9,0.0,52.28780487804878,2.4372916666666664
2019-06-17,20.0,5.111111111111111,1014.8,0.0,54.78333333333333,2.839189189189189
2019-06-18,22.0,6.258064516129032,1015.3,0.0,54.58064516129032,3.1799999999999997
2019-06-19,22.0,6.4,1017.5,0.0,53.3,3.4560000000000004
2019-06-20,23.0,9.083333333333334,1017.1,0.0,54.958333333333336,3.4025
2019-06-21,19.0,8.541666666666666,1016.9,0.0,55.458333333333336,2.9338709677419357
2019-06-22,15.0,5.64,1017.7,0.0,53.88,2.973333333333333
2019-06-23,17.0,6.625,1018.7,0.0,53.666666666666664,2.8331250000000003
2019-06-24,15.0,5.166666666666667,1016.2,0.0,51.46666666666667,2.0228888888888887
2019-06-25,12.0,5.266666666666667,1014.5,0.0,52.5,1.1014583333333332
2019-06-26,15.0,5.636363636363637,1013.3,0.0,55.36129032258064,1.0006666666666666
2019-06-27,7.0,4.351351351351352,1017.6,0.0,56.37837837837838,0.9405555555555556
2019-06-28,13.0,4.0246913580246915,1020.5,0.0,51.864197530864196,0.9268493150684931
2019-06-29,15.0,3.078125,1020.4,0.0,52.0375,0.80125
2019-06-30,14.0,5.451612903225806,1019.5,0.0,55.193548387096776,0.8747916666666667
2019-07-01,17.0,5.078947368421052,1019.8,0.0,57.42564102564102,0.841875
2019-07-02,17.0,6.571428571428571,1019.5,0.0,58.45142857142857,0.7847916666666667
2019-07-03,14.0,4.96969696969697,1016.8,0.0,57.90909090909091,0.995531914893617
2019-07-04,15.0,5.310344827586207,1015.9,0.0,58.66206896551724,1.1820833333333334
2019-07-05,16.0,5.821428571428571,1017.8,0.0,58.57142857142857,1.1223913043478262
2019-07-06,17.0,8.785714285714286,1020.0,0.0,60.278571428571425,1.0506382978723405
2019-07-07,15.0,6.464285714285714,1016.0,0.0,59.75,1.150625
2019-07-08,12.0,4.75,1014.9,0.0,58.440909090909095,1.4483333333333333
2019-07-09,9.0,3.09375,1016.5,0.0,59.16875,0.7822916666666666
2019-07-10,8.0,2.5384615384615383,1018.0,0.0,63.61538461538461,0.9864583333333333
2019-07-11,10.0,4.645833333333333,1019.9,0.0,61.57916666666667,1.296875
2019-07-12,19.0,7.785714285714286,1017.0,0.0,61.25238095238095,1.0572916666666667
2019-07-13,15.0,4.90625,1015.2,0.0,60.96875,1.1354166666666667
2019-07-14,11.0,4.357142857142857,1016.3,0.0,60.67142857142857,1.1279166666666667
2019-07-15,17.0,2.764705882352941,1018.9,0.0,58.01568627450981,0.6558333333333334
2019-07-16,14.0,7.4714285714285715,1016.7,0.0,61.388571428571424,0.69
2019-07-17,17.0,5.756756756756757,1015.5,0.0,62.08108108108108,1.022391304347826
2019-07-18,20.0,5.446428571428571,1014.4,0.0,61.04912280701755,1.1808333333333334
2019-07-19,15.0,6.258064516129032,1013.0,0.0,57.89677419354839,2.754583333333333
2019-07-20,15.0,5.451612903225806,1013.8,0.0,55.57419354838709,2.4235416666666665
2019-07-21,13.0,5.1875,1014.9,0.0,57.79375,1.5613043478260868
2019-07-22,9.0,3.72972972972973,1016.2,0.0,57.24324324324324,0.9315384615384615
2019-07-23,14.0,5.428571428571429,1018.0,0.0,58.833333333333336,0.8870833333333333
2019-07-24,13.0,4.4,1018.7,0.0,57.225,1.2959574468085107
2019-07-25,9.0,3.433333333333333,1014.9,0.0,57.60666666666667,1.937659574468085
2019-07-26,9.0,4.509803921568627,1014.7,0.0,58.450980392156865,1.7233333333333334
2019-07-27,13.0,4.264705882352941,1020.4,0.0,59.80555555555556,1.343404255319149
2019-07-28,13.0,5.4,1018.6,0.0,58.31428571428572,1.738125
2019-07-29,13.0,4.675,1016.6,0.0,58.260000000000005,1.7456250000000002
2019-07-30,13.0,3.3902439024390243,1016.0,0.0,58.39512195121951,1.2185416666666666
2019-07-31,14.0,5.6923076923076925,1016.7,0.0,58.15384615384615,1.0270212765957447
2019-08-01,13.0,4.37037037037037,1017.0,0.0,60.851851851851855,0.9489583333333332
2019-08-02,10.0,3.1384615384615384,1019.1,0.0,59.66461538461538,0.7510416666666666
2019-08-03,10.0,3.159090909090909,1016.1,0.0,61.13636363636363,0.9279166666666666
2019-08-04,10.0,5.75,1015.8,0.0,61.550000000000004,1.5475
2019-08-05,11.0,4.303030303030303,1016.9,0.0,61.303030303030305,1.4309756097560975
2019-08-06,12.0,3.883720930232558,1016.4,0.0,60.55813953488372,1.2179545454545455
2019-08-07,9.0,5.135135135135135,1016.3,0.0,60.2972972972973,0.8132608695652174
2019-08-08,12.0,3.7777777777777777,1016.3,0.0,62.111111111111114,0.6977777777777778
2019-08-09,10.0,3.8260869565217392,1014.3,2.8,60.608695652173914,0.73875
2019-08-10,9.0,3.2051282051282053,1013.8,1.3,61.81538461538462,0.6648936170212766
2019-08-11,18.0,4.137931034482759,1017.7,0.0,59.06206896551724,0.635625
2019-08-12,13.0,4.866666666666666,1018.3,0.0,61.766666666666666,0.604375
2019-08-13,14.0,3.935483870967742,1018.1,0.0,59.96774193548387,0.6219148936170212
2019-08-14,17.0,5.964285714285714,1018.4,0.0,62.82142857142857,0.9941304347826087
2019-08-15,15.0,4.232558139534884,1017.1,0.0,60.57674418604652,2.0119148936170212
2019-08-16,17.0,5.451612903225806,1014.8,0.0,59.561290322580646,2.8972916666666664
2019-08-17,17.0,6.076923076923077,1011.2,0.0,57.111111111111114,2.6577083333333333
2019-08-18,17.0,5.882352941176471,1009.4,0.0,57.99411764705882,2.1254166666666667
2019-08-19,8.0,2.6666666666666665,1013.6,0.0,56.42424242424242,1.07625
2019-08-20,8.0,2.0163934426229506,1015.1,0.0,55.4,1.2428260869565217
2019-08-21,8.0,2.625,1015.7,0.5,62.083333333333336,1.0770833333333334
2019-08-22,11.0,4.012345679012346,1012.5,0.0,60.528395061728396,1.68531914893617
2019-08-23,9.0,4.166666666666667,1009.4,0.0,57.5,2.586875
2019-08-24,9.0,3.823529411764706,1011.5,0.0,57.61764705882353,1.748125
2019-08-25,9.0,3.727272727272727,1016.4,0.0,57.28,1.268125
2019-08-26,6.0,2.4583333333333335,1011.9,0.0,59.833333333333336,2.2885416666666667
2019-08-27,9.0,3.2916666666666665,1009.8,0.0,60.125,2.095
2019-08-28,8.0,3.4901960784313726,1010.5,0.0,58.98431372549019,1.2825
2019-08-29,8.0,2.896551724137931,1014.7,0.0,64.58620689655173,0.734375
2019-08-30,9.0,3.0833333333333335,1017.3,0.0,62.708333333333336,0.5551063829787234
2019-08-31,11.0,3.3333333333333335,1016.2,0.0,61.291666666666664,0.4952083333333333
2019-09-01,13.0,4.4523809523809526,1015.6,0.0,61.333333333333336,0.8572916666666667
2019-09-02,12.0,3.05,1016.0,0.0,59.723333333333336,0.934468085106383
2019-09-03,12.0,4.837837837837838,1016.9,0.0,60.95675675675676,0.8497872340425532
2019-09-04,13.0,3.72,1013.2,0.0,60.2,1.6570212765957446
2019-09-05,9.0,4.714285714285714,1013.1,0.0,59.76190476190476,1.9810416666666668
2019-09-06,10.0,3.5208333333333335,1017.5,0.0,61.63333333333333,1.3754166666666665
2019-09-07,10.0,3.7971014492753623,1018.2,0.0,57.82028985507246,0.9510416666666667
2019-09-08,8.0,3.25,1018.4,0.0,60.84375,0.886875
2019-09-09,9.0,2.5675675675675675,1015.0,1.3,63.108108108108105,1.3408333333333333
2019-09-10,10.0,3.8181818181818183,1014.2,0.3,60.92121212121212,1.5131249999999998
2019-09-11,15.0,3.4318181818181817,1016.2,0.0,58.10666666666667,1.4606382978723405
2019-09-12,16.0,5.413793103448276,1019.2,0.0,59.40689655172414,1.1920833333333334
2019-09-13,16.0,5.04,1018.8,0.0,59.88,1.6983333333333333
2019-09-14,16.0,4.137931034482759,1015.7,0.0,61.0,1.811875
2019-09-15,12.0,4.647058823529412,1011.4,9.7,59.411764705882355,1.3358333333333334
2019-09-16,10.0,3.893617021276596,1011.1,0.3,59.5531914893617,2.026666666666667
2019-09-17,12.0,5.96,1015.1,26.7,60.36,2.0212499999999998
2019-09-18,11.0,4.875,1012.4,1.8,60.175000000000004,2.1928260869565217
2019-09-19,14.0,3.8125,1015.2,0.0,57.76666666666667,2.5827659574468087
2019-09-20,17.0,6.541666666666667,1016.9,0.0,59.041666666666664,2.165625
2019-09-21,14.0,3.5,1016.0,0.0,56.75,1.832340425531915
2019-09-22,10.0,2.1875,1013.1,0.5,60.137499999999996,1.6025
2019-09-23,17.0,3.28,1016.4,0.0,56.391999999999996,2.2444680851063827
2019-09-24,14.0,4.633333333333334,1018.0,0.0,61.56666666666667,2.2225531914893617
2019-09-25,14.0,2.3333333333333335,1010.2,0.0,59.92063492063492,3.1177083333333333
2019-09-26,11.0,4.0,1010.1,0.0,59.66060606060606,3.675957446808511
2019-09-27,9.0,3.06,1012.9,0.0,55.94,2.174375
2019-09-28,14.0,5.038461538461538,1012.0,0.3,52.776923076923076,2.424583333333333
2019-09-29,15.0,5.771428571428571,1012.1,8.1,50.2,3.1006250000000004
2019-09-30,9.0,3.787878787878788,1011.9,0.0,49.55757575757576,2.4893617021276597
2019-10-01,12.0,3.607142857142857,1017.3,0.0,47.24285714285714,1.4283333333333335
2019-10-02,7.0,3.1666666666666665,1017.5,0.0,48.541666666666664,1.1410416666666667
2019-10-03,9.0,3.08,1018.0,0.0,51.4,0.94125
2019-10-04,14.0,5.038461538461538,1019.9,0.0,52.11538461538461,1.9108333333333334
2019-10-05,13.0,4.08,1021.7,0.0,51.672,1.9383333333333335
2019-10-06,6.0,3.2083333333333335,1017.4,0.0,54.25,1.795
2019-10-07,6.0,2.8333333333333335,1016.2,0.0,52.0,1.5235416666666666
2019-10-08,18.0,3.5789473684210527,1016.0,0.0,50.82105263157895,1.2848936170212766
2019-10-09,19.0,8.583333333333334,1018.1,0.0,52.25,2.3627659574468085
2019-10-10,12.0,4.583333333333333,1015.3,0.0,52.875,2.839166666666667
2019-10-11,7.0,3.625,1015.5,0.0,50.083333333333336,1.5583333333333333
2019-10-12,6.0,1.4363636363636363,1013.2,0.0,43.81090909090909,0.7558333333333334
2019-10-13,7.0,2.911764705882353,1012.6,0.0,46.141176470588235,0.9285416666666667
2019-10-14,7.0,3.04,1013.7,0.0,48.7,2.9295833333333334
2019-10-15,6.0,1.9253731343283582,1016.0,0.0,45.277611940298506,1.739787234042553
2019-10-16,9.0,4.314285714285714,1013.0,22.6,52.32571428571429,1.3497916666666667
2019-10-17,10.0,3.689655172413793,1011.8,2.8,53.11724137931035,3.4139583333333334
2019-10-18,9.0,3.642857142857143,1016.7,0.0,54.904761904761905,4.723541666666667
2019-10-19,10.0,3.276595744680851,1015.4,12.4,55.297872340425535,3.7168085106382978
2019-10-20,8.0,2.52,1021.4,0.0,53.36,2.9964583333333334
2019-10-21,13.0,3.32,1022.6,0.0,51.48,2.127708333333333
2019-10-22,12.0,3.2333333333333334,1025.4,0.3,51.99333333333333,2.368936170212766
2019-10-23,13.0,2.8703703703703702,1019.2,0.3,55.26296296296296,2.24375
2019-10-24,9.0,3.625,1016.9,0.0,63.083333333333336,2.1429787234042554
2019-10-25,7.0,3.0416666666666665,1016.7,0.0,58.416666666666664,1.2152083333333332
2019-10-26,18.0,5.033333333333333,1014.9,0.0,54.06666666666667,3.141276595744681
2019-10-27,16.0,10.333333333333334,1013.9,0.0,53.583333333333336,3.7735416666666666
2019-10-28,10.0,3.5,1017.7,0.0,47.56,2.5752083333333333
2019-10-29,8.0,3.4827586206896552,1015.0,0.0,44.793103448275865,2.330833333333333
2019-10-30,7.0,4.041666666666667,1015.3,0.0,49.541666666666664,2.061875
2019-10-31,7.0,4.75,1022.5,0.0,48.041666666666664,1.2179166666666668
2019-11-01,5.0,1.5,1021.1,0.0,44.958333333333336,1.3637499999999998
2019-11-02,6.0,2.5833333333333335,1019.7,0.0,48.5,1.2985106382978724
2019-11-03,5.0,2.3461538461538463,1015.9,0.0,47.92307692307692,1.185
2019-11-04,5.0,1.6923076923076923,1015.5,0.0,47.46153846153846,2.051702127659574
2019-11-05,6.0,1.7611940298507462,1016.8,0.0,45.3875,1.5414893617021277
2019-11-06,7.0,1.596774193548387,1017.4,0.0,47.88709677419355,1.3095833333333333
2019-11-07,5.0,1.7105263157894737,1017.4,0.0,46.01315789473684,1.4241666666666666
2019-11-08,4.0,1.793103448275862,1020.0,0.0,48.43448275862069,1.0302083333333334
2019-11-09,14.0,4.321428571428571,1022.6,0.0,51.17857142857143,0.7822916666666666
2019-11-10,5.0,2.1454545454545455,1020.7,0.0,47.527272727272724,1.1741666666666666
2019-11-11,5.0,1.7066666666666668,1018.9,0.0,48.25333333333333,1.4291489361702128
2019-11-12,9.0,2.1132075471698113,1018.9,0.0,49.25660377358491,1.1539583333333334
2019-11-13,6.0,1.125,1014.4,0.0,44.85909090909091,1.5866666666666667
2019-11-14,6.0,2.466666666666667,1015.0,0.0,49.67333333333333,1.4258333333333333
2019-11-15,14.0,2.7916666666666665,1017.8,0.5,55.949999999999996,2.4272340425531915
2019-11-16,10.0,3.08974358974359,1022.7,0.0,52.34871794871795,2.9504255319148935
2019-11-17,7.0,2.0277777777777777,1021.1,0.0,47.65925925925926,2.2087499999999998
2019-11-18,7.0,1.4252873563218391,1014.6,2.8,47.82068965517241,1.794255319148936
2019-11-19,20.0,4.5606060606060606,1011.4,0.3,54.4089552238806,2.00625
2019-11-20,20.0,10.62962962962963,1005.5,0.0,51.111111111111114,4.2281249999999995
2019-11-21,8.0,3.75,1005.6,0.0,48.041666666666664,2.748958333333333
2019-11-22,9.0,4.208333333333333,1014.2,0.0,46.291666666666664,1.9870833333333333
2019-11-23,9.0,3.696969696969697,1024.0,0.0,46.81818181818182,3.2595833333333335
2019-11-24,9.0,2.5576923076923075,1023.9,0.0,44.94615384615384,3.267916666666667
2019-11-25,14.0,5.375,1023.4,0.0,47.83125,3.5258333333333334
2019-11-26,28.0,9.285714285714286,993.1,22.9,42.5,3.3004166666666666
2019-11-27,34.0,16.224137931034484,984.8,15.0,44.175862068965515,8.407872340425532
2019-11-28,7.0,4.068965517241379,999.4,0.0,38.13793103448276,3.8033333333333332
2019-11-29,8.0,3.9583333333333335,1005.3,0.0,38.25,2.2741666666666664
2019-11-30,13.0,5.125,1005.7,3.0,41.708333333333336,1.25125
2019-12-01,21.0,13.458333333333334,1002.8,4.1,55.333333333333336,2.2441666666666666
2019-12-02,9.0,6.260869565217392,1008.6,0.8,57.916666666666664,2.3718749999999997
2019-12-03,7.0,3.0,1017.3,0.0,55.041666666666664,1.5704255319148936
2019-12-04,6.0,1.4166666666666667,1010.6,0.0,49.916666666666664,1.698125
2019-12-05,5.0,1.462962962962963,1011.6,0.0,51.11851851851852,1.827391304347826
2019-12-06,18.0,8.666666666666666,1007.9,10.4,57.25,2.2624999999999997
2019-12-07,19.0,7.837209302325581,1005.7,17.0,55.93023255813954,3.3010416666666664
2019-12-08,18.0,6.983606557377049,1006.9,0.5,52.790163934426225,2.4054166666666665
2019-12-09,5.0,1.4482758620689655,1020.4,0.0,46.63793103448276,1.6131250000000001
2019-12-10,6.0,2.7586206896551726,1019.8,2.3,48.827586206896555,1.2910416666666666
2019-12-11,7.0,4.125,1017.9,4.1,53.041666666666664,2.546875
2019-12-12,14.0,6.695652173913044,1016.3,1.0,56.39565217391304,3.2747916666666668
2019-12-13,10.0,5.120689655172414,1016.8,27.2,54.327586206896555,4.301041666666666
2019-12-14,14.0,5.654545454545454,1016.2,20.6,47.70909090909091,4.3125
2019-12-15,10.0,5.046511627906977,1016.7,5.3,46.03720930232558,3.7554166666666666
2019-12-16,6.0,3.1538461538461537,1025.3,0.0,44.26923076923077,2.9647916666666667
2019-12-17,9.0,4.375,1015.8,0.0,45.875,2.6145833333333335
2019-12-18,13.0,5.208333333333333,1010.3,1.5,53.25,3.57875
2019-12-19,11.0,6.348837209302325,1015.7,6.9,53.51162790697674,3.158723404255319
2019-12-20,14.0,8.642857142857142,1016.3,0.0,58.17857142857143,3.894375
2019-12-21,21.0,11.038461538461538,1008.3,36.6,58.9076923076923,4.146739130434782
2019-12-22,12.0,4.216216216216216,1002.9,31.2,50.97837837837838,2.8029166666666665
2019-12-23,11.0,4.15625,1010.9,0.0,43.4625,2.3989583333333333
2019-12-24,6.0,2.7777777777777777,1011.4,4.3,42.18518518518518,2.535531914893617
2019-12-25,14.0,5.666666666666667,1009.4,0.0,45.75,2.4947916666666665
2019-12-26,13.0,4.666666666666667,1011.7,0.0,41.875,4.447291666666667
2019-12-27,10.0,3.5833333333333335,1019.5,0.0,40.041666666666664,3.243404255319149
2019-12-28,6.0,2.909090909090909,1022.2,0.0,43.50909090909091,3.680212765957447
2019-12-29,9.0,4.103448275862069,1014.8,20.1,47.62068965517241,1.9721276595744681
2019-12-30,16.0,5.037037037037037,1017.3,0.0,46.57037037037038,2.233191489361702
2019-12-31,6.0,2.3333333333333335,1023.5,0.0,45.236363636363635,3.1929166666666666
2020-01-01,10.0,4.543859649122807,1020.9,8.6,52.49122807017544,3.1689130434782613
2020-01-02,7.0,2.3411764705882354,1023.1,0.0,46.43294117647059,3.56125
2020-01-03,6.0,2.7435897435897436,1019.6,0.5,47.282051282051285,2.958723404255319
2020-01-04,13.0,4.930232558139535,1018.2,19.8,50.604651162790695,3.3229787234042556
2020-01-05,9.0,4.705882352941177,1032.7,1.8,48.970588235294116,3.4836170212765953
2020-01-06,6.0,3.392857142857143,1032.3,0.0,44.035714285714285,3.3008333333333333
2020-01-07,10.0,5.411764705882353,1018.5,7.9,45.26470588235294,2.7289583333333334
2020-01-08,9.0,4.722222222222222,1018.4,9.9,48.72592592592592,2.6469565217391304
2020-01-09,15.0,8.292682926829269,1011.8,7.1,48.50243902439024,2.7552173913043476
2020-01-10,10.0,4.620689655172414,1023.4,3.0,43.758620689655174,2.1841666666666666
2020-01-11,13.0,7.2075471698113205,1022.3,2.8,49.25925925925926,4.477083333333334
2020-01-12,13.0,6.666666666666667,1019.2,12.7,46.635294117647064,5.1137500000000005
2020-01-13,21.0,7.1923076923076925,1015.6,13.0,45.81153846153846,4.003541666666666
2020-01-14,18.0,9.658536585365853,1016.6,1.5,49.357142857142854,3.880625
2020-01-15,23.0,9.407407407407407,1006.6,19.8,45.666666666666664,3.4935416666666668
2020-01-16,19.0,7.380952380952381,1004.2,15.0,42.54761904761905,3.841063829787234
2020-01-17,12.0,6.75,1010.1,0.0,44.0625,2.4341666666666666
2020-01-18,17.0,8.666666666666666,1023.2,0.0,51.833333333333336,2.1185416666666668
2020-01-19,5.0,2.6666666666666665,1018.2,0.0,50.26111111111111,3.544166666666667
2020-01-20,8.0,1.793103448275862,1012.8,0.0,48.51724137931034,2.4164583333333334
2020-01-21,17.0,7.277777777777778,1011.3,16.8,51.01111111111111,3.1835416666666667
2020-01-22,9.0,5.333333333333333,1018.7,0.3,51.666666666666664,3.5878723404255317
2020-01-23,9.0,2.3333333333333335,1018.8,3.6,54.71333333333334,2.2295833333333333
2020-01-24,14.0,4.571428571428571,1017.5,5.1,55.13142857142857,2.599787234042553
2020-01-25,10.0,2.1818181818181817,1016.1,19.6,56.06545454545454,3.0558333333333336
2020-01-26,14.0,5.851851851851852,1015.5,4.8,54.75185185185185,2.4779166666666668
2020-01-27,9.0,6.527777777777778,1024.3,1.8,52.861111111111114,3.230625
2020-01-28,15.0,7.704545454545454,1023.5,7.1,54.06363636363637,3.2804347826086957
2020-01-29,5.0,2.0,1025.1,8.1,48.832258064516125,3.560425531914894
2020-01-30,8.0,2.634920634920635,1024.4,0.0,53.41269841269841,2.9152083333333336
2020-01-31,9.0,2.3404255319148937,1027.1,0.0,53.32340425531915,2.902608695652174
2020-02-01,8.0,2.175,1026.2,2.3,50.325,2.465
2020-02-02,13.0,6.973684210526316,1024.0,6.6,47.81578947368421,3.271521739130435
2020-02-03,14.0,3.238095238095238,1024.1,0.0,40.76190476190476,4.137708333333333
2020-02-04,13.0,6.375,1027.2,0.0,40.520833333333336,3.4004255319148933
2020-02-05,12.0,4.423076923076923,1027.5,0.0,43.15384615384615,2.3080851063829786
2020-02-06,15.0,3.0714285714285716,1024.3,0.0,47.01428571428571,2.371521739130435
2020-02-07,14.0,4.0606060606060606,1023.7,0.0,50.09090909090909,2.0420833333333333
2020-02-08,20.0,7.606060606060606,1024.0,0.5,48.67878787878788,2.2639583333333335
2020-02-09,15.0,8.916666666666666,1023.4,0.0,47.166666666666664,4.116808510638298
2020-02-10,7.0,2.925925925925926,1021.0,0.0,44.592592592592595,3.568695652173913
2020-02-11,17.0,4.166666666666667,1021.1,0.0,47.92666666666666,3.081914893617021
2020-02-12,12.0,5.5,1021.4,0.0,47.3,2.719375
2020-02-13,12.0,4.2,1018.7,0.3,46.55428571428572,2.165625
2020-02-14,16.0,5.0,1020.2,0.0,47.45161290322581,1.945
2020-02-15,15.0,3.5357142857142856,1024.1,0.0,44.228571428571435,3.31125
2020-02-16,12.0,5.283333333333333,1024.6,5.1,50.34666666666667,2.210625
2020-02-17,13.0,2.2413793103448274,1022.8,0.0,45.51186440677966,2.6185416666666668
2020-02-18,10.0,3.25,1018.9,0.0,43.125,2.6804166666666664
2020-02-19,9.0,4.222222222222222,1018.9,0.0,43.333333333333336,1.9035416666666667
2020-02-20,8.0,1.7083333333333333,1019.4,0.0,44.458333333333336,1.0206250000000001
2020-02-21,10.0,3.0869565217391304,1020.6,0.0,44.958333333333336,1.765625
2020-02-22,11.0,3.4571428571428573,1019.5,0.0,47.0,2.2179166666666665
2020-02-23,6.0,3.272727272727273,1019.9,0.5,49.75757575757576,2.5429787234042553
2020-02-24,13.0,4.88,1031.8,0.0,44.32,3.641458333333333
2020-02-25,11.0,4.103448275862069,1029.6,0.0,43.31333333333334,2.751875
2020-02-26,12.0,3.4482758620689653,1028.9,0.0,44.6551724137931,1.573404255319149
2020-02-27,9.0,2.6,1024.0,0.0,46.582142857142856,2.3559574468085107
2020-02-28,8.0,1.9215686274509804,1021.6,0.0,43.11764705882353,2.7533333333333334
2020-02-29,16.0,4.46875,1021.1,0.0,45.3625,2.4410416666666666
2020-03-01,23.0,9.208333333333334,1020.6,0.0,45.666666666666664,3.5231250000000003
2020-03-02,18.0,7.916666666666667,1022.6,0.0,45.833333333333336,3.763333333333333
2020-03-03,16.0,4.5,1022.7,0.0,44.26111111111111,2.5395833333333333
2020-03-04,14.0,2.5,1020.7,0.0,47.5,3.029583333333333
2020-03-05,6.0,2.036363636363636,1020.1,0.3,44.46545454545454,3.2414583333333336
2020-03-06,5.0,2.0,1014.9,0.8,49.45106382978723,2.941875
2020-03-07,10.0,4.454545454545454,1012.5,2.5,47.845454545454544,3.5238297872340425
2020-03-08,8.0,3.1666666666666665,1014.3,0.0,44.5,2.52625
2020-03-09,13.0,3.8333333333333335,1016.7,0.0,48.5,1.2995833333333333
2020-03-10,18.0,5.833333333333333,1017.9,0.0,46.916666666666664,1.6377083333333333
2020-03-11,13.0,2.6578947368421053,1017.8,0.0,45.53157894736842,2.3858333333333333
2020-03-12,14.0,3.1777777777777776,1011.9,0.0,47.955555555555556,3.673958333333333
2020-03-13,17.0,5.222222222222222,1008.9,2.0,46.111111111111114,4.01625
2020-03-14,12.0,8.071428571428571,1007.7,24.4,45.67142857142857,2.7827083333333333
2020-03-15,15.0,6.8108108108108105,1008.4,9.1,42.85405405405405,2.4202083333333335
2020-03-16,11.0,5.791666666666667,1013.1,2.3,42.333333333333336,1.746875
2020-03-17,10.0,5.75,1013.0,0.0,45.75,1.3845833333333333
2020-03-18,10.0,4.029411764705882,1011.9,2.0,47.30588235294118,1.4827083333333333
2020-03-19,11.0,3.5925925925925926,1012.1,0.0,44.111111111111114,1.5989583333333333
2020-03-20,10.0,4.36,1019.1,0.0,47.0,0.9893617021276596
2020-03-21,11.0,4.16,1019.8,0.0,47.36,0.8866666666666667
2020-03-22,7.0,3.925925925925926,1019.1,0.0,50.2962962962963,1.9431914893617022
2020-03-23,12.0,4.555555555555555,1017.2,7.4,49.483333333333334,1.796875
2020-03-24,11.0,6.170731707317073,1018.5,20.3,47.048780487804876,2.109375
2020-03-25,10.0,4.666666666666667,1018.7,0.0,44.872727272727275,2.4947916666666665
2020-03-26,16.0,6.52,1019.1,0.0,42.72,2.3420833333333335
2020-03-27,13.0,4.333333333333333,1020.5,0.0,44.833333333333336,1.4091304347826086
2020-03-28,10.0,4.851851851851852,1019.4,1.3,50.851851851851855,1.1264583333333333
2020-03-29,19.0,6.333333333333333,1017.5,0.3,52.666666666666664,1.2393750000000001
2020-03-30,17.0,8.305555555555555,1019.6,13.7,52.5,1.6045833333333333
2020-03-31,12.0,6.931034482758621,1022.9,7.4,51.99310344827586,2.458085106382979
2020-04-01,19.0,7.583333333333333,1021.0,0.0,45.875,2.5704166666666666
2020-04-02,17.0,6.304347826086956,1021.5,0.0,42.52173913043478,2.230625
2020-04-03,13.0,5.925925925925926,1019.6,0.0,44.214285714285715,1.46
2020-04-04,15.0,6.647058823529412,1004.0,15.7,47.76470588235294,1.0206250000000001
2020-04-05,16.0,5.973684210526316,998.0,31.0,49.40526315789474,1.7139583333333333
2020-04-06,17.0,7.208333333333333,1002.2,0.0,47.75,1.9358333333333333
2020-04-07,13.0,4.517241379310345,1015.5,0.0,49.26896551724138,2.1906250000000003
2020-04-08,7.0,4.0,1013.8,0.0,52.333333333333336,2.3508333333333336
2020-04-09,9.0,4.166666666666667,1013.8,0.0,50.19444444444444,2.7751063829787235
2020-04-10,14.0,4.814814814814815,1017.9,0.0,53.74074074074074,2.2235416666666667
2020-04-11,17.0,5.0,1017.9,0.0,52.266666666666666,2.395208333333333
2020-04-12,18.0,5.416666666666667,1019.0,0.0,51.69230769230769,2.7062500000000003
2020-04-13,16.0,6.375,1019.1,0.0,50.333333333333336,2.3580434782608695
2020-04-14,18.0,5.3478260869565215,1023.4,0.0,51.833333333333336,1.8239583333333333
2020-04-15,19.0,5.357142857142857,1019.6,0.0,49.82142857142857,2.3727659574468083
2020-04-16,13.0,3.6216216216216215,1011.9,0.0,50.545945945945945,2.2710416666666666
2020-04-17,7.0,2.6923076923076925,1011.6,0.0,50.09846153846154,1.791875
2020-04-18,8.0,3.2962962962962963,1014.8,0.0,50.91851851851852,1.5110638297872339
2020-04-19,13.0,3.142857142857143,1018.8,0.0,50.792857142857144,1.188125
2020-04-20,10.0,4.6,1018.3,0.0,50.95333333333333,1.221875
2020-04-21,14.0,5.615384615384615,1022.8,0.0,52.07692307692308,1.5758333333333334
2020-04-22,14.0,5.372093023255814,1026.1,4.1,52.8093023255814,1.2783333333333333
2020-04-23,12.0,5.493333333333333,1026.9,0.5,53.224000000000004,1.4515217391304347
2020-04-24,11.0,3.1463414634146343,1023.8,0.0,50.938095238095244,1.9373333333333331
2020-04-25,15.0,3.5245901639344264,1021.8,0.0,53.18360655737705,1.570625
2020-04-26,12.0,3.523076923076923,1019.7,0.0,52.30153846153846,1.6264583333333331
2020-04-27,7.0,1.8461538461538463,1020.6,0.0,54.26923076923077,1.64875
2020-04-28,15.0,3.7083333333333335,1020.9,0.0,55.03888888888889,2.020208333333333
2020-04-29,16.0,3.3448275862068964,1017.5,0.8,53.63728813559322,1.7870833333333334
2020-04-30,15.0,6.022222222222222,1020.2,0.0,54.977777777777774,1.9517021276595745
2020-05-01,14.0,5.217391304347826,1019.4,0.0,50.791666666666664,1.858125
2020-05-02,16.0,5.558139534883721,1015.5,18.5,54.15,1.630625
2020-05-03,17.0,5.9375,1021.8,0.0,50.2625,2.0533333333333332
2020-05-04,13.0,3.869565217391304,1022.2,0.0,49.583333333333336,2.2958333333333334
2020-05-05,11.0,4.148148148148148,1020.3,0.0,53.75,2.008125
2020-05-06,20.0,6.32258064516129,1023.1,0.0,53.89677419354839,1.841875
2020-05-07,11.0,4.24,1017.7,0.0,51.12,2.21875
2020-05-08,9.0,3.116279069767442,1015.2,0.0,49.5,1.6966666666666665
2020-05-09,9.0,2.532258064516129,1014.4,0.0,51.983870967741936,1.5597916666666667
2020-05-10,9.0,3.8666666666666667,1011.8,0.0,53.28125,1.4160416666666666
2020-05-11,23.0,7.68,1008.0,4.8,54.28,1.5164583333333335
2020-05-12,16.0,9.65,1008.7,9.7,55.02439024390244,2.419583333333333
2020-05-13,9.0,5.482758620689655,1013.8,1.3,53.483870967741936,2.5208333333333335
2020-05-14,12.0,5.909090909090909,1016.4,6.1,54.93333333333333,1.8145833333333332
2020-05-15,8.0,3.227272727272727,1020.4,0.0,51.875,1.6064583333333333
2020-05-16,11.0,5.043478260869565,1009.2,11.9,55.8,0.9995833333333333
2020-05-17,19.0,5.745098039215686,1006.2,25.4,55.16470588235294,2.5977083333333333
2020-05-18,17.0,5.961538461538462,1007.3,6.9,51.70384615384615,2.4125
2020-05-19,15.0,5.703703703703703,1014.3,0.5,52.666666666666664,2.2883333333333336
2020-05-20,14.0,7.767441860465116,1021.0,0.0,54.22727272727273,1.6441666666666668
2020-05-21,19.0,7.0,1020.8,0.0,53.63333333333333,1.1336170212765957
2020-05-22,20.0,8.75,1019.0,0.0,53.0,1.786875
2020-05-23,18.0,7.24,1018.5,0.0,51.2,2.450217391304348
2020-05-24,18.0,6.258064516129032,1019.6,0.0,53.12903225806452,1.9177083333333333
2020-05-25,17.0,7.555555555555555,1017.8,0.0,54.03703703703704,1.8766666666666667
2020-05-26,16.0,4.658536585365853,1016.5,0.0,55.16585365853659,1.9041666666666668
2020-05-27,13.0,4.317073170731708,1016.1,0.0,53.707317073170735,1.5474468085106383
2020-05-28,10.0,4.208333333333333,1013.5,0.0,54.93877551020408,1.298125
2020-05-29,10.0,3.864864864864865,1011.5,0.0,54.96216216216216,1.9441666666666666
2020-05-30,11.0,4.6,1011.6,35.1,53.28169014084507,2.45125
2020-05-31,9.0,3.276595744680851,1016.1,0.0,52.263829787234044,1.628695652173913
2020-06-01,13.0,5.743589743589744,1015.9,0.0,54.77368421052632,1.8931914893617021
2020-06-02,13.0,5.586206896551724,1018.4,0.0,53.11724137931035,2.0568750000000002
2020-06-03,14.0,5.56,1018.2,0.0,53.4,2.0141666666666667
2020-06-04,16.0,5.866666666666666,1013.1,0.0,52.333333333333336,2.228936170212766
2020-06-05,10.0,4.510204081632653,1010.2,0.5,51.42040816326531,2.298125
2020-06-06,10.0,2.9655172413793105,1012.2,0.0,52.9448275862069,1.5683333333333334
2020-06-07,11.0,5.035714285714286,1018.2,2.3,51.714285714285715,1.9868750000000002
2020-06-08,15.0,5.608695652173913,1024.8,0.0,50.625,2.072553191489362
2020-06-09,13.0,4.625,1024.0,0.0,53.375,1.1738775510204082
2020-06-10,15.0,4.24,1018.7,0.0,56.64,1.4970833333333333
2020-06-11,14.0,3.903225806451613,1017.3,0.0,57.567741935483866,1.5662500000000001
2020-06-12,15.0,7.48,1017.3,0.5,55.69019607843137,1.5662500000000001
2020-06-13,12.0,4.586206896551724,1018.0,0.0,54.41379310344828,1.2414893617021276
2020-06-14,10.0,3.6666666666666665,1017.4,0.0,55.916666666666664,1.1227083333333334
2020-06-15,9.0,3.642857142857143,1017.8,1.8,56.61904761904762,1.128125
2020-06-16,14.0,4.344827586206897,1019.6,0.0,54.06666666666667,1.5391666666666666
2020-06-17,17.0,7.714285714285714,1019.1,0.0,55.67857142857143,2.3435416666666664
2020-06-18,17.0,4.368421052631579,1014.9,0.0,53.72105263157895,2.6465957446808512
2020-06-19,7.0,3.911764705882353,1012.3,0.0,54.13529411764706,2.2177083333333334
2020-06-20,14.0,4.0,1015.8,0.0,54.339285714285715,1.6151063829787233
2020-06-21,15.0,5.177777777777778,1018.5,0.0,56.66956521739131,1.4556250000000002
2020-06-22,14.0,4.204545454545454,1014.5,0.0,53.36888888888889,2.0675
2020-06-23,10.0,4.555555555555555,1013.0,0.0,55.85925925925926,2.0075
2020-06-24,18.0,3.4444444444444446,1013.5,0.0,54.16603773584906,1.7502083333333334
2020-06-25,17.0,4.316666666666666,1011.1,0.0,59.274193548387096,2.3033333333333332
2020-06-26,8.0,3.4166666666666665,1011.3,0.0,59.204081632653065,2.973125
2020-06-27,18.0,5.645161290322581,1013.2,0.0,59.71612903225807,2.650208333333333
2020-06-28,21.0,7.161290322580645,1012.0,0.0,59.903225806451616,3.0595833333333338
2020-06-29,17.0,7.928571428571429,1012.9,0.0,59.75,2.983541666666667
2020-06-30,19.0,7.714285714285714,1016.8,0.0,58.892857142857146,2.428125
2020-07-01,17.0,7.269230769230769,1014.4,0.0,58.96153846153846,2.577446808510638
2020-07-02,15.0,4.529411764705882,1013.6,0.0,55.30588235294118,2.6982608695652175
2020-07-03,14.0,4.90625,1015.2,0.0,57.26875,1.861063829787234
2020-07-04,17.0,7.28,1020.7,0.0,57.48,1.16875
2020-07-05,17.0,6.538461538461538,1021.6,0.0,56.96153846153846,1.3156521739130436
2020-07-06,13.0,7.3,1019.5,0.0,59.86666666666667,0.9871111111111112
2020-07-07,18.0,7.24,1019.7,0.0,59.16,0.8077083333333334
2020-07-08,16.0,5.647058823529412,1016.3,0.0,58.94117647058823,1.32
2020-07-09,15.0,5.766666666666667,1016.1,0.0,59.486666666666665,1.3151063829787235
2020-07-10,18.0,5.088888888888889,1018.1,0.0,60.29333333333333,0.661875
2020-07-11,15.0,6.28,1020.0,0.0,61.111111111111114,0.8830434782608695
2020-07-12,17.0,6.625,1017.6,0.0,61.5,0.9359574468085107
2020-07-13,15.0,5.666666666666667,1014.8,0.0,60.03333333333333,2.1927083333333335
2020-07-14,12.0,4.3125,1013.9,0.0,57.425,2.4914583333333336
2020-07-15,10.0,4.8076923076923075,1012.3,0.0,58.88461538461539,2.6639583333333334
2020-07-16,10.0,3.7142857142857144,1012.2,0.0,57.02040816326531,2.78531914893617
2020-07-17,9.0,5.0344827586206895,1014.5,0.0,57.827586206896555,2.298958333333333
2020-07-18,10.0,4.433333333333334,1014.1,0.0,57.63333333333333,2.8608333333333333
2020-07-19,10.0,3.942857142857143,1014.9,0.0,58.817142857142855,2.1522916666666667
2020-07-20,7.0,3.8153846153846156,1015.7,0.0,57.190769230769234,1.7933333333333332
2020-07-21,8.0,2.71875,1011.3,0.3,57.115625,1.93468085106383
2020-07-22,9.0,5.25,1010.3,0.0,60.333333333333336,1.969787234042553
2020-07-23,11.0,5.105263157894737,1013.2,0.3,60.421052631578945,1.508125
2020-07-24,13.0,5.633333333333334,1014.5,0.0,60.29032258064516,1.3963829787234041
2020-07-25,9.0,4.125,1013.7,0.0,58.875,2.2220833333333334
2020-07-26,7.0,3.1538461538461537,1012.8,0.0,58.4390243902439,2.227659574468085
2020-07-27,6.0,1.9242424242424243,1014.2,0.0,56.36,1.2972340425531914
2020-07-28,7.0,2.2318840579710146,1013.2,0.0,53.55652173913044,1.248125
2020-07-29,6.0,3.1466666666666665,1012.1,0.0,53.282666666666664,1.1570833333333332
2020-07-30,9.0,3.1454545454545455,1014.7,0.0,53.654545454545456,0.980625
2020-07-31,12.0,3.45,1016.2,0.3,55.03333333333333,1.0027083333333333
2020-08-01,16.0,3.2542372881355934,1019.2,0.3,55.19322033898305,0.9093749999999999
2020-08-02,16.0,4.385964912280702,1019.0,0.0,56.48620689655172,0.8137500000000001
2020-08-03,18.0,7.5,1020.4,0.0,59.78666666666666,0.8754166666666667
2020-08-04,12.0,5.297872340425532,1017.9,0.3,58.846808510638304,1.0187234042553193
2020-08-05,13.0,5.1,1015.7,1.5,57.48571428571429,1.161875
2020-08-06,17.0,3.78,1015.6,0.0,58.192,0.89875
2020-08-07,15.0,4.96,1015.3,0.0,56.32,1.9770212765957447
2020-08-08,16.0,5.5,1016.6,0.0,56.333333333333336,2.436875
2020-08-09,13.0,4.36,1013.5,0.0,57.88461538461539,3.0722916666666666
2020-08-10,8.0,3.925925925925926,1011.6,0.0,57.044444444444444,2.9204166666666667
2020-08-11,8.0,2.609375,1012.9,0.0,53.375,2.25
2020-08-12,10.0,4.560975609756097,1014.8,0.0,54.80487804878049,1.8568749999999998
2020-08-13,9.0,3.9318181818181817,1015.8,0.0,54.440000000000005,1.5689583333333335
2020-08-14,5.0,2.7083333333333335,1013.2,0.0,59.458333333333336,1.8485106382978722
2020-08-15,9.0,3.2083333333333335,1010.4,0.0,69.04166666666667,1.6164583333333333
2020-08-16,8.0,2.8,1012.1,0.0,63.44,1.005531914893617
2020-08-17,9.0,2.1621621621621623,1016.0,0.0,57.302702702702696,0.973125
2020-08-18,9.0,3.7761194029850746,1017.5,0.0,56.72537313432836,0.9804166666666667
2020-08-19,11.0,2.887323943661972,1017.1,0.0,55.05070422535211,0.775
2020-08-20,6.0,2.3174603174603177,1014.0,0.0,54.831746031746036,0.7015555555555556
2020-08-21,9.0,3.657142857142857,1012.8,0.0,65.39428571428572,1.3545833333333333
2020-08-22,12.0,4.56140350877193,1014.7,0.0,59.789655172413795,1.6206250000000002
2020-08-23,7.0,4.290909090909091,1012.8,0.0,55.92363636363637,2.05825
2020-08-24,6.0,2.6973684210526314,1011.9,0.0,54.45789473684211,1.8929166666666666
2020-08-25,6.0,2.625,1011.5,0.0,54.29642857142857,1.8625531914893618
2020-08-26,10.0,5.21875,1012.5,0.0,55.825,1.8585416666666665
2020-08-27,8.0,3.8378378378378377,1010.5,0.0,55.18378378378378,2.278723404255319
2020-08-28,8.0,3.16,1011.3,0.0,55.12,2.446875
2020-08-29,9.0,3.627906976744186,1011.5,0.0,54.63255813953488,2.4341666666666666
2020-08-30,18.0,4.962962962962963,1012.1,0.0,55.2962962962963,3.282291666666667
2020-08-31,19.0,5.208333333333333,1009.8,0.0,59.916666666666664,3.17625
2020-09-01,12.0,2.9743589743589745,1010.2,0.0,54.83589743589744,2.5883333333333334
2020-09-02,7.0,3.0232558139534884,1015.9,0.0,54.85116279069767,1.7274468085106383
2020-09-03,5.0,2.9423076923076925,1017.7,0.3,54.51923076923077,1.7474468085106383
2020-09-04,12.0,2.4615384615384617,1017.9,0.3,56.369230769230775,1.24
2020-09-05,15.0,5.608695652173913,1018.6,0.0,57.625,0.851875
2020-09-06,11.0,2.7083333333333335,1015.6,0.0,60.0,1.0533333333333335
2020-09-07,9.0,2.68,1010.7,0.0,61.52,1.979375
2020-09-08,5.0,2.2857142857142856,1005.5,0.0,54.46511627906977,1.7529166666666667
2020-09-09,6.0,2.6666666666666665,1005.4,0.0,55.57619047619047,1.3172916666666667
2020-09-10,6.0,1.2641509433962264,1010.1,0.0,54.14716981132076,1.0222916666666666
2020-09-11,6.0,2.161290322580645,1016.6,0.0,56.70967741935484,0.8354166666666667
2020-09-12,6.0,1.84375,1014.9,0.0,51.859375,0.7208333333333333
2020-09-13,8.0,2.0714285714285716,1013.2,0.0,51.378571428571426,0.7321276595744681
2020-09-14,9.0,2.2745098039215685,1014.8,0.0,56.6078431372549,0.63375
2020-09-15,8.0,3.9,1016.3,0.0,62.03333333333333,1.3316666666666668
2020-09-16,7.0,2.6666666666666665,1016.9,0.3,65.79523809523809,1.1191666666666666
2020-09-17,8.0,1.9080459770114941,1014.4,0.5,62.78850574712644,1.2138297872340427
2020-09-18,10.0,4.3125,1013.7,3.0,63.3125,0.9764583333333333
2020-09-19,17.0,4.705882352941177,1015.7,0.0,61.088235294117645,0.9729166666666668
2020-09-20,11.0,3.6382978723404253,1015.5,0.0,57.02978723404256,1.0502083333333332
2020-09-21,11.0,2.5,1015.1,0.0,57.440909090909095,0.9235416666666666
2020-09-22,10.0,3.6923076923076925,1016.3,0.0,60.61538461538461,1.31375
2020-09-23,13.0,5.72,1018.0,4.6,60.88,1.1316666666666666
2020-09-24,12.0,4.615384615384615,1017.4,7.1,63.36538461538461,2.730625
2020-09-25,11.0,2.4347826086956523,1017.2,2.8,56.73913043478261,3.6447916666666664
2020-09-26,14.0,3.7413793103448274,1019.4,0.0,62.04827586206897,2.889375
2020-09-27,18.0,5.708333333333333,1014.8,0.0,62.125,2.309791666666667
2020-09-28,9.0,4.037037037037037,1012.5,0.0,70.29629629629629,2.4439583333333332
2020-09-29,6.0,2.7804878048780486,1013.0,0.0,65.19024390243902,2.0322916666666666
2020-09-30,11.0,3.324324324324324,1017.9,0.0,59.027027027027025,1.8483333333333334
2020-10-01,7.0,1.5333333333333334,1017.5,0.0,54.93333333333333,1.3831914893617023
2020-10-02,8.0,2.176470588235294,1017.3,0.0,54.773529411764706,2.1006382978723406
2020-10-03,6.0,2.7611940298507465,1016.7,0.3,54.11044776119403,1.6642553191489362
2020-10-04,7.0,2.4791666666666665,1016.5,0.3,54.416666666666664,2.011063829787234
2020-10-05,6.0,2.657142857142857,1017.5,0.0,53.53333333333333,2.047708333333333
2020-10-06,4.0,0.7530864197530864,1016.0,0.0,49.407407407407405,1.7133333333333332
2020-10-07,5.0,1.3928571428571428,1014.3,0.0,52.596428571428575,1.5422916666666666
2020-10-08,7.0,2.78125,1013.5,0.0,53.4375,1.248125
2020-10-09,7.0,3.6842105263157894,1014.0,0.0,56.77894736842105,0.843125
2020-10-10,8.0,3.4655172413793105,1012.0,9.1,59.877966101694916,1.0987500000000001
2020-10-11,10.0,2.5434782608695654,1017.1,0.0,55.15652173913043,2.330416666666667
2020-10-12,13.0,4.6923076923076925,1021.8,0.0,57.5,2.3593617021276594
2020-10-13,8.0,1.8245614035087718,1021.5,0.0,53.333333333333336,2.198958333333333
2020-10-14,15.0,2.8679245283018866,1023.6,0.3,58.2074074074074,2.100625
2020-10-15,17.0,4.538461538461538,1018.6,0.0,57.46153846153846,3.0221276595744677
2020-10-16,12.0,5.291666666666667,1016.3,0.0,64.58333333333333,2.7377083333333334
2020-10-17,15.0,4.346153846153846,1016.3,0.0,55.96153846153846,2.38625
2020-10-18,14.0,3.04,1017.6,0.0,52.96,2.1175
2020-10-19,7.0,2.6346153846153846,1019.3,0.3,52.676923076923075,1.4854545454545454
2020-10-20,14.0,2.537037037037037,1015.2,0.0,52.333333333333336,2.4765957446808513
2020-10-21,18.0,4.966666666666667,1015.3,0.0,53.46666666666667,2.337659574468085
2020-10-22,16.0,7.083333333333333,1015.0,0.0,51.041666666666664,3.8562499999999997
2020-10-23,15.0,3.7083333333333335,1014.7,0.0,47.958333333333336,3.176382978723404
2020-10-24,13.0,3.761904761904762,1016.1,0.3,53.31904761904762,1.5422916666666666
2020-10-25,12.0,3.0,1015.7,0.0,49.15555555555555,2.8679166666666664
2020-10-26,16.0,6.333333333333333,1017.2,0.0,54.708333333333336,1.9927083333333335
2020-10-27,9.0,3.096774193548387,1018.9,0.0,51.21875,2.06125
2020-10-28,7.0,2.5833333333333335,1017.7,0.0,49.708333333333336,1.8022916666666668
2020-10-29,5.0,2.625,1017.8,0.0,50.208333333333336,1.315625
2020-10-30,7.0,1.8846153846153846,1017.9,0.0,43.473076923076924,1.0814583333333334
2020-10-31,6.0,2.5,1020.2,0.0,46.50454545454546,1.6783333333333335
2020-11-01,6.0,1.2083333333333333,1020.0,0.0,44.449999999999996,1.9210416666666668
2020-11-02,11.0,2.611111111111111,1019.6,0.0,45.05,1.666875
2020-11-03,10.0,3.189655172413793,1017.9,0.0,46.48275862068966,1.9285416666666666
2020-11-04,6.0,2.2941176470588234,1019.7,0.0,55.96470588235294,1.8982222222222223
2020-11-05,11.0,1.6842105263157894,1019.1,5.6,52.357894736842105,1.68875
2020-11-06,15.0,4.103448275862069,1007.2,1.5,52.279310344827586,3.7120833333333336
2020-11-07,16.0,6.357142857142857,1008.7,2.5,46.88965517241379,5.24
2020-11-08,20.0,7.75,1010.6,0.3,46.041666666666664,4.65375
2020-11-09,12.0,5.541666666666667,1015.9,0.0,40.112500000000004,3.6310416666666665
2020-11-10,9.0,3.5714285714285716,1023.5,0.0,45.32142857142857,1.6704347826086958
2020-11-11,12.0,3.7916666666666665,1019.3,0.0,44.375,2.6359574468085105
2020-11-12,6.0,4.0,1019.3,0.0,43.15384615384615,2.390212765957447
2020-11-13,18.0,9.071428571428571,1011.1,5.8,51.39523809523809,2.3704
2020-11-14,9.0,3.289473684210526,1018.6,0.0,45.68421052631579,3.684583333333333
2020-11-15,14.0,7.526315789473684,1020.9,1.5,56.44736842105263,3.4048936170212767
2020-11-16,6.0,1.527027027027027,1009.5,0.0,55.359459459459465,3.534468085106383
2020-11-17,24.0,9.945945945945946,1002.2,29.5,56.945945945945944,2.8841666666666668
2020-11-18,15.0,8.534883720930232,1008.4,8.9,54.13023255813953,3.257021276595745
2020-11-19,11.0,5.1,1017.6,0.0,49.56666666666667,2.6986666666666665
2020-11-20,13.0,4.333333333333333,1026.2,0.0,43.041666666666664,2.333125
2020-11-21,8.0,2.6666666666666665,1022.7,0.0,40.954166666666666,1.7658333333333334
2020-11-22,7.0,3.09375,1016.1,1.3,40.53125,1.469375
2020-11-23,11.0,2.3333333333333335,1017.4,0.0,47.138888888888886,2.188085106382979
2020-11-24,6.0,2.717948717948718,1020.6,3.3,41.733333333333334,2.8638297872340424
2020-11-25,12.0,3.7954545454545454,1020.2,2.8,47.404545454545456,3.19125
2020-11-26,13.0,3.111111111111111,1027.4,0.0,43.21111111111111,4.380217391304348
2020-11-27,7.0,3.375,1022.5,0.0,43.125,2.363541666666667
2020-11-28,6.0,2.9583333333333335,1023.7,0.0,41.458333333333336,1.860217391304348
2020-11-29,6.0,2.2083333333333335,1022.7,0.0,41.375,1.6897916666666666
2020-11-30,9.0,3.3636363636363638,1023.3,1.8,45.472,2.253617021276596
2020-12-01,9.0,2.337078651685393,1021.1,0.0,42.188764044943824,3.6336170212765957
2020-12-02,6.0,2.2264150943396226,1020.7,0.0,43.53584905660377,2.3263829787234043
2020-12-03,8.0,2.292134831460674,1021.4,0.0,44.02696629213483,2.5531914893617023
2020-12-04,5.0,2.138888888888889,1023.7,0.0,44.702777777777776,3.1364583333333336
2020-12-05,10.0,2.923076923076923,1020.3,2.8,45.67692307692308,2.40625
2020-12-06,14.0,3.7,1023.3,0.0,47.736000000000004,2.432916666666667
2020-12-07,8.0,3.4324324324324325,1023.7,0.0,48.84864864864865,3.3814583333333332
2020-12-08,7.0,2.0,1020.7,0.0,48.49090909090909,5.844565217391305
2020-12-09,10.0,2.863013698630137,1020.9,0.8,50.76,4.19625
2020-12-10,6.0,2.130434782608696,1018.4,0.0,42.18695652173913,2.954166666666667
2020-12-11,7.0,3.8205128205128207,1016.8,3.6,42.18974358974359,2.2191489361702126
2020-12-12,9.0,1.9466666666666668,1015.7,1.0,46.922666666666665,2.3285416666666667
2020-12-13,19.0,6.328125,1016.1,18.5,51.803125,2.387872340425532
2020-12-14,12.0,2.353846153846154,1021.2,0.0,43.4,4.727708333333333
2020-12-15,14.0,5.465116279069767,1024.6,3.8,46.9953488372093,3.3320833333333333
2020-12-16,12.0,4.418181818181818,1014.5,22.1,50.57818181818182,3.968936170212766
2020-12-17,20.0,7.461538461538462,1013.2,2.5,51.23384615384615,3.718958333333333
2020-12-18,7.0,3.2222222222222223,1024.0,0.0,41.37777777777778,3.5733333333333337
2020-12-19,8.0,3.765957446808511,1028.9,3.0,50.40851063829787,3.140833333333333
2020-12-20,6.0,2.63265306122449,1025.1,0.3,54.436734693877554,2.776875
2020-12-21,12.0,3.2580645161290325,1018.0,10.9,52.303225806451614,2.4387804878048778
2020-12-22,26.0,7.078947368421052,1016.2,0.0,43.810526315789474,2.838936170212766
2020-12-23,8.0,3.5416666666666665,1022.6,0.0,41.708333333333336,2.410625
2020-12-24,6.0,3.3333333333333335,1018.4,0.0,41.708333333333336,1.2260416666666667
2020-12-25,27.0,12.25,1008.2,15.2,57.916666666666664,2.6358333333333333
2020-12-26,20.0,7.346938775510204,1010.7,2.8,50.563265306122446,3.0895833333333336
2020-12-27,8.0,4.041666666666667,1010.4,0.0,43.5,3.4616666666666664
2020-12-28,7.0,3.0,1009.9,0.0,40.607692307692304,3.5629166666666667
2020-12-29,6.0,3.185185185185185,1014.5,0.0,42.111111111111114,2.7855319148936166
2020-12-30,12.0,5.433333333333334,1020.3,12.7,43.666666666666664,2.5247916666666668
2020-12-31,14.0,3.883116883116883,1020.3,0.5,48.36883116883117,4.446458333333333
2021-01-01,11.0,1.934782608695652,1016.5,10.9,47.573913043478264,3.1795744680851064
2021-01-02,11.0,4.627906976744186,1020.1,1.8,49.53488372093023,4.13875
2021-01-03,12.0,7.129032258064516,1019.0,1.5,53.354838709677416,4.435416666666667
2021-01-04,20.0,9.543478260869565,1006.8,13.5,53.02173913043478,4.268913043478261
2021-01-05,8.0,4.266666666666667,1020.5,0.0,46.3,4.446808510638298
2021-01-06,22.0,7.451612903225806,1016.0,10.4,49.483870967741936,4.400425531914894
2021-01-07,12.0,5.0,1019.3,4.3,48.166666666666664,4.117659574468085
2021-01-08,15.0,5.333333333333333,1017.2,1.3,50.239215686274505,3.812708333333333
2021-01-09,7.0,3.888888888888889,1022.7,1.8,43.96296296296296,3.6475000000000004
2021-01-10,12.0,3.1363636363636362,1021.7,3.6,50.86363636363637,3.309791666666667
2021-01-11,9.0,3.4864864864864864,1020.8,0.0,48.432432432432435,3.867872340425532
2021-01-12,13.0,7.075,1018.9,20.6,54.870000000000005,3.7583333333333333
2021-01-13,13.0,4.636363636363637,1020.3,7.6,56.63636363636363,4.4695833333333335
2021-01-14,7.0,2.719298245614035,1027.3,0.0,50.65964912280702,2.8902083333333333
2021-01-15,8.0,3.0697674418604652,1027.1,0.0,50.93023255813954,2.248125
2021-01-16,9.0,2.1358024691358026,1025.6,0.0,48.79259259259259,3.483125
2021-01-17,6.0,2.4925373134328357,1021.6,0.0,45.98208955223881,2.923958333333333
2021-01-18,18.0,6.0,1020.4,0.0,52.817647058823525,4.16625
2021-01-19,13.0,5.56,1019.9,0.0,50.44,3.20875
2021-01-20,7.0,4.75,1019.5,0.0,46.666666666666664,1.6264583333333331
2021-01-21,8.0,2.8333333333333335,1015.6,7.4,43.833333333333336,2.051875
2021-01-22,14.0,6.647058823529412,1011.3,4.3,46.05882352941177,2.8539583333333334
2021-01-23,16.0,5.838709677419355,1013.3,0.0,44.432258064516134,3.7722916666666664
2021-01-24,14.0,5.205882352941177,1010.6,10.7,43.94117647058823,2.785625
2021-01-25,12.0,4.8,1013.2,3.3,39.88285714285715,4.2595833333333335
2021-01-26,29.0,9.576923076923077,996.6,20.1,38.5,3.838181818181818
2021-01-27,24.0,12.107142857142858,996.6,38.4,43.964285714285715,3.7247916666666665
2021-01-28,14.0,5.487804878048781,1003.1,13.7,45.380487804878044,4.019574468085106
2021-01-29,10.0,2.8421052631578947,1007.4,0.3,38.78421052631579,2.7129166666666666
2021-01-30,14.0,6.269230769230769,1013.9,0.5,49.23076923076923,2.203404255319149
2021-01-31,19.0,10.407407407407407,1013.5,4.6,52.955555555555556,2.6810416666666668
2021-02-01,16.0,7.428571428571429,1007.1,13.0,53.005714285714284,3.6014583333333334
2021-02-02,11.0,4.627450980392157,1011.1,6.9,48.42745098039216,3.013541666666667
2021-02-03,17.0,10.2,1019.4,9.4,46.760000000000005,2.8520833333333333
2021-02-04,11.0,4.125,1026.1,0.0,40.833333333333336,2.9995833333333333
2021-02-05,15.0,5.423076923076923,1028.0,0.0,42.99230769230769,2.295
2021-02-06,14.0,3.8484848484848486,1023.5,0.0,45.50909090909091,2.45375
2021-02-07,12.0,4.290322580645161,1018.9,0.0,44.95483870967742,2.2087499999999998
2021-02-08,11.0,3.7096774193548385,1016.5,0.0,42.38709677419355,2.1435416666666667
2021-02-09,6.0,1.96,1017.0,0.3,43.56,1.6735416666666667
2021-02-10,5.0,2.0,1018.9,0.0,42.381818181818176,1.238125
2021-02-11,12.0,5.5,1011.0,18.5,47.68571428571428,1.27
2021-02-12,12.0,4.765625,1012.9,9.4,47.728125,2.0139583333333335
2021-02-13,18.0,8.368421052631579,1012.6,7.4,49.77543859649123,2.597916666666667
2021-02-14,13.0,6.258064516129032,1016.3,10.9,45.68387096774194,3.220833333333333
2021-02-15,13.0,7.22972972972973,1014.8,9.1,50.064864864864866,3.201458333333333
2021-02-16,14.0,2.8840579710144927,1020.5,1.3,45.27246376811595,3.469583333333333
2021-02-17,11.0,4.538461538461538,1025.0,0.0,41.646153846153844,2.8362499999999997
2021-02-18,12.0,5.041666666666667,1023.0,15.2,45.416666666666664,1.5332608695652175
2021-02-19,11.0,3.2142857142857144,1022.4,5.3,48.8,1.9141666666666666
2021-02-20,19.0,10.32,1021.1,2.5,46.588,3.9825
2021-02-21,13.0,4.923076923076923,1033.7,0.0,42.76923076923077,3.0852083333333336
2021-02-22,16.0,3.5675675675675675,1029.5,0.0,43.35675675675676,2.6218749999999997
2021-02-23,17.0,7.421052631578948,1028.5,0.0,47.58974358974359,3.288409090909091
2021-02-24,15.0,5.461538461538462,1028.3,0.0,42.03076923076923,3.574318181818182
2021-02-25,17.0,6.40625,1029.7,0.0,41.025,2.6170833333333334
2021-02-26,15.0,6.111111111111111,1027.4,0.5,44.92,2.856875
2021-02-27,16.0,7.894736842105263,1026.2,0.0,44.05263157894737,4.317021276595745
2021-02-28,14.0,5.125,1024.1,0.0,41.074999999999996,2.7893749999999997
2021-03-01,10.0,3.68,1018.0,0.0,42.04,1.81375
2021-03-02,8.0,3.230769230769231,1013.1,0.0,41.97692307692308,2.3866666666666667
2021-03-03,14.0,3.391304347826087,1010.4,0.0,40.17391304347826,3.286170212765957
2021-03-04,23.0,8.92,1011.5,0.0,46.56,2.103548387096774
2021-03-05,22.0,11.2,1016.6,44.7,51.114285714285714,4.110212765957447
2021-03-06,7.0,2.744186046511628,1016.5,0.5,41.7906976744186,3.630625
2021-03-07,15.0,7.333333333333333,1020.6,3.3,44.91851851851852,2.72875
2021-03-08,20.0,6.458333333333333,1017.2,3.0,41.333333333333336,4.539574468085107
2021-03-09,20.0,9.891891891891891,1014.7,10.4,42.34594594594594,3.454
2021-03-10,13.0,6.791666666666667,1010.4,0.3,43.083333333333336,
2021-03-11,14.0,4.615384615384615,1014.2,0.0,40.684615384615384,
2021-03-12,10.0,4.837209302325581,1022.7,0.0,41.079069767441865,
2021-03-13,9.0,4.0,1024.4,0.0,45.29333333333333,
2021-03-14,18.0,10.0,1016.4,19.8,45.75,
2021-03-15,23.0,9.90625,1018.2,0.0,40.48125,
2021-03-16,19.0,6.833333333333333,1019.4,0.0,39.237500000000004,
2021-03-17,5.0,4.083333333333333,1015.7,0.0,40.125,1.7036363636363634
2021-03-18,20.0,9.666666666666666,1011.3,4.6,50.458333333333336,2.594418604651163
2021-03-19,16.0,6.741935483870968,1016.7,7.9,46.722580645161294,3.5376086956521737
2021-03-20,13.0,5.619047619047619,1022.3,2.0,44.82857142857143,2.9029166666666666
2021-03-21,17.0,6.354838709677419,1029.1,0.0,42.03225806451613,2.267916666666667
2021-03-22,13.0,5.195652173913044,1024.4,0.3,45.259574468085106,1.720625
2021-03-23,17.0,8.555555555555555,1024.3,0.0,46.044444444444444,2.775
2021-03-24,17.0,5.945945945945946,1019.8,3.0,43.87567567567568,2.8266666666666667
2021-03-25,19.0,6.950819672131147,1014.4,0.0,46.48196721311476,2.28375
2021-03-26,18.0,7.0,1015.5,0.0,43.851851851851855,3.294042553191489
2021-03-27,14.0,3.875,1022.6,0.0,44.75,2.46375
2021-03-28,15.0,2.6333333333333333,1026.0,0.0,42.34666666666667,1.2385416666666667
2021-03-29,26.0,8.314285714285715,1022.7,0.0,44.714285714285715,2.29
2021-03-30,19.0,5.791666666666667,1021.3,0.0,45.0375,4.333125
2021-03-31,9.0,3.625,1019.2,0.0,50.958333333333336,2.5829166666666667
2021-04-01,7.0,3.9166666666666665,1014.6,0.0,51.0,1.35125
2021-04-02,8.0,3.019607843137255,1014.7,0.0,46.46666666666667,1.2320833333333334
2021-04-03,8.0,4.625,1017.6,0.0,47.3375,1.3585106382978724
2021-04-04,12.0,3.7037037037037037,1022.1,0.0,48.48148148148148,1.6468749999999999
2021-04-05,15.0,3.8095238095238093,1017.8,0.0,46.30952380952381,2.2754166666666666
2021-04-06,16.0,5.518518518518518,1016.9,0.0,44.74074074074074,2.4064583333333336
2021-04-07,12.0,4.566666666666666,1019.6,0.0,47.11333333333334,1.2814583333333334
2021-04-08,17.0,6.375,1024.6,0.0,46.75625,0.8962499999999999
2021-04-09,15.0,5.592592592592593,1024.1,0.0,44.48148148148148,1.8087499999999999
2021-04-10,18.0,7.384615384615385,1024.4,0.0,45.53846153846154,1.4360416666666669
2021-04-11,18.0,6.730769230769231,1015.7,0.0,43.25925925925926,4.1075
2021-04-12,17.0,4.921052631578948,1012.5,0.0,44.60526315789474,4.143541666666667
2021-04-13,14.0,5.518518518518518,1012.4,0.0,44.8962962962963,3.1750000000000003
2021-04-14,15.0,5.833333333333333,1011.7,0.0,48.708333333333336,2.4784444444444444
2021-04-15,9.0,4.375,1015.8,0.0,45.208333333333336,1.6385416666666668
2021-04-16,8.0,2.0,1017.6,0.0,44.920754716981136,1.378125
2021-04-17,7.0,2.8,1018.0,0.0,45.78181818181818,1.170625
2021-04-18,11.0,3.1506849315068495,1021.4,0.0,45.5972602739726,1.2352083333333332
2021-04-19,15.0,5.290322580645161,1023.3,0.3,47.70967741935484,0.9406249999999999
2021-04-20,15.0,7.0,1015.7,2.0,49.05714285714286,2.024375
2021-04-21,16.0,4.55,1013.8,0.0,49.5609756097561,3.60531914893617
2021-04-22,13.0,6.090909090909091,1014.7,0.0,49.4,3.0227083333333336
2021-04-23,16.0,3.4,1016.4,1.0,47.329032258064515,1.7389583333333334
2021-04-24,13.0,6.473684210526316,1014.2,3.3,49.242105263157896,1.1695833333333334
2021-04-25,13.0,8.193548387096774,1009.2,10.7,48.303225806451614,1.6366666666666667
2021-04-26,10.0,4.571428571428571,1011.5,0.8,47.67857142857143,1.4702127659574467
2021-04-27,12.0,4.916666666666667,1016.2,0.0,45.708333333333336,1.3952083333333334
2021-04-28,14.0,3.9545454545454546,1021.6,0.0,45.96363636363637,1.0695652173913044
2021-04-29,9.0,3.2325581395348837,1024.9,0.0,48.70697674418605,1.0897916666666667
2021-04-30,8.0,4.451612903225806,1022.8,0.0,47.96774193548387,1.183125
2021-05-01,15.0,3.8285714285714287,1020.6,0.8,50.777142857142856,1.6552083333333334
2021-05-02,17.0,6.3076923076923075,1020.2,0.0,52.0,2.0749999999999997
2021-05-03,18.0,6.166666666666667,1020.4,0.0,50.03333333333333,2.377291666666667
2021-05-04,14.0,5.090909090909091,1019.4,0.0,50.91764705882353,1.6316666666666666
2021-05-05,12.0,4.081632653061225,1014.9,0.0,50.093877551020405,1.7852083333333333
2021-05-06,7.0,3.6363636363636362,1014.9,1.0,49.77878787878788,1.20875
2021-05-07,20.0,11.129032258064516,1022.3,0.0,52.1875,2.1841666666666666
2021-05-08,23.0,8.076923076923077,1025.4,0.0,48.34615384615385,2.8352083333333336
2021-05-09,17.0,6.696969696969697,1020.6,0.0,50.24242424242424,2.3312500000000003
2021-05-10,17.0,5.297297297297297,1017.2,0.0,51.54054054054054,2.7404166666666665
2021-05-11,19.0,3.5686274509803924,1015.3,0.0,47.8156862745098,2.9143749999999997
2021-05-12,8.0,4.394736842105263,1015.6,0.0,48.36842105263158,2.601276595744681
2021-05-13,8.0,4.769230769230769,1019.2,0.0,48.82051282051282,1.9408333333333332
2021-05-14,11.0,4.951219512195122,1017.3,0.5,48.834146341463416,2.1902127659574466
2021-05-15,12.0,3.811320754716981,1013.3,0.0,48.867924528301884,3.4591304347826086
2021-05-16,9.0,3.9318181818181817,1013.3,0.3,48.99090909090909,2.9470833333333335
2021-05-17,13.0,2.8805970149253732,1015.9,0.3,49.02985074626866,1.7681250000000002
2021-05-18,19.0,5.470588235294118,1021.1,0.0,50.16,0.9552083333333333
2021-05-19,19.0,7.413793103448276,1020.4,0.0,48.06896551724138,1.82125
2021-05-20,20.0,11.461538461538462,1020.3,0.0,49.84615384615385,2.2047916666666665
2021-05-21,19.0,8.846153846153847,1019.6,0.0,49.65384615384615,2.0064583333333332
2021-05-22,20.0,8.347826086956522,1019.5,0.0,48.625,2.673958333333333
2021-05-23,14.0,4.583333333333333,1020.8,0.0,49.708333333333336,1.1485416666666668
2021-05-24,15.0,4.620689655172414,1021.9,2.3,51.793103448275865,1.2825
2021-05-25,17.0,6.059701492537314,1021.0,0.8,53.96716417910448,1.0879166666666666
2021-05-26,17.0,7.055555555555555,1020.9,0.0,51.75,1.4314583333333333
2021-05-27,13.0,4.368421052631579,1021.2,0.5,52.66842105263158,0.8208333333333333
2021-05-28,11.0,4.631578947368421,1018.2,0.0,51.96315789473684,2.2202083333333333
2021-05-29,12.0,5.54054054054054,1016.0,0.0,51.362162162162164,2.780208333333333
2021-05-30,13.0,4.75,1017.3,0.0,51.92857142857143,1.658125
2021-05-31,8.0,3.4166666666666665,1016.2,0.0,53.208333333333336,1.7906250000000001
2021-06-01,7.0,3.3870967741935485,1014.7,0.0,53.83870967741935,2.057916666666667
2021-06-02,8.0,2.3461538461538463,1014.9,0.0,51.646153846153844,1.675
2021-06-03,13.0,4.469387755102041,1014.8,0.0,53.78775510204081,1.5031914893617022
2021-06-04,11.0,5.597014925373134,1016.5,0.0,53.25373134328358,1.817872340425532
2021-06-05,18.0,7.076923076923077,1018.5,0.0,53.80769230769231,1.4861702127659573
2021-06-06,17.0,5.617647058823529,1017.0,0.0,51.699999999999996,3.02531914893617
2021-06-07,15.0,5.555555555555555,1015.0,0.0,53.407407407407405,2.629166666666667
2021-06-08,11.0,4.538461538461538,1015.5,0.0,51.30769230769231,2.345
2021-06-09,10.0,5.275862068965517,1020.3,0.0,51.758620689655174,1.6195833333333332
2021-06-10,8.0,4.52,1022.6,0.0,52.53846153846154,1.3202083333333332
2021-06-11,13.0,5.625,1014.8,3.6,57.041666666666664,1.37375
2021-06-12,12.0,3.640625,1013.5,0.0,58.84375,1.9658333333333333
2021-06-13,8.0,3.4838709677419355,1011.7,18.5,61.45161290322581,1.8227083333333332
2021-06-14,8.0,2.025,1014.2,4.8,58.072500000000005,1.5144680851063832
2021-06-15,14.0,2.4791666666666665,1020.2,0.0,56.583673469387755,1.317659574468085
2021-06-16,14.0,5.0,1020.5,0.0,55.6,1.4082222222222223
2021-06-17,14.0,4.529411764705882,1016.0,0.0,55.705882352941174,2.2084782608695654
2021-06-18,17.0,4.03125,1013.2,0.0,54.59375,2.8077083333333337
2021-06-19,14.0,4.4375,1007.9,0.0,56.46875,3.389787234042553
2021-06-20,11.0,6.564102564102564,1007.2,0.0,55.675,2.6175
2021-06-21,11.0,4.2153846153846155,1011.9,0.0,53.07076923076923,1.666808510638298
2021-06-22,7.0,3.34,1013.5,0.0,53.9,1.4653191489361703
2021-06-23,8.0,3.75,1013.5,0.0,54.935135135135134,1.4327083333333333
2021-06-24,9.0,4.622222222222222,1015.8,0.0,55.51555555555555,1.3217021276595744
2021-06-25,8.0,3.5925925925925926,1016.4,0.0,55.75555555555556,1.2297916666666666
2021-06-26,9.0,3.141025641025641,1014.8,0.0,54.18205128205128,1.3439583333333334
2021-06-27,11.0,3.9,1009.6,0.0,55.75,1.3379166666666666
2021-06-28,11.0,5.756756756756757,1009.4,0.0,58.5945945945946,1.4102083333333333
2021-06-29,10.0,3.9565217391304346,1011.6,0.0,58.38695652173914,1.6802127659574468
2021-06-30,15.0,5.071428571428571,1013.2,0.0,59.24186046511628,1.8529166666666665
2021-07-01,13.0,5.285714285714286,1013.6,0.0,58.975,2.180625
2021-07-02,9.0,4.222222222222222,1013.4,0.3,58.72,2.352708333333333
2021-07-03,8.0,4.204081632653061,1013.2,0.0,57.27346938775511,2.4254166666666666
2021-07-04,8.0,4.944444444444445,1014.6,0.0,56.888888888888886,2.145106382978723
2021-07-05,7.0,4.536585365853658,1015.3,0.0,55.599999999999994,2.0124999999999997
2021-07-06,12.0,7.125,1016.6,0.5,56.28125,1.8514583333333334
2021-07-07,13.0,5.45,1016.6,0.3,55.94500000000001,1.4252083333333332
2021-07-08,15.0,5.909090909090909,1014.4,0.0,56.33939393939394,2.0608333333333335
2021-07-09,15.0,5.675675675675675,1015.4,0.0,55.38918918918919,1.9038297872340426
2021-07-10,9.0,3.775,1017.9,0.3,54.19,1.9649999999999999
2021-07-11,6.0,4.666666666666667,1018.6,0.0,54.666666666666664,2.607083333333333
2021-07-12,10.0,5.075,1015.0,0.0,54.265,2.720416666666667
2021-07-13,11.0,5.0,1013.8,0.0,54.048780487804876,3.0170212765957447
2021-07-14,9.0,5.18,1014.6,0.0,54.56078431372549,2.6966666666666668
2021-07-15,10.0,4.985294117647059,1016.5,0.5,53.93529411764706,1.7502083333333334
2021-07-16,19.0,4.828571428571428,1017.3,0.0,54.731428571428566,1.4747916666666667
2021-07-17,15.0,4.320754716981132,1016.8,0.0,55.4377358490566,1.2666666666666668
2021-07-18,16.0,5.888888888888889,1017.9,0.0,54.849999999999994,1.555625
2021-07-19,10.0,4.804347826086956,1018.9,0.0,55.321739130434786,1.4972340425531916
2021-07-20,10.0,4.666666666666667,1019.6,0.0,55.743589743589745,1.1312499999999999
2021-07-21,16.0,5.7,1018.1,0.0,56.483999999999995,1.4320833333333332
2021-07-22,14.0,5.0344827586206895,1016.4,0.0,55.13333333333333,2.0989583333333335
2021-07-23,14.0,4.896551724137931,1018.6,0.0,54.58620689655172,1.8889583333333333
2021-07-24,8.0,3.2903225806451615,1016.2,0.0,55.03225806451613,1.9654166666666668
2021-07-25,8.0,3.5454545454545454,1014.1,0.0,54.62181818181818,2.1620833333333334
2021-07-26,10.0,4.44,1012.5,0.0,53.90196078431372,2.0938297872340423
2021-07-27,10.0,4.226415094339623,1013.8,3.6,54.27547169811321,1.5128260869565218
2021-07-28,7.0,2.103448275862069,1017.3,0.0,55.76896551724138,1.0137500000000002
2021-07-29,6.0,2.1607142857142856,1014.8,0.0,54.57142857142857,1.0453191489361702
2021-07-30,8.0,3.090909090909091,1013.3,0.0,53.26865671641791,1.3514583333333334
2021-07-31,9.0,4.229508196721311,1014.7,0.0,53.790163934426225,1.1560416666666666
2021-08-01,10.0,4.976190476190476,1016.6,0.0,56.023809523809526,1.2297916666666666
2021-08-02,9.0,3.9038461538461537,1019.0,0.3,54.181132075471695,1.16875
2021-08-03,7.0,2.754385964912281,1017.6,0.0,52.97192982456141,1.315625
2021-08-04,10.0,3.611111111111111,1014.0,0.0,53.733333333333334,1.403125
2021-08-05,8.0,3.4210526315789473,1014.6,0.0,54.95862068965517,1.2954166666666667
2021-08-06,13.0,3.0,1017.2,0.0,58.28333333333333,1.2060416666666667
2021-08-07,14.0,3.8360655737704916,1014.0,0.0,59.281967213114754,1.4779166666666665
2021-08-08,14.0,5.605633802816901,1014.0,0.0,58.486111111111114,1.7065957446808513
2021-08-09,8.0,3.185185185185185,1012.5,0.0,56.148148148148145,2.7885416666666667
2021-08-10,8.0,3.78125,1012.6,0.0,55.85625,2.551041666666667
2021-08-11,7.0,2.392857142857143,1014.1,0.0,54.964285714285715,1.6639583333333334
2021-08-12,6.0,1.25,1015.4,0.0,52.596428571428575,1.3379166666666666
2021-08-13,7.0,1.9107142857142858,1015.6,0.0,54.68928571428571,1.5920833333333333
2021-08-14,8.0,2.6027397260273974,1019.3,0.0,55.550684931506844,1.1716666666666666
2021-08-15,15.0,2.8641975308641974,1017.7,0.0,57.24938271604938,1.001063829787234
2021-08-16,13.0,4.7894736842105265,1014.4,0.3,59.14736842105263,0.9714893617021276
2021-08-17,23.0,3.8275862068965516,1013.4,0.0,58.755932203389825,1.4714583333333333
2021-08-18,22.0,7.428571428571429,1013.8,0.0,59.5,3.2119999999999997
2021-08-19,18.0,4.2,1014.2,0.0,57.45161290322581,3.234255319148936
2021-08-20,18.0,4.9393939393939394,1011.4,0.0,57.09090909090909,3.1170833333333334
2021-08-21,17.0,4.973684210526316,1010.2,0.0,55.23076923076923,2.362978723404255
2021-08-22,11.0,3.870967741935484,1010.4,0.0,54.89032258064516,1.9325531914893617
2021-08-23,8.0,4.413793103448276,1011.3,0.0,52.51724137931034,2.0872340425531912
2021-08-24,6.0,3.736842105263158,1012.4,0.0,52.12820512820513,2.390625
2021-08-25,15.0,5.942857142857143,1015.7,0.0,54.97142857142857,1.3018750000000001
2021-08-26,16.0,6.055555555555555,1018.3,0.3,58.58888888888888,0.7891666666666667
2021-08-27,15.0,3.6481481481481484,1012.4,0.0,56.489285714285714,1.7158333333333333
2021-08-28,12.0,3.9583333333333335,1009.4,0.0,55.458333333333336,3.1020833333333333
2021-08-29,10.0,3.026315789473684,1009.7,0.0,53.97435897435897,2.865625
2021-08-30,11.0,4.702702702702703,1012.2,0.0,54.83783783783784,2.2125
2021-08-31,17.0,5.2,1009.9,0.0,54.275862068965516,2.0627083333333336
2021-09-01,13.0,4.066666666666666,1008.3,0.0,52.270967741935486,2.702083333333333
2021-09-02,7.0,3.3448275862068964,1011.6,0.0,50.93103448275862,2.475
2021-09-03,6.0,2.4583333333333335,1015.1,0.0,51.06666666666666,1.8384782608695651
2021-09-04,6.0,1.8771929824561404,1015.5,0.0,50.526315789473685,1.0766666666666667
2021-09-05,7.0,2.185185185185185,1015.9,0.0,51.96296296296296,0.8762500000000001
2021-09-06,7.0,1.52,1015.1,0.0,51.95789473684211,2.135625
2021-09-07,15.0,3.5283018867924527,1015.1,0.0,53.39272727272727,1.8560416666666668
2021-09-08,10.0,3.1728395061728394,1015.8,0.0,53.745679012345676,1.07875
2021-09-09,7.0,2.67032967032967,1013.9,0.5,53.389010989010984,1.0389583333333332
2021-09-10,9.0,2.838235294117647,1013.5,0.8,57.699999999999996,1.085
2021-09-11,9.0,3.641025641025641,1019.1,0.0,55.61538461538461,0.9904166666666666
2021-09-12,10.0,3.8444444444444446,1017.5,0.0,54.09130434782608,2.046875
2021-09-13,6.0,3.411764705882353,1015.7,0.0,54.3235294117647,2.6133333333333333
2021-09-14,8.0,2.8518518518518516,1013.7,0.0,53.48148148148148,2.3779166666666667
2021-09-15,10.0,3.75,1014.0,0.0,53.666666666666664,1.90125
2021-09-16,9.0,4.538461538461538,1012.4,0.0,52.03703703703704,2.7466666666666666
2021-09-17,9.0,2.9642857142857144,1013.2,0.0,52.642857142857146,1.8583333333333334
2021-09-18,14.0,6.190476190476191,1011.8,19.8,58.8984126984127,1.10375
2021-09-19,12.0,4.957446808510638,1015.5,1.5,58.744680851063826,2.1350000000000002
2021-09-20,19.0,5.875,1016.2,0.0,56.791666666666664,2.915434782608696
2021-09-21,8.0,3.260869565217391,1015.3,0.0,62.541666666666664,2.5410416666666666
2021-09-22,12.0,4.65625,1018.2,0.0,57.9125,1.7779166666666668
2021-09-23,11.0,2.4,1013.4,0.0,54.30434782608695,2.3070833333333334
2021-09-24,7.0,3.0833333333333335,1011.3,0.0,58.041666666666664,2.2433333333333336
2021-09-25,8.0,2.9310344827586206,1012.7,0.0,53.68135593220339,1.5945833333333332
2021-09-26,8.0,3.75,1014.9,0.0,57.857142857142854,1.5356249999999998
2021-09-27,18.0,5.6461538461538465,1014.4,8.9,59.015151515151516,1.6185416666666665
2021-09-28,14.0,4.32,1017.7,0.0,53.356,4.039791666666667
2021-09-29,14.0,4.0,1020.2,0.0,50.19,3.143333333333333
2021-09-30,16.0,5.291666666666667,1019.2,0.0,54.25,1.9602083333333333
2021-10-01,14.0,3.7432432432432434,1018.5,0.0,56.857894736842105,2.9564583333333334
2021-10-02,8.0,2.2933333333333334,1018.5,0.0,52.154666666666664,2.950625
2021-10-03,6.0,3.1639344262295084,1015.1,0.0,52.85901639344262,2.6770833333333335
2021-10-04,8.0,3.537313432835821,1013.4,0.0,51.89253731343284,2.766666666666667
2021-10-05,14.0,3.710843373493976,1013.6,1.3,51.69638554216868,2.3972916666666664
2021-10-06,16.0,5.870967741935484,1017.2,0.0,51.806451612903224,2.3435416666666664
2021-10-07,11.0,4.620689655172414,1016.4,0.0,49.193103448275856,2.7135416666666665
2021-10-08,10.0,4.277777777777778,1017.0,0.3,51.34444444444445,1.755
2021-10-09,14.0,4.130434782608695,1019.3,0.0,52.625,1.1722916666666667
2021-10-10,18.0,5.114285714285714,1024.2,0.0,49.02857142857143,1.445
2021-10-11,21.0,10.346153846153847,1022.4,0.0,52.53846153846154,2.8083333333333336
2021-10-12,17.0,5.565217391304348,1020.9,0.0,45.833333333333336,3.43875
2021-10-13,14.0,6.28,1017.9,0.0,51.06666666666667,2.1062499999999997
2021-10-14,13.0,5.153846153846154,1021.1,0.0,48.96296296296296,3.0866666666666664
2021-10-15,10.0,4.125,1021.9,0.0,49.325,3.00125
2021-10-16,7.0,2.642857142857143,1013.8,0.0,50.06896551724138,2.4902083333333334
2021-10-17,19.0,4.609756097560975,1008.6,18.5,49.93658536585366,1.877872340425532
2021-10-18,8.0,3.3333333333333335,1010.2,0.3,50.14909090909091,2.46
2021-10-19,15.0,4.827586206896552,1005.0,10.2,51.03448275862069,2.1547916666666667
2021-10-20,17.0,7.282051282051282,1003.3,6.6,57.2,3.5439583333333338
2021-10-21,20.0,6.9,1009.9,21.3,60.57333333333334,2.9968749999999997
2021-10-22,15.0,5.983606557377049,1010.6,0.3,56.718032786885246,3.859166666666667
2021-10-23,13.0,6.935483870967742,1005.9,4.1,55.987096774193546,3.61125
2021-10-24,22.0,11.64864864864865,992.4,25.7,58.37837837837838,3.0502083333333334
2021-10-25,15.0,7.766666666666667,996.9,4.3,52.7125,6.898125
2021-10-26,11.0,6.45945945945946,1012.1,2.8,54.34054054054054,4.751666666666667
2021-10-27,9.0,4.073170731707317,1020.6,0.0,57.81904761904762,2.9637499999999997
2021-10-28,7.0,1.7241379310344827,1020.6,0.0,55.52413793103448,3.7137499999999997
2021-10-29,7.0,2.1298701298701297,1014.1,0.8,55.366666666666674,2.3447916666666666
2021-10-30,10.0,3.4047619047619047,1012.1,5.1,56.51428571428571,2.0785416666666667
2021-10-31,8.0,2.9047619047619047,1012.7,0.8,55.66046511627907,1.6264583333333331
2021-11-01,12.0,4.7272727272727275,1009.4,24.1,57.06470588235294,2.3975
2021-11-02,6.0,2.1515151515151514,1017.2,0.0,55.87647058823529,2.8125
2021-11-03,17.0,6.037037037037037,1011.3,7.1,58.407407407407405,2.261041666666667
2021-11-04,18.0,10.338983050847459,1010.1,6.4,57.9864406779661,3.695
2021-11-05,11.0,4.935483870967742,1017.5,7.4,53.12903225806452,3.4458333333333333
2021-11-06,7.0,4.6923076923076925,1017.2,6.9,52.11538461538461,2.6195833333333334
2021-11-07,7.0,4.625,1022.3,0.0,48.541666666666664,2.9924999999999997
2021-11-08,7.0,3.7083333333333335,1008.6,3.6,45.083333333333336,2.4187499999999997
2021-11-09,26.0,8.954545454545455,1002.6,5.3,54.13181818181818,2.56
2021-11-10,5.0,2.4242424242424243,1023.8,0.0,54.333333333333336,3.7881249999999995
2021-11-11,5.0,1.625,1025.3,0.0,56.96734693877551,2.1402083333333333
2021-11-12,8.0,1.2830188679245282,1025.6,0.0,56.2962962962963,1.33875
2021-11-13,7.0,1.7407407407407407,1023.7,0.0,53.355555555555554,2.09125
2021-11-14,6.0,1.7222222222222223,1022.5,0.0,50.629629629629626,1.905625
2021-11-15,6.0,2.888888888888889,1018.8,8.4,52.900000000000006,1.5287499999999998
2021-11-16,13.0,6.767857142857143,1020.5,0.0,51.67272727272727,2.8491666666666666
2021-11-17,6.0,3.5,1017.2,0.0,46.083333333333336,2.93125
2021-11-18,11.0,3.5483870967741935,1015.0,0.8,49.25806451612903,1.5581250000000002
2021-11-19,13.0,7.421052631578948,1014.3,1.3,54.215789473684204,2.5
2021-11-20,9.0,2.4285714285714284,1023.4,0.0,47.67142857142857,2.7739583333333333
2021-11-21,8.0,2.8333333333333335,1023.3,0.0,48.333333333333336,1.9783333333333333
2021-11-22,10.0,3.4583333333333335,1019.4,0.0,46.583333333333336,0.9641666666666667
2021-11-23,17.0,4.027027027027027,1017.9,0.5,48.567567567567565,1.5170833333333331
2021-11-24,10.0,3.1923076923076925,1023.9,0.0,45.5,2.528958333333333
2021-11-25,6.0,2.96,1026.4,0.0,45.16,1.8810416666666667
2021-11-26,6.0,3.242424242424242,1024.1,0.0,49.42424242424242,2.3372916666666668
2021-11-27,9.0,2.641509433962264,1022.3,0.0,52.51698113207547,2.6439583333333334
2021-11-28,6.0,1.89010989010989,1022.6,0.5,50.72608695652174,1.8891666666666669
2021-11-29,5.0,0.8095238095238095,1024.5,0.3,50.476190476190474,1.7474999999999998
2021-11-30,7.0,3.875,1023.5,0.0,52.2,2.0083333333333333
2021-12-01,6.0,2.04,1019.9,0.0,49.4,2.4385416666666666
2021-12-02,5.0,1.7352941176470589,1020.0,0.0,49.17941176470588,3.1002083333333332
2021-12-03,5.0,1.7976190476190477,1019.5,0.8,46.93095238095238,2.983333333333333
2021-12-04,5.0,2.8,1019.6,0.3,48.51555555555555,2.602708333333333
2021-12-05,8.0,2.0232558139534884,1027.4,0.0,46.72558139534884,1.5410416666666666
2021-12-06,7.0,2.5294117647058822,1018.8,8.9,48.1764705882353,1.453125
2021-12-07,6.0,2.5,1015.1,0.5,48.71666666666667,1.050625
2021-12-08,12.0,3.8970588235294117,1016.6,1.3,50.294117647058826,1.4875
2021-12-09,14.0,5.448275862068965,1017.3,0.0,46.81333333333334,2.627291666666667
2021-12-10,8.0,3.1666666666666665,1021.7,0.0,40.666666666666664,3.12375
2021-12-11,16.0,7.958333333333333,1014.0,14.2,45.833333333333336,2.4695833333333335
2021-12-12,18.0,9.513513513513514,1009.0,12.4,48.70810810810811,4.209583333333334
2021-12-13,18.0,9.415094339622641,999.3,22.6,46.93962264150944,5.1570833333333335
2021-12-14,11.0,5.516129032258065,1002.8,0.8,41.5625,4.593541666666667
2021-12-15,19.0,11.0,1009.8,13.7,42.8258064516129,3.823541666666667
2021-12-16,10.0,5.9361702127659575,1010.5,2.8,46.838297872340426,4.274791666666666
2021-12-17,6.0,3.3636363636363638,1022.3,0.0,41.67272727272727,3.19
2021-12-18,6.0,2.8461538461538463,1021.1,2.3,41.46153846153846,1.561875
2021-12-19,11.0,3.2916666666666665,1012.8,0.0,49.125,1.8902083333333335
2021-12-20,13.0,9.347826086956522,1013.1,0.0,54.958333333333336,2.519791666666667
2021-12-21,14.0,8.08,1014.4,7.4,53.488,2.198958333333333
2021-12-22,15.0,4.8076923076923075,1008.4,21.1,51.111111111111114,1.9079166666666667
2021-12-23,12.0,4.365384615384615,1004.2,11.9,51.43846153846154,2.0100000000000002
2021-12-24,24.0,8.783783783783784,1005.2,6.6,44.65945945945946,3.317083333333333
2021-12-25,17.0,6.7727272727272725,1006.0,13.7,44.086363636363636,4.701041666666667
2021-12-26,23.0,8.436363636363636,1005.9,24.4,39.78928571428571,4.798333333333333
2021-12-27,15.0,7.2444444444444445,1010.9,4.1,41.57333333333333,4.338541666666667
2021-12-28,13.0,6.9655172413793105,1008.4,4.1,39.724137931034484,2.453958333333333
2021-12-29,14.0,5.78125,1005.0,5.3,44.21875,2.64
2021-12-30,8.0,3.967741935483871,1011.0,3.3,39.935483870967744,2.89625
2021-12-31,10.0,3.297872340425532,1013.4,1.8,41.8936170212766,2.6575
2022-01-01,5.0,3.25,1017.2,0.0,36.93333333333333,2.5220833333333332
2022-01-02,21.0,7.041666666666667,1018.4,0.0,39.958333333333336,1.6920833333333334
2022-01-03,23.0,15.894736842105264,1011.7,16.3,51.421052631578945,3.4595833333333332
2022-01-04,17.0,8.161290322580646,1013.6,15.0,49.34193548387096,5.1902083333333335
2022-01-05,11.0,5.76,1023.4,5.6,52.19607843137255,3.549791666666667
2022-01-06,9.0,3.0779220779220777,1015.0,1.5,52.91688311688311,1.8829166666666666
2022-01-07,11.0,5.833333333333333,1008.5,6.9,50.121212121212125,2.0364583333333335
2022-01-08,7.0,2.48,1016.6,0.0,41.34117647058824,2.5727083333333334
2022-01-09,7.0,2.269230769230769,1021.8,0.0,43.38461538461539,1.7681250000000002
2022-01-10,6.0,2.739130434782609,1024.0,0.0,50.083333333333336,1.6022916666666667
2022-01-11,6.0,3.0714285714285716,1028.2,0.0,50.699999999999996,2.4270833333333335
2022-01-12,10.0,2.4864864864864864,1022.0,0.0,48.37435897435897,3.0285106382978726
2022-01-13,8.0,3.685185185185185,1020.9,1.8,51.3,2.933478260869565
2022-01-14,6.0,2.7666666666666666,1023.3,0.0,44.15333333333333,3.2641666666666667
2022-01-15,7.0,2.6206896551724137,1022.2,0.0,43.96551724137931,2.7091666666666665
2022-01-16,5.0,2.888888888888889,1019.0,0.0,44.851851851851855,2.580208333333333
2022-01-17,8.0,1.7865168539325842,1018.2,0.0,41.39777777777778,1.6608333333333334
2022-01-18,7.0,2.311111111111111,1019.5,0.0,44.76888888888889,1.5983333333333334
2022-01-19,7.0,2.2439024390243905,1023.3,0.0,46.482926829268294,1.4235416666666667
2022-01-20,14.0,3.2045454545454546,1027.5,0.0,45.804545454545455,1.20125
2022-01-21,10.0,2.902439024390244,1026.6,0.0,47.13953488372093,2.370416666666667
2022-01-22,9.0,4.875,1019.6,0.0,54.0,2.0452083333333335
2022-01-23,8.0,4.625,1019.5,0.0,57.791666666666664,1.4472340425531913
2022-01-24,7.0,3.5,1021.8,0.0,45.791666666666664,2.1925531914893615
2022-01-25,6.0,2.3469387755102042,1017.9,0.0,44.02857142857143,2.2285416666666666
2022-01-26,5.0,2.0491803278688523,1018.2,0.0,39.95737704918033,2.4010416666666665
2022-01-27,6.0,2.085714285714286,1022.1,0.0,40.611111111111114,1.7562499999999999
2022-01-28,6.0,2.217391304347826,1023.8,0.0,44.291666666666664,1.2076086956521739
2022-01-29,7.0,3.2083333333333335,1023.0,0.0,44.916666666666664,1.3041666666666667
2022-01-30,7.0,2.8095238095238093,1023.8,0.8,43.63333333333333,1.5372916666666667
2022-01-31,15.0,5.119047619047619,1024.9,0.5,48.076190476190476,2.233541666666667
2022-02-01,20.0,8.192307692307692,1025.2,0.0,43.20769230769231,3.3095833333333338
2022-02-02,17.0,10.458333333333334,1025.4,0.0,46.208333333333336,3.1531249999999997
2022-02-03,14.0,4.5,1028.0,0.0,46.72941176470588,1.7864583333333333
2022-02-04,10.0,3.871794871794872,1028.2,0.0,43.839999999999996,1.5636170212765956
2022-02-05,8.0,3.3513513513513513,1025.1,0.0,44.23243243243243,1.6195833333333332
2022-02-06,6.0,2.925925925925926,1024.6,0.0,44.67857142857143,2.264130434782609
2022-02-07,7.0,1.607843137254902,1025.2,0.0,43.760784313725495,2.221304347826087
2022-02-08,6.0,2.3095238095238093,1026.9,0.0,42.55348837209302,2.330416666666667
2022-02-09,13.0,4.384615384615385,1023.1,0.0,53.148148148148145,2.7566666666666664
2022-02-10,11.0,4.586206896551724,1019.7,0.0,61.16129032258065,2.6329166666666666
2022-02-11,6.0,3.0434782608695654,1018.5,0.0,52.625,2.5378260869565215
2022-02-12,5.0,2.56,1018.4,0.0,50.88461538461539,1.7670212765957447
2022-02-13,6.0,1.2222222222222223,1020.8,0.0,43.42702702702702,1.1366666666666667
2022-02-14,14.0,3.8181818181818183,1020.1,0.3,46.714285714285715,0.978125
2022-02-15,20.0,8.613636363636363,1020.1,0.0,47.23181818181818,2.4604166666666667
2022-02-16,22.0,9.192307692307692,1020.8,0.0,45.57692307692308,3.2416666666666667
2022-02-17,12.0,3.6666666666666665,1025.4,0.0,43.714285714285715,3.1682978723404256
2022-02-18,9.0,5.466666666666667,1025.3,0.0,47.1741935483871,2.467173913043478
2022-02-19,12.0,2.5625,1022.7,0.0,42.928125,2.0058333333333334
2022-02-20,18.0,5.486486486486487,1019.3,0.8,46.08108108108108,2.1352083333333334
2022-02-21,17.0,6.575,1016.2,6.1,42.510000000000005,2.8335416666666666
2022-02-22,15.0,4.891304347826087,1015.7,5.3,39.76086956521739,3.0226086956521736
2022-02-23,16.0,6.5,1015.7,0.0,37.479166666666664,2.725531914893617
2022-02-24,13.0,4.916666666666667,1024.1,0.0,37.67916666666667,1.8879166666666667
2022-02-25,11.0,4.043478260869565,1025.4,0.0,38.6625,1.436875
2022-02-26,9.0,3.652173913043478,1024.4,0.0,42.875,1.7016666666666669
2022-02-27,14.0,5.958333333333333,1025.5,0.5,53.541666666666664,3.514583333333333
2022-02-28,10.0,3.7777777777777777,1023.1,0.0,53.48571428571428,3.08
2022-03-01,9.0,3.1315789473684212,1022.6,0.0,52.357894736842105,3.1661702127659574
2022-03-02,9.0,2.2033898305084745,1018.8,1.3,52.873333333333335,3.1660416666666666
2022-03-03,14.0,6.37037037037037,1016.2,0.3,49.26296296296296,3.2302083333333336
2022-03-04,16.0,7.945945945945946,1016.1,1.0,46.0,3.786875
2022-03-05,17.0,7.260869565217392,1017.5,0.0,42.95652173913044,3.3046808510638295
2022-03-06,15.0,5.642857142857143,1023.9,0.0,42.66428571428571,3.5045652173913044
2022-03-07,14.0,6.291666666666667,1027.1,0.0,45.833333333333336,2.5577083333333333
2022-03-08,14.0,5.380952380952381,1025.1,0.0,44.869565217391305,1.9122916666666665
2022-03-09,16.0,5.958333333333333,1021.6,0.3,44.291666666666664,1.3911363636363636
2022-03-10,12.0,5.456521739130435,1020.7,0.0,46.51304347826087,1.5777083333333335
2022-03-11,6.0,2.4444444444444446,1023.4,0.0,43.2962962962963,1.4216666666666666
2022-03-12,17.0,2.7058823529411766,1017.4,2.0,43.76862745098039,1.6140425531914893
2022-03-13,18.0,7.888888888888889,1016.6,0.0,48.327777777777776,3.49375
2022-03-14,10.0,2.7857142857142856,1020.5,13.5,49.25,3.2225
2022-03-15,12.0,5.23943661971831,1020.0,3.8,52.08450704225352,3.8589583333333333
2022-03-16,17.0,4.888888888888889,1026.0,0.0,44.92444444444444,3.63468085106383
2022-03-17,14.0,5.178571428571429,1023.1,0.0,46.107142857142854,2.434791666666667
2022-03-18,13.0,2.9583333333333335,1018.8,0.0,44.291666666666664,2.0208333333333335
2022-03-19,18.0,7.36,1015.1,14.0,48.316,2.441276595744681
2022-03-20,19.0,8.384615384615385,1021.8,0.0,43.888888888888886,3.170208333333333
2022-03-21,13.0,4.48,1028.6,0.0,45.8,2.597872340425532
2022-03-22,12.0,3.1666666666666665,1022.9,0.0,48.13939393939393,2.1835416666666667
2022-03-23,12.0,4.407407407407407,1023.7,0.3,50.68888888888888,1.82625
2022-03-24,13.0,3.1538461538461537,1020.4,0.0,47.0037037037037,1.9379166666666665
2022-03-25,8.0,2.0517241379310347,1019.4,0.0,47.186206896551724,1.5154999999999998
2022-03-26,7.0,3.269230769230769,1011.4,0.0,48.592592592592595,1.8763829787234043
2022-03-27,12.0,3.7586206896551726,1003.5,0.0,50.689655172413794,1.7341304347826085
2022-03-28,15.0,4.925925925925926,1003.4,1.3,53.44444444444444,2.1289583333333333
2022-03-29,12.0,6.75,1010.3,0.3,50.17192982456141,2.1866666666666665
2022-03-30,18.0,9.181818181818182,1021.3,0.0,50.0,1.4661702127659573
2022-03-31,16.0,7.78125,1019.6,0.0,47.33125,3.267708333333333
2022-04-01,18.0,6.62962962962963,1018.3,0.0,46.925925925925924,2.921875
2022-04-02,18.0,7.2,1020.4,0.0,48.233333333333334,2.1477083333333336
2022-04-03,15.0,5.208333333333333,1020.8,0.0,45.5,2.4325
2022-04-04,11.0,7.571428571428571,1018.0,9.9,49.775510204081634,2.8251063829787233
2022-04-05,17.0,4.555555555555555,1022.5,0.0,47.22666666666666,4.331875
2022-04-06,13.0,4.478260869565218,1023.1,0.0,46.52,3.407608695652174
2022-04-07,8.0,3.1666666666666665,1020.9,0.0,50.208333333333336,1.7058333333333333
2022-04-08,19.0,7.9393939393939394,1021.4,0.0,49.96969696969697,1.8951063829787236
2022-04-09,27.0,13.678571428571429,1025.0,0.0,48.42857142857143,3.479791666666667
2022-04-10,20.0,10.083333333333334,1020.1,5.1,47.291666666666664,2.982083333333333
2022-04-11,25.0,12.948717948717949,1008.1,13.5,46.01025641025641,2.8797916666666663
2022-04-12,22.0,7.121951219512195,1018.2,5.3,43.56585365853659,4.014375
2022-04-13,14.0,8.088235294117647,1017.2,17.8,45.35294117647059,2.908541666666667
2022-04-14,16.0,6.254545454545455,1014.5,6.9,45.72,2.0816666666666666
2022-04-15,13.0,5.0,1016.9,8.9,40.329166666666666,1.3189583333333335
2022-04-16,13.0,4.617647058823529,1011.5,8.1,43.294117647058826,1.043125
2022-04-17,12.0,4.083333333333333,1021.9,0.0,43.791666666666664,1.0558333333333334
2022-04-18,22.0,8.78125,1011.3,23.6,49.25625,1.8010416666666667
2022-04-19,14.0,7.333333333333333,1013.8,1.5,48.91111111111111,2.0839583333333334
2022-04-20,18.0,10.75,1006.5,7.1,52.464285714285715,2.4412499999999997
2022-04-21,28.0,9.805555555555555,1005.5,3.3,49.97222222222222,2.817446808510638
2022-04-22,10.0,4.916666666666667,1011.0,0.8,49.708333333333336,4.162708333333334
2022-04-23,14.0,4.351351351351352,1023.1,0.0,47.71351351351352,3.013333333333333
2022-04-24,14.0,4.617647058823529,1023.2,0.0,48.19411764705882,2.0977083333333333
2022-04-25,16.0,6.375,1020.4,0.0,50.325,2.9010638297872338
2022-04-26,18.0,7.88,1020.0,0.0,48.34615384615385,2.363125
2022-04-27,18.0,8.454545454545455,1019.1,0.0,49.088235294117645,2.083125
2022-04-28,11.0,3.757575757575758,1018.6,0.3,46.90909090909091,1.6157446808510638
2022-04-29,7.0,3.5833333333333335,1023.0,0.0,47.625,1.1204166666666666
2022-04-30,13.0,4.46,1018.6,4.1,52.428000000000004,1.03875
2022-05-01,16.0,5.2,1017.3,0.0,49.16,2.3638297872340424
2022-05-02,16.0,6.232558139534884,1016.3,3.3,49.15813953488372,2.0175
2022-05-03,18.0,8.692307692307692,1020.7,0.0,49.03846153846154,3.191875
2022-05-04,16.0,4.260869565217392,1016.8,0.0,48.54347826086956,2.4143478260869564
2022-05-05,14.0,5.0,1014.3,6.4,51.45652173913044,2.639375
2022-05-06,19.0,8.064516129032258,1014.2,2.3,56.02258064516129,3.033125
2022-05-07,16.0,8.765625,1015.4,1.0,51.634375,2.9985416666666667
2022-05-08,13.0,6.7368421052631575,1013.9,11.7,45.794736842105266,3.254583333333333
2022-05-09,12.0,4.666666666666667,1013.4,2.3,44.738461538461536,3.653958333333333
2022-05-10,16.0,5.769230769230769,1019.1,0.0,44.11538461538461,1.8883333333333334
2022-05-11,15.0,4.75,1025.3,0.0,49.21875,1.6458333333333333
2022-05-12,11.0,5.5,1026.4,0.3,50.51538461538462,1.309375
2022-05-13,11.0,6.574468085106383,1024.4,4.1,54.42553191489362,1.9129166666666666
2022-05-14,8.0,4.63768115942029,1022.5,0.0,54.60579710144928,1.3452083333333331
2022-05-15,9.0,2.6338028169014085,1016.0,0.5,54.70422535211268,1.2427083333333333
2022-05-16,17.0,8.021739130434783,1019.0,0.8,54.95652173913044,1.4191489361702128
2022-05-17,22.0,6.9,1022.3,0.0,51.56666666666667,1.9648936170212765
2022-05-18,15.0,6.321428571428571,1024.2,0.0,52.035714285714285,1.5687499999999999
2022-05-19,23.0,11.266666666666667,1023.6,0.0,53.586666666666666,1.81125
2022-05-20,19.0,11.541666666666666,1017.2,0.0,51.416666666666664,3.182978723404255
2022-05-21,18.0,5.606060606060606,1016.9,0.0,48.45454545454545,2.8347916666666664
2022-05-22,16.0,6.828571428571428,1020.1,0.0,50.82285714285714,2.0116666666666667
2022-05-23,17.0,6.0,1020.8,0.0,49.9,1.1220833333333333
2022-05-24,15.0,5.0,1016.9,0.0,50.372,1.5893750000000002
2022-05-25,11.0,4.75,1013.6,0.0,50.66875,0.9425531914893617
2022-05-26,9.0,2.8636363636363638,1010.7,0.0,52.303030303030305,0.9539583333333334
2022-05-27,10.0,3.1639344262295084,1013.6,0.0,51.43606557377049,0.7741666666666666
2022-05-28,17.0,5.257575757575758,1012.5,2.0,53.5,1.111063829787234
2022-05-29,18.0,5.125,1016.6,0.0,51.85,2.565
2022-05-30,17.0,8.75,1020.0,0.0,50.885714285714286,2.332708333333333
2022-05-31,16.0,5.03125,1017.8,0.0,51.0,1.9139583333333334
2022-06-01,14.0,4.7105263157894735,1017.2,0.0,52.46842105263158,1.1870212765957446
2022-06-02,8.0,2.8275862068965516,1013.8,0.0,53.317241379310346,0.9364583333333334
2022-06-03,6.0,2.453125,1012.1,3.3,55.209375,1.743125
2022-06-04,15.0,5.310344827586207,1009.9,17.8,57.36551724137931,1.5445833333333334
2022-06-05,12.0,5.909090909090909,1008.0,4.3,58.86363636363637,1.7797916666666669
2022-06-06,16.0,5.172413793103448,1015.9,0.3,56.03103448275862,1.4124999999999999
2022-06-07,13.0,4.944444444444445,1014.9,1.3,53.111111111111114,1.3445833333333335
2022-06-08,16.0,6.793103448275862,1016.7,0.0,57.13793103448276,0.9439583333333333
2022-06-09,14.0,4.088235294117647,1016.8,0.0,55.11176470588235,1.5745833333333332
2022-06-10,6.0,2.806451612903226,1016.4,0.0,63.47741935483871,1.796875
2022-06-11,9.0,3.546875,1015.9,1.8,62.79375,1.42
2022-06-12,16.0,6.493827160493828,1010.2,8.9,57.99259259259259,1.2414583333333333
2022-06-13,17.0,9.27027027027027,1017.5,0.0,55.58918918918919,1.7117021276595745
2022-06-14,18.0,8.518518518518519,1021.1,0.0,54.407407407407405,1.7414583333333333
2022-06-15,15.0,4.933333333333334,1016.6,0.0,53.6,1.5414583333333332
2022-06-16,9.0,2.888888888888889,1014.3,1.3,54.83888888888889,0.7956249999999999
2022-06-17,11.0,4.310344827586207,1010.8,0.0,52.69655172413793,1.576875
2022-06-18,15.0,6.1923076923076925,1014.4,0.0,52.69230769230769,1.5493750000000002
2022-06-19,18.0,8.266666666666667,1020.0,0.0,55.7,1.3191666666666666
2022-06-20,16.0,6.75,1019.3,0.0,57.4375,1.715625
2022-06-21,16.0,4.2,1015.4,0.0,56.68,3.0039583333333333
2022-06-22,11.0,4.208333333333333,1014.7,0.0,57.791666666666664,2.9740909090909096
2022-06-23,9.0,4.276595744680851,1014.4,0.0,54.14468085106383,3.11
2022-06-24,9.0,3.8684210526315788,1014.2,0.0,52.95263157894737,2.684791666666667
2022-06-25,7.0,3.4583333333333335,1011.6,0.0,56.166666666666664,1.87375
2022-06-26,8.0,2.6619718309859155,1014.1,0.0,54.02535211267606,1.1308333333333334
2022-06-27,7.0,3.1,1017.4,0.0,54.39333333333333,0.7620833333333333
2022-06-28,17.0,5.363636363636363,1020.5,0.0,56.84848484848485,0.5997916666666666
2022-06-29,14.0,6.6,1019.8,0.0,56.51428571428571,1.343125
2022-06-30,13.0,6.205128205128205,1018.5,0.0,55.297435897435896,2.104791666666667
2022-07-01,11.0,3.8852459016393444,1018.4,0.3,55.193442622950826,1.6918749999999998
2022-07-02,9.0,3.7796610169491527,1015.3,1.5,55.50847457627118,1.4233333333333331
2022-07-03,7.0,1.9344262295081966,1015.9,2.8,55.02295081967213,0.8964583333333334
2022-07-04,10.0,3.3137254901960786,1013.4,5.3,58.67843137254902,0.5854166666666667
2022-07-05,7.0,3.0533333333333332,1013.1,8.9,59.906666666666666,0.9391666666666666
2022-07-06,7.0,2.3333333333333335,1014.9,0.0,59.084848484848486,1.1472916666666666
2022-07-07,10.0,4.428571428571429,1016.8,0.0,58.4,1.07875
2022-07-08,8.0,3.5961538461538463,1019.1,0.0,55.90384615384615,0.7556250000000001
2022-07-09,15.0,4.1395348837209305,1019.7,0.0,58.04186046511629,0.7047916666666666
2022-07-10,17.0,5.137931034482759,1020.5,0.0,59.241379310344826,0.8829166666666667
2022-07-11,7.0,3.0833333333333335,1011.6,0.0,60.666666666666664,1.6358333333333333
2022-07-12,10.0,5.390243902439025,1011.1,0.0,58.0,2.0677083333333335
2022-07-13,12.0,5.7727272727272725,1013.1,0.0,56.559090909090905,2.274375
2022-07-14,10.0,5.2592592592592595,1017.5,0.0,55.911111111111104,1.4304166666666667
2022-07-15,18.0,6.138888888888889,1019.2,0.0,55.83888888888889,0.9329166666666667
2022-07-16,16.0,5.853658536585366,1017.6,0.3,58.15609756097561,1.2089583333333334
2022-07-17,15.0,4.387755102040816,1014.5,0.0,56.432653061224485,1.8029166666666665
2022-07-18,10.0,3.875,1013.9,0.0,54.6875,2.0902083333333334
2022-07-19,7.0,3.549019607843137,1015.7,0.0,53.79607843137255,1.78625
2022-07-20,7.0,2.543859649122807,1018.1,0.0,54.279310344827586,0.9960416666666667
2022-07-21,13.0,4.388059701492537,1018.9,0.3,54.84179104477612,0.9991304347826088
2022-07-22,15.0,4.15,1018.0,0.0,57.485,1.0408333333333333
2022-07-23,10.0,3.7906976744186047,1015.2,0.0,55.96279069767442,2.1039583333333334
2022-07-24,7.0,3.739130434782609,1013.2,0.0,54.83043478260869,2.749375
2022-07-25,8.0,4.375,1011.4,0.0,53.40714285714286,2.3046808510638295
2022-07-26,7.0,1.9508196721311475,1012.4,0.0,52.84590163934426,1.4952083333333333
2022-07-27,7.0,1.7166666666666666,1015.4,0.0,54.513333333333335,1.2566666666666666
2022-07-28,9.0,3.098360655737705,1014.4,0.0,56.114754098360656,1.1608333333333334
2022-07-29,8.0,3.6122448979591835,1012.7,0.0,58.29387755102041,1.2379166666666668
2022-07-30,8.0,3.2127659574468086,1012.8,0.0,58.242553191489364,1.1558333333333333
2022-07-31,7.0,3.1842105263157894,1014.2,0.0,59.473684210526315,0.7864583333333334
2022-08-01,6.0,3.15,1015.7,0.0,58.815,0.9279166666666666
2022-08-02,9.0,4.216216216216216,1016.8,0.0,59.567567567567565,0.7872916666666666
2022-08-03,14.0,2.5555555555555554,1015.6,0.0,57.21388888888888,1.0206250000000001
2022-08-04,13.0,3.1923076923076925,1012.1,0.0,56.534615384615385,1.1175
2022-08-05,8.0,4.416666666666667,1011.8,0.0,57.729729729729726,2.0389583333333334
2022-08-06,7.0,3.1627906976744184,1015.1,0.0,60.1906976744186,1.563125
2022-08-07,7.0,2.5319148936170213,1015.8,0.3,59.46808510638298,1.1904166666666667
2022-08-08,10.0,2.1875,1016.8,0.0,62.2375,0.9191666666666666
2022-08-09,11.0,2.6857142857142855,1015.5,0.0,58.885714285714286,1.1216666666666668
2022-08-10,8.0,3.0416666666666665,1016.4,0.0,60.416666666666664,1.159375
2022-08-11,11.0,3.7857142857142856,1018.9,0.0,59.976190476190474,0.8625531914893617
2022-08-12,14.0,4.875,1018.9,0.0,60.43125,0.8485416666666666
2022-08-13,18.0,5.777777777777778,1020.1,0.0,59.0,0.7891666666666667
2022-08-14,14.0,6.064516129032258,1019.4,0.0,59.83870967741935,1.2064583333333334
2022-08-15,10.0,4.0,1016.3,0.0,59.23428571428571,1.4364583333333334
2022-08-16,11.0,4.147058823529412,1012.0,0.0,58.64705882352941,1.8258333333333334
2022-08-17,8.0,2.4878048780487805,1010.9,0.0,56.86829268292683,1.8927083333333332
2022-08-18,11.0,4.703125,1013.4,0.0,57.3125,1.2422916666666666
2022-08-19,17.0,4.298245614035087,1014.9,0.0,57.42456140350877,1.1204166666666666
2022-08-20,15.0,4.344262295081967,1013.2,0.0,58.46557377049181,1.3975
2022-08-21,8.0,3.793103448275862,1013.5,0.0,57.46206896551725,1.33375
2022-08-22,14.0,3.3137254901960786,1018.4,0.0,57.27058823529412,0.9108333333333333
2022-08-23,13.0,4.921052631578948,1013.6,0.5,60.93421052631579,1.1114583333333334
2022-08-24,8.0,4.108695652173913,1010.9,0.0,58.39565217391304,2.0187500000000003
2022-08-25,8.0,4.157894736842105,1013.3,0.5,60.5,1.5710416666666667
2022-08-26,10.0,4.0256410256410255,1015.3,0.3,59.26153846153846,2.1037500000000002
2022-08-27,9.0,3.4878048780487805,1011.5,0.8,58.697560975609754,1.9916666666666665
2022-08-28,8.0,4.32258064516129,1009.7,0.0,57.54838709677419,2.6995833333333334
2022-08-29,8.0,4.127272727272727,1010.4,0.0,54.374545454545455,1.8233333333333333
2022-08-30,6.0,1.75,1014.2,0.0,55.74166666666667,0.9352083333333333
2022-08-31,8.0,2.1052631578947367,1015.8,0.5,56.32631578947369,1.0352083333333333
2022-09-01,12.0,3.2857142857142856,1013.5,0.0,55.209523809523816,1.1785416666666666
2022-09-02,9.0,4.153846153846154,1012.7,0.5,58.251282051282054,1.46125
2022-09-03,16.0,7.285714285714286,1015.5,0.0,60.27755102040816,1.3052083333333333
2022-09-04,15.0,2.7777777777777777,1016.7,0.0,55.114814814814814,1.0804166666666666
2022-09-05,14.0,2.8703703703703702,1012.3,0.5,58.696296296296296,1.5560416666666665
2022-09-06,7.0,3.2916666666666665,1010.4,0.0,57.916666666666664,2.198125
2022-09-07,7.0,3.4583333333333335,1011.8,0.0,58.75,2.1872916666666664
2022-09-08,6.0,2.5483870967741935,1009.8,0.0,57.29032258064516,2.905416666666667
2022-09-09,7.0,2.769230769230769,1000.0,0.0,58.41538461538461,3.36125
2022-09-10,9.0,4.0,1000.0,0.0,57.63225806451613,2.0329166666666665
2022-09-11,8.0,3.5,1013.0,0.0,60.586666666666666,1.0858333333333332
2022-09-12,10.0,2.878787878787879,1015.7,0.0,57.21515151515151,0.8991666666666666
2022-09-13,9.0,2.152941176470588,1013.1,0.0,52.244705882352946,0.8183333333333334
2022-09-14,7.0,2.382978723404255,1012.7,0.0,53.20869565217391,0.9249999999999999
2022-09-15,8.0,3.4375,1015.7,0.0,56.07916666666667,0.9029166666666666
2022-09-16,13.0,3.085714285714286,1017.4,0.0,55.65142857142857,1.065625
2022-09-17,11.0,4.222222222222222,1007.4,0.0,56.18888888888889,1.1335416666666667
2022-09-18,5.0,2.0384615384615383,1002.0,8.9,58.03846153846154,1.0308333333333333
2022-09-19,13.0,5.333333333333333,1002.6,0.0,58.666666666666664,2.1054166666666667
2022-09-20,10.0,3.7857142857142856,1011.1,0.0,59.75,1.85875
2022-09-21,8.0,3.2432432432432434,1014.5,0.0,57.36756756756756,1.3458333333333332
2022-09-22,13.0,3.4827586206896552,1017.2,0.0,57.98620689655172,1.0454166666666667
2022-09-23,13.0,2.7169811320754715,1017.8,0.0,54.89433962264151,1.0447916666666666
2022-09-24,5.0,1.9594594594594594,1016.1,0.0,53.024324324324326,1.3802083333333333
2022-09-25,5.0,1.7804878048780488,1017.1,0.0,53.18048780487805,1.7358333333333331
2022-09-26,5.0,1.819672131147541,1015.5,0.0,54.84590163934426,1.5062499999999999
2022-09-27,6.0,3.0416666666666665,1014.8,0.0,55.54583333333333,1.0610416666666667
2022-09-28,7.0,3.0256410256410255,1016.5,1.0,58.194871794871794,1.075625
2022-09-29,18.0,4.21875,1019.6,0.0,56.00625,2.5497916666666667
2022-09-30,12.0,3.462962962962963,1010.3,0.0,55.111111111111114,2.165
2022-10-01,5.0,2.5609756097560976,1009.0,0.0,53.673170731707316,2.075833333333333
2022-10-02,5.0,2.962962962962963,1011.6,0.0,56.666666666666664,1.2964583333333333
2022-10-03,8.0,2.891891891891892,1016.7,0.0,56.567567567567565,1.155625
2022-10-04,11.0,4.0606060606060606,1018.1,0.0,57.06060606060606,1.156875
2022-10-05,10.0,2.269230769230769,1018.2,0.3,56.823076923076925,1.1514583333333335
2022-10-06,7.0,2.4615384615384617,1017.8,0.3,54.97179487179488,1.5897916666666667
2022-10-07,7.0,2.0625,1018.9,0.5,52.61875,1.4227083333333335
2022-10-08,6.0,1.9589041095890412,1018.0,0.0,50.95342465753424,1.8314583333333332
2022-10-09,6.0,2.138888888888889,1017.9,0.0,52.12777777777777,1.585
2022-10-10,7.0,2.2,1016.6,0.0,51.87428571428571,1.3235416666666666
2022-10-11,6.0,2.4594594594594597,1015.5,0.0,51.862162162162164,2.4254166666666666
2022-10-12,6.0,2.0588235294117645,1015.9,0.0,50.288372093023256,2.298958333333333
2022-10-13,8.0,1.9722222222222223,1016.7,0.0,49.172222222222224,1.5820833333333333
2022-10-14,5.0,1.390625,1009.4,0.0,48.540625,1.20625
2022-10-15,11.0,4.288461538461538,1008.9,0.0,50.55384615384616,1.4514583333333333
2022-10-16,7.0,3.2758620689655173,1012.1,0.0,57.758620689655174,0.9141666666666667
2022-10-17,6.0,3.5384615384615383,1017.5,0.0,57.15384615384615,0.8139583333333333
2022-10-18,7.0,3.048780487804878,1018.6,0.0,55.00975609756098,1.8460416666666666
2022-10-19,7.0,2.164705882352941,1019.6,0.0,50.51294117647059,2.316666666666667
2022-10-20,7.0,2.5,1014.1,0.0,52.04565217391304,2.8395833333333336
2022-10-21,6.0,2.7738095238095237,1013.7,1.8,51.05714285714286,2.7895833333333333
2022-10-22,14.0,4.826086956521739,1011.8,0.3,55.02127659574468,2.0539583333333336
2022-10-23,16.0,5.423076923076923,1014.5,0.0,48.19230769230769,2.63125
2022-10-24,8.0,3.9655172413793105,1022.2,0.0,50.724137931034484,2.1304166666666666
2022-10-25,10.0,1.719626168224299,1022.6,0.3,50.66728971962616,2.7225
2022-10-26,14.0,3.3529411764705883,1021.9,0.3,48.05294117647059,2.81625
2022-10-27,7.0,2.4642857142857144,1018.3,0.0,48.275862068965516,2.603333333333333
2022-10-28,8.0,2.5,1018.2,0.0,49.375,2.5829166666666667
2022-10-29,7.0,3.230769230769231,1023.7,0.0,53.07692307692308,3.65375
2022-10-30,13.0,1.6666666666666667,1021.2,0.0,51.55757575757576,3.110416666666667
2022-10-31,12.0,2.6551724137931036,1012.6,0.0,50.13793103448276,3.8837500000000005
2022-11-01,17.0,7.027777777777778,1006.5,24.1,50.638888888888886,3.9149999999999996
2022-11-02,9.0,4.193548387096774,1012.3,3.8,46.354838709677416,3.7424999999999997
2022-11-03,6.0,3.4583333333333335,1020.6,0.0,42.333333333333336,3.021875
2022-11-04,7.0,3.0,1025.6,1.5,53.12093023255814,1.6279166666666667
2022-11-05,13.0,8.070422535211268,1017.9,17.8,55.36338028169014,2.7725000000000004
2022-11-06,14.0,5.896551724137931,1003.4,18.5,47.241379310344826,3.486875
2022-11-07,24.0,8.578947368421053,1003.4,7.4,46.73684210526316,4.644583333333333
2022-11-08,13.0,5.0,1001.6,5.3,45.34615384615385,3.9960416666666667
2022-11-09,7.0,3.8181818181818183,1003.4,0.0,45.39393939393939,3.0085416666666664
2022-11-10,10.0,3.076923076923077,1023.8,0.0,41.88461538461539,1.695
2022-11-11,9.0,4.176470588235294,1019.2,6.1,46.182352941176475,0.791875
2022-11-12,9.0,3.4583333333333335,1019.8,6.6,45.9125,2.0470833333333336
2022-11-13,9.0,3.52,1021.2,0.0,44.84,2.3195833333333336
2022-11-14,6.0,3.413793103448276,1020.9,0.0,44.724137931034484,2.874791666666667
2022-11-15,6.0,3.2962962962962963,1022.4,0.0,42.851851851851855,1.8664583333333333
2022-11-16,5.0,2.6666666666666665,1026.3,0.0,44.458333333333336,1.1839583333333332
2022-11-17,6.0,2.606060606060606,1026.0,0.0,41.96969696969697,1.4485416666666666
2022-11-18,6.0,2.9642857142857144,1020.5,0.0,42.57142857142857,1.4508333333333334
2022-11-19,7.0,3.6923076923076925,1020.0,0.0,46.24615384615385,1.089375
2022-11-20,6.0,3.0434782608695654,1022.6,0.0,43.65217391304348,1.1225
2022-11-21,7.0,2.3636363636363638,1023.9,0.0,44.09090909090909,1.00375
2022-11-22,7.0,2.4642857142857144,1022.9,1.8,47.035714285714285,1.2754166666666666
2022-11-23,9.0,1.4875,1023.3,0.5,48.027499999999996,1.9233333333333331
2022-11-24,5.0,1.6785714285714286,1021.9,0.0,47.278571428571425,1.7545833333333334
2022-11-25,7.0,2.6,1022.4,0.0,49.04,3.012708333333333
2022-11-26,10.0,3.577777777777778,1023.2,0.0,48.61333333333333,3.2252083333333332
2022-11-27,10.0,2.8333333333333335,1022.4,4.3,43.404761904761905,3.1620833333333334
2022-11-28,14.0,3.625,1017.5,2.8,48.62083333333334,2.6235416666666667
2022-11-29,6.0,3.0,1017.6,0.0,39.449999999999996,3.155208333333333
2022-11-30,19.0,7.260869565217392,1008.1,35.6,47.08695652173913,2.201041666666667
2022-12-01,17.0,5.185185185185185,1006.8,10.7,45.7490909090909,3.7256250000000004
2022-12-02,9.0,5.357142857142857,1014.5,0.0,40.114285714285714,3.4891666666666663
2022-12-03,14.0,7.25,1010.6,7.4,42.487500000000004,2.3047916666666666
2022-12-04,12.0,5.818181818181818,1010.9,34.3,47.21212121212121,2.7291666666666665
2022-12-05,12.0,6.65,1012.9,3.3,47.93,1.8245833333333332
2022-12-06,7.0,3.9615384615384617,1015.7,0.0,43.65384615384615,1.1720833333333334
2022-12-07,5.0,2.9583333333333335,1020.6,0.0,41.125,1.1185416666666665
2022-12-08,16.0,9.633333333333333,1019.0,15.5,48.233333333333334,1.7245833333333334
2022-12-09,15.0,8.192307692307692,1013.1,9.7,43.42307692307692,2.999791666666667
2022-12-10,21.0,12.075,1000.7,34.3,48.839999999999996,4.13875
2022-12-11,7.0,4.1,1001.5,0.3,44.010000000000005,4.638333333333333
2022-12-12,13.0,4.833333333333333,1010.1,0.0,40.093333333333334,4.074375
2022-12-13,7.0,3.923076923076923,1017.8,0.0,38.246153846153845,2.410625
2022-12-14,6.0,3.0833333333333335,1022.2,0.0,38.916666666666664,1.7564583333333335
2022-12-15,6.0,2.7083333333333335,1022.0,0.0,38.77916666666667,1.8252083333333333
2022-12-16,7.0,3.6666666666666665,1021.7,0.0,39.333333333333336,1.6175
2022-12-17,6.0,3.4193548387096775,1019.5,0.0,39.599999999999994,1.125
2022-12-18,10.0,3.84,1018.2,0.0,37.86,0.9339583333333333
2022-12-19,5.0,2.9655172413793105,1020.3,0.0,40.13793103448276,0.9614583333333333
2022-12-20,8.0,4.357142857142857,1023.9,1.0,46.32857142857143,1.0854166666666667
2022-12-21,5.0,1.075,1023.9,0.3,52.239999999999995,1.1222916666666667
2022-12-22,5.0,2.2131147540983607,1019.7,1.0,52.008,1.236875
2022-12-23,8.0,2.3421052631578947,1016.8,0.0,55.22631578947368,2.107291666666667
2022-12-24,10.0,3.0508474576271185,1023.0,0.5,52.59322033898305,2.4562500000000003
2022-12-25,10.0,2.6091954022988504,1022.3,0.3,54.73882352941177,2.3516666666666666
2022-12-26,13.0,5.056603773584905,1009.2,48.5,56.74339622641509,3.2027083333333333
2022-12-27,27.0,14.120689655172415,999.6,8.4,55.84827586206896,5.367083333333333
2022-12-28,9.0,4.520833333333333,1011.4,0.3,48.1625,5.204791666666667
2022-12-29,12.0,5.84375,1006.9,9.7,50.90625,2.7739583333333333
2022-12-30,21.0,8.328358208955224,1002.7,31.2,55.71641791044776,2.236458333333333
2022-12-31,15.0,7.076923076923077,1006.0,0.5,53.05846153846154,3.310833333333333
2023-01-01,10.0,5.24,1011.5,0.0,45.56,3.2910416666666666
2023-01-02,16.0,7.038461538461538,1007.0,5.6,44.11538461538461,2.4614893617021276
2023-01-03,12.0,4.964285714285714,1010.0,0.0,46.42857142857143,3.742926829268293
2023-01-04,29.0,12.333333333333334,993.0,27.4,55.25,3.1879166666666667
2023-01-05,19.0,11.25,992.0,18.3,52.785000000000004,5.1518749999999995
2023-01-06,17.0,11.458333333333334,1012.7,2.5,52.833333333333336,4.694583333333333
2023-01-07,21.0,13.045454545454545,1004.4,23.1,53.625,4.3445833333333335
2023-01-08,26.0,12.823529411764707,1000.4,11.9,51.4,3.2827083333333333
2023-01-09,20.0,12.392857142857142,995.1,2.0,55.107142857142854,3.7377083333333334
2023-01-10,24.0,11.028571428571428,994.3,17.8,49.8,3.8020833333333335
2023-01-11,22.0,13.344827586206897,1006.4,1.8,52.13793103448276,3.9812499999999997
2023-01-12,19.0,12.541666666666666,1009.8,8.1,61.041666666666664,3.769375
2023-01-13,19.0,9.423076923076923,1008.8,23.6,56.07692307692308,5.387708333333333
2023-01-14,27.0,13.0625,995.2,27.7,52.45416666666667,4.306041666666666
2023-01-15,14.0,7.790697674418604,1000.2,6.1,48.76744186046512,4.859791666666667
2023-01-16,12.0,3.6774193548387095,1004.0,0.0,43.354838709677416,3.7085416666666666
2023-01-17,6.0,2.56,1011.2,0.0,42.36,3.9168749999999997
2023-01-18,12.0,6.4324324324324325,1016.9,21.1,45.924324324324324,2.98625
2023-01-19,14.0,4.964285714285714,1018.8,0.0,41.17142857142857,3.1429166666666664
2023-01-20,9.0,4.541666666666667,1027.1,0.0,41.125,2.625
2023-01-21,8.0,3.8,1027.2,0.0,42.0,2.5014583333333333
2023-01-22,16.0,5.111111111111111,1028.3,0.0,46.48148148148148,3.002916666666667
2023-01-23,16.0,6.791666666666667,1024.6,0.0,45.166666666666664,3.0560416666666668
2023-01-24,5.0,2.46875,1025.2,0.0,46.40625,3.0745833333333334
2023-01-25,10.0,3.2916666666666665,1029.3,0.0,46.291666666666664,3.155
2023-01-26,7.0,2.7083333333333335,1029.8,0.0,48.125,2.256875
2023-01-27,15.0,4.073170731707317,1024.4,0.0,45.146341463414636,2.2014583333333335
2023-01-28,15.0,6.029411764705882,1018.6,1.8,46.794117647058826,2.3989583333333333
2023-01-29,16.0,4.8108108108108105,1013.7,1.5,44.70810810810811,2.091458333333333
2023-01-30,11.0,5.916666666666667,1014.6,0.0,44.833333333333336,2.3466666666666667
2023-01-31,6.0,3.8,1020.7,0.0,43.16,2.1633333333333336
2023-02-01,5.0,3.0416666666666665,1021.0,0.0,40.75,1.8495833333333334
2023-02-02,5.0,2.25,1017.1,0.0,48.5,1.859375
2023-02-03,22.0,11.181818181818182,1014.7,7.6,55.041666666666664,2.8883333333333336
2023-02-04,6.0,3.782608695652174,1008.5,15.0,48.583333333333336,2.85
2023-02-05,39.0,10.306122448979592,1004.7,13.2,48.75102040816327,3.0547916666666666
2023-02-06,13.0,5.172413793103448,1026.8,0.0,44.834482758620695,4.235
2023-02-07,9.0,2.68,1030.5,0.0,42.76,2.3035416666666664
2023-02-08,5.0,3.32,1029.6,0.0,44.46,3.1810416666666668
2023-02-09,11.0,3.2,1025.3,0.0,44.44,2.3977083333333336
2023-02-10,10.0,4.555555555555555,1019.6,5.1,46.44444444444444,2.7908333333333335
2023-02-11,16.0,4.571428571428571,1016.9,0.3,45.0,4.5910416666666665
2023-02-12,14.0,3.0,1017.1,0.0,43.21052631578947,3.6018749999999997
2023-02-13,19.0,7.56,1018.1,3.6,46.916000000000004,3.935416666666667
2023-02-14,17.0,7.205128205128205,1020.6,5.1,40.3025641025641,5.08875
2023-02-15,12.0,4.333333333333333,1021.5,0.0,38.275,4.383958333333333
2023-02-16,8.0,3.25,1021.2,0.0,38.9125,2.361458333333333
2023-02-17,12.0,4.791666666666667,1021.0,0.0,44.791666666666664,2.6089583333333333
2023-02-18,12.0,4.84,1020.6,0.0,41.196000000000005,2.8837500000000005
2023-02-19,14.0,4.2,1020.6,0.0,42.92,2.9012499999999997
2023-02-20,13.0,4.475,1023.0,0.0,44.075,3.435833333333333
2023-02-21,18.0,7.822222222222222,1012.4,11.9,45.68695652173913,2.674375
2023-02-22,13.0,3.263157894736842,1008.3,18.8,35.89090909090909,6.788125
2023-02-23,15.0,6.25,1003.2,8.1,34.01801801801802,6.24195652173913
2023-02-24,14.0,3.8541666666666665,1002.4,0.0,34.725531914893615,4.215625
2023-02-25,10.0,4.64,1009.5,0.0,40.44,3.002916666666667
2023-02-26,16.0,5.476190476190476,1010.8,10.2,43.94761904761905,1.7791666666666668
2023-02-27,17.0,10.523809523809524,1005.5,25.9,40.46666666666666,3.2081250000000003
2023-02-28,19.0,7.7407407407407405,1006.9,21.1,40.7925925925926,4.791875
2023-03-01,14.0,4.27906976744186,1008.3,0.0,36.116279069767444,3.563333333333333
2023-03-02,11.0,3.3076923076923075,1021.6,0.0,38.06923076923077,2.6233333333333335
2023-03-03,12.0,3.9722222222222223,1018.4,0.0,41.68333333333333,2.9464583333333336
2023-03-04,20.0,7.918918918918919,1005.4,21.3,39.42162162162162,4.1312500000000005
2023-03-05,19.0,9.348837209302326,1003.5,9.1,40.523809523809526,4.260625
2023-03-06,18.0,9.472222222222221,1014.7,8.4,41.638888888888886,4.0531250000000005
2023-03-07,11.0,5.944444444444445,1017.9,18.0,41.09444444444445,2.7581249999999997
2023-03-08,14.0,6.365853658536586,1016.6,3.6,40.01951219512195,1.9797916666666666
2023-03-09,17.0,11.333333333333334,999.5,23.9,46.208333333333336,1.6464583333333334
2023-03-10,22.0,9.208333333333334,997.1,2.5,46.0,2.4839583333333333
2023-03-11,6.0,2.7916666666666665,1012.8,2.8,41.583333333333336,2.198541666666667
2023-03-12,17.0,6.206896551724138,1011.3,21.6,51.827586206896555,1.6010416666666665
2023-03-13,15.0,8.807017543859649,1010.9,39.1,52.92631578947369,2.3972916666666664
2023-03-14,15.0,6.361111111111111,1000.8,24.9,45.87222222222223,1.9958333333333333
2023-03-15,17.0,6.8125,1006.8,0.0,42.75,2.16063829787234
2023-03-16,12.0,4.392857142857143,1017.8,0.0,42.08571428571429,2.403541666666667
2023-03-17,8.0,3.5357142857142856,1018.6,0.0,45.41428571428571,1.463125
2023-03-18,7.0,2.189189189189189,1012.2,0.5,43.83783783783784,0.7235416666666666
2023-03-19,7.0,3.125,1007.6,18.5,50.90625,1.1004166666666666
2023-03-20,14.0,7.531914893617022,1007.5,0.0,47.744680851063826,2.223333333333333
2023-03-21,7.0,2.1666666666666665,995.7,0.0,44.333333333333336,1.5760416666666668
2023-03-22,13.0,4.085714285714285,996.4,0.8,47.40571428571429,2.6164583333333336
2023-03-23,16.0,5.76,1018.0,8.9,45.492,2.152083333333333
2023-03-24,18.0,5.297297297297297,1026.9,2.8,42.16216216216216,2.85875
2023-03-25,12.0,4.28125,1029.0,4.6,40.25625,4.118541666666666
2023-03-26,16.0,5.181818181818182,1027.6,0.0,40.04545454545455,2.87625
2023-03-27,20.0,5.875,1014.2,2.3,41.125,1.8645833333333333
2023-03-28,25.0,13.862068965517242,1004.2,20.6,47.126666666666665,3.3195833333333336
2023-03-29,17.0,11.478260869565217,1003.4,0.8,47.875,2.9047916666666667
2023-03-30,13.0,4.25,1010.9,0.0,45.5,1.6779166666666667
2023-03-31,15.0,6.041666666666667,1018.0,0.0,48.5,1.3452083333333331
2023-04-01,13.0,7.190476190476191,1020.2,1.8,48.37619047619047,1.4666666666666668
2023-04-02,16.0,6.1521739130434785,1020.4,5.8,45.926086956521736,1.6958333333333335
2023-04-03,11.0,4.658536585365853,1020.1,2.3,40.5219512195122,2.7395833333333335
2023-04-04,8.0,5.0606060606060606,1024.4,0.0,42.130303030303025,2.700625
2023-04-05,9.0,3.966666666666667,1023.6,0.0,44.64666666666667,1.6693749999999998
2023-04-06,14.0,6.125,1013.5,9.1,49.125,1.2485416666666667
2023-04-07,12.0,6.951219512195122,1011.4,1.3,50.26341463414634,2.14
2023-04-08,10.0,3.6206896551724137,1017.0,0.0,48.310344827586206,1.8452083333333331
2023-04-09,8.0,3.4166666666666665,1019.9,0.0,51.25,2.33875
2023-04-10,7.0,2.0454545454545454,1017.0,24.6,52.48181818181818,2.7002083333333338
2023-04-11,15.0,6.2105263157894735,1017.8,0.0,49.164912280701756,2.656875
2023-04-12,21.0,8.653846153846153,1020.0,1.5,44.84615384615385,2.701458333333333
2023-04-13,18.0,7.972972972972973,1016.0,0.0,45.613157894736844,2.9995833333333333
2023-04-14,15.0,7.115384615384615,1015.4,0.0,43.70769230769231,1.5208333333333333
2023-04-15,15.0,4.814814814814815,1018.2,0.0,48.42962962962962,1.5433333333333332
2023-04-16,10.0,4.777777777777778,1021.1,0.8,49.25925925925926,1.5045833333333334
2023-04-17,15.0,4.886363636363637,1014.5,13.0,46.52272727272727,2.2816666666666667
2023-04-18,16.0,6.102564102564102,1013.6,4.3,42.480000000000004,3.9623913043478263
2023-04-19,14.0,5.756756756756757,1019.2,0.8,45.567567567567565,2.879772727272727
2023-04-20,8.0,3.6666666666666665,1027.5,0.0,46.083333333333336,2.535416666666667
2023-04-21,15.0,3.6666666666666665,1028.6,0.0,52.041666666666664,1.4281249999999999
2023-04-22,13.0,4.096385542168675,1019.7,0.0,51.086746987951805,1.6710416666666665
2023-04-23,18.0,4.447058823529412,1016.0,1.0,51.63999999999999,1.2877083333333335
2023-04-24,19.0,7.56,1019.2,0.0,49.88,1.8372916666666665
2023-04-25,14.0,5.303030303030303,1016.6,0.0,49.375757575757575,2.524375
2023-04-26,10.0,3.4583333333333335,1015.9,0.0,51.208333333333336,1.8495833333333334
2023-04-27,9.0,2.896551724137931,1014.1,0.0,51.641379310344824,1.8145833333333332
2023-04-28,7.0,2.760869565217391,1013.2,0.0,50.95652173913044,1.6197916666666667
2023-04-29,7.0,2.2745098039215685,1016.8,0.0,49.67450980392157,1.2445833333333334
2023-04-30,11.0,2.6511627906976742,1016.5,1.3,50.116279069767444,1.5529166666666667
2023-05-01,14.0,7.882352941176471,1010.2,0.3,49.88235294117647,3.781458333333333
2023-05-02,13.0,4.018518518518518,1007.0,2.5,48.05185185185186,2.956041666666667
2023-05-03,12.0,4.3125,1011.0,0.0,49.04375,2.0714583333333336
2023-05-04,9.0,3.4722222222222223,1010.8,0.8,49.361111111111114,2.2756250000000002
2023-05-05,16.0,3.2058823529411766,1014.1,3.0,50.358823529411765,1.7845833333333332
2023-05-06,8.0,3.5434782608695654,1016.1,0.8,49.5695652173913,1.6447916666666667
2023-05-07,11.0,5.111111111111111,1017.8,7.4,48.878571428571426,1.6114583333333332
2023-05-08,19.0,8.178571428571429,1015.0,8.6,50.464285714285715,1.7110416666666666
2023-05-09,16.0,4.071428571428571,1018.3,0.0,49.778571428571425,2.080416666666667
2023-05-10,14.0,4.892857142857143,1018.1,0.0,49.0,1.561875
2023-05-11,14.0,6.219512195121951,1020.0,0.0,52.27804878048781,0.9656250000000001
2023-05-12,14.0,7.090909090909091,1020.3,0.0,52.7939393939394,1.131875
2023-05-13,14.0,4.229166666666667,1013.1,0.0,51.762499999999996,1.7827083333333331
2023-05-14,12.0,2.977272727272727,1006.9,0.0,54.58181818181818,2.1462499999999998
2023-05-15,16.0,5.658536585365853,1010.2,0.0,54.90731707317073,2.1783333333333332
2023-05-16,12.0,5.878787878787879,1018.3,0.0,54.92121212121212,1.3041666666666667
2023-05-17,8.0,4.0,1015.8,0.0,52.935483870967744,0.9797916666666667
2023-05-18,11.0,4.176470588235294,1015.3,0.3,52.93529411764706,0.7125
2023-05-19,9.0,3.9,1018.0,0.0,53.9,0.8325
2023-05-20,10.0,5.553571428571429,1020.5,0.3,53.90714285714286,1.2610416666666666
2023-05-21,16.0,6.223880597014926,1021.7,0.3,54.06567164179105,2.188333333333333
2023-05-22,21.0,4.2,1017.1,0.0,52.23111111111111,3.2475
2023-05-23,19.0,6.0,1014.6,0.0,50.90625,3.8027083333333334
2023-05-24,16.0,5.714285714285714,1013.7,0.0,51.964285714285715,3.0739583333333336
2023-05-25,14.0,4.081081081081081,1011.1,0.0,51.108108108108105,2.2710416666666666
2023-05-26,8.0,3.9714285714285715,1011.7,0.0,51.93714285714285,1.6027083333333334
2023-05-27,17.0,4.74,1015.1,0.5,52.492,1.2727083333333333
2023-05-28,10.0,5.488372093023256,1013.5,0.0,51.627906976744185,1.916875
2023-05-29,12.0,5.073170731707317,1012.4,0.0,51.16585365853659,2.27875
2023-05-30,10.0,5.634146341463414,1015.1,0.0,50.40487804878049,1.8145833333333332
2023-05-31,18.0,6.264705882352941,1015.7,0.0,51.411764705882355,2.702083333333333
2023-06-01,17.0,5.741935483870968,1015.1,0.0,53.193548387096776,2.975
2023-06-02,16.0,6.083333333333333,1017.6,0.0,52.916666666666664,1.9483333333333333
2023-06-03,16.0,5.966666666666667,1018.1,0.0,52.93333333333333,1.476875
2023-06-04,12.0,3.6578947368421053,1013.1,0.0,54.61052631578947,3.0041666666666664
2023-06-05,9.0,4.026315789473684,1009.2,0.0,54.99473684210527,3.829166666666667
2023-06-06,10.0,5.132075471698113,1009.2,0.0,52.60377358490566,2.811666666666667
2023-06-07,7.0,2.717948717948718,1012.1,0.0,54.666666666666664,1.4333333333333333
2023-06-08,6.0,4.025,1016.1,0.5,54.225,1.0458333333333334
2023-06-09,12.0,4.844827586206897,1017.4,0.0,54.313793103448276,0.7775
2023-06-10,11.0,5.594594594594595,1014.0,0.3,54.945945945945944,1.1502083333333333
2023-06-11,13.0,4.6,1011.1,0.0,54.779999999999994,2.46
2023-06-12,14.0,4.96078431372549,1011.7,0.0,54.549019607843135,2.901875
2023-06-13,11.0,5.073170731707317,1017.0,0.0,54.556097560975616,1.9658333333333333
2023-06-14,18.0,5.2,1015.0,0.0,55.6,2.93125
2023-06-15,18.0,6.653846153846154,1014.1,0.0,54.96153846153846,3.9606250000000003
2023-06-16,15.0,4.916666666666667,1014.6,0.0,57.625,3.1439583333333334
2023-06-17,17.0,4.023255813953488,1016.1,0.0,53.944186046511625,2.122291666666667
2023-06-18,17.0,6.433333333333334,1016.2,0.0,53.833333333333336,1.093125
2023-06-19,13.0,3.7058823529411766,1015.2,2.5,53.35294117647059,1.341875
2023-06-20,12.0,5.384615384615385,1020.8,0.0,52.61538461538461,1.8
2023-06-21,14.0,4.6875,1018.0,0.0,52.9125,1.5151063829787232
2023-06-22,10.0,4.184210526315789,1012.4,0.0,53.88421052631579,1.7277083333333332
2023-06-23,7.0,3.3,1014.4,0.0,56.2,1.6004166666666666
2023-06-24,9.0,5.108108108108108,1018.5,0.0,56.02162162162163,0.9835416666666666
2023-06-25,11.0,4.190476190476191,1018.8,0.3,54.8,1.1108333333333333
2023-06-26,10.0,5.297297297297297,1017.9,0.8,55.432432432432435,1.38375
2023-06-27,10.0,5.879310344827586,1015.3,0.5,54.65172413793104,1.6339583333333332
2023-06-28,12.0,6.071428571428571,1015.6,1.0,55.80952380952381,1.1720833333333334
2023-06-29,9.0,4.773584905660377,1016.2,0.0,56.16862745098039,1.555625
2023-06-30,9.0,3.5306122448979593,1016.0,0.0,55.734693877551024,1.4927083333333335
2023-07-01,7.0,3.8979591836734695,1014.9,0.0,56.51020408163265,2.4327083333333333
2023-07-02,8.0,4.103448275862069,1012.3,0.0,58.310344827586206,2.8800000000000003
2023-07-03,7.0,2.675,1012.1,0.0,55.35,2.736666666666667
2023-07-04,9.0,3.6041666666666665,1012.7,0.0,55.39166666666667,2.6618749999999998
2023-07-05,9.0,5.217391304347826,1013.4,0.0,54.72608695652174,1.92875
2023-07-06,10.0,2.7142857142857144,1014.5,0.3,55.42857142857143,1.6902083333333333
2023-07-07,12.0,5.161290322580645,1015.1,0.3,57.10322580645161,1.608125
2023-07-08,14.0,6.241379310344827,1015.5,0.0,57.827586206896555,1.0810416666666667
2023-07-09,13.0,5.545454545454546,1015.0,0.0,57.96969696969697,0.9154166666666667
2023-07-10,16.0,5.5,1016.9,0.0,57.23529411764706,1.0183333333333333
2023-07-11,16.0,4.921052631578948,1017.6,0.0,58.61578947368421,1.1981249999999999
2023-07-12,11.0,4.815789473684211,1018.4,0.0,58.38947368421053,1.0531249999999999
2023-07-13,8.0,3.0338983050847457,1019.0,0.0,57.067796610169495,0.648125
2023-07-14,8.0,3.927536231884058,1016.8,0.0,58.06956521739131,0.8958333333333334
2023-07-15,9.0,3.8157894736842106,1015.3,0.0,58.63157894736842,1.6089583333333335
2023-07-16,9.0,3.8205128205128207,1015.7,0.0,58.06153846153846,1.858125
2023-07-17,17.0,4.978260869565218,1016.9,0.0,59.06521739130435,1.6558695652173914
2023-07-18,15.0,5.297297297297297,1014.6,0.0,59.221621621621615,1.9745833333333334
2023-07-19,12.0,5.0,1016.3,0.0,58.60555555555556,2.108125
2023-07-20,15.0,5.947368421052632,1020.3,0.0,59.852631578947374,1.0935416666666666
2023-07-21,14.0,5.375,1019.2,0.0,58.9125,0.9081250000000001
2023-07-22,10.0,4.487179487179487,1016.6,0.0,58.35897435897436,1.0829166666666665
2023-07-23,15.0,3.3793103448275863,1015.6,0.0,58.00344827586206,1.2097916666666666
2023-07-24,16.0,4.390243902439025,1016.7,0.0,60.14146341463415,0.9614583333333333
2023-07-25,18.0,4.173076923076923,1020.1,0.0,59.38461538461539,0.874375
2023-07-26,16.0,5.032258064516129,1016.8,0.0,59.67741935483871,1.67375
2023-07-27,15.0,5.464285714285714,1017.3,0.0,58.57142857142857,1.5704166666666666
2023-07-28,15.0,6.296296296296297,1018.1,0.0,58.925925925925924,1.0164583333333332
2023-07-29,15.0,5.7,1018.5,0.0,60.43333333333333,0.92125
2023-07-30,16.0,5.575,1019.6,0.0,60.92,0.90625
2023-07-31,13.0,4.911764705882353,1018.1,0.0,61.1764705882353,1.1254166666666665
2023-08-01,16.0,4.702702702702703,1016.7,0.0,58.762162162162156,1.3364583333333335
2023-08-02,14.0,4.852941176470588,1018.0,0.0,59.05882352941177,1.0372916666666667
2023-08-03,11.0,4.40625,1019.0,0.0,60.70625,0.7075
2023-08-04,9.0,4.6923076923076925,1019.0,0.0,61.58974358974359,0.6333333333333333
2023-08-05,9.0,4.317073170731708,1018.2,0.3,60.75121951219513,1.2445833333333334
2023-08-06,13.0,4.183333333333334,1020.6,0.3,60.35737704918033,1.2395833333333333
2023-08-07,19.0,5.696969696969697,1017.9,0.0,60.90909090909091,1.48625
2023-08-08,14.0,4.219512195121951,1014.6,0.0,60.224390243902434,1.43625
2023-08-09,12.0,3.6486486486486487,1014.5,0.0,61.18378378378379,1.035625
2023-08-10,9.0,2.2333333333333334,1014.1,0.3,61.376666666666665,0.8858333333333334
2023-08-11,11.0,4.162162162162162,1014.7,0.0,60.599999999999994,1.221875
2023-08-12,7.0,3.892857142857143,1015.5,0.0,60.142857142857146,1.48625
2023-08-13,9.0,3.425531914893617,1014.8,0.0,58.60425531914894,2.14875
2023-08-14,6.0,2.136986301369863,1012.5,0.0,56.106849315068494,1.5897916666666667
2023-08-15,9.0,4.444444444444445,1013.7,0.0,64.96296296296296,1.9320833333333332
2023-08-16,7.0,1.96875,1013.0,0.0,63.71875,1.6952083333333334
2023-08-17,9.0,3.888888888888889,1010.7,0.5,61.05185185185186,1.5610416666666664
2023-08-18,7.0,4.016393442622951,1010.7,0.0,60.943333333333335,1.6885416666666666
2023-08-19,8.0,2.725,1009.2,0.0,57.5,2.548958333333333
2023-08-20,8.0,2.836734693877551,1008.2,0.0,56.73061224489796,2.1252083333333336
2023-08-21,18.0,6.571428571428571,1005.6,0.0,58.59183673469388,2.8993749999999996
2023-08-22,13.0,4.512820512820513,1017.3,0.0,58.41025641025641,1.481304347826087
2023-08-23,13.0,3.163265306122449,1014.8,0.0,57.6,1.1975
2023-08-24,7.0,2.8518518518518516,1011.8,0.0,60.18518518518518,1.7133333333333332
2023-08-25,7.0,3.8,1012.5,0.0,59.71999999999999,1.0095833333333333
2023-08-26,7.0,2.4705882352941178,1016.4,0.0,59.294117647058826,0.6064583333333333
2023-08-27,11.0,3.3529411764705883,1017.9,0.0,59.44705882352941,0.6064583333333333
2023-08-28,14.0,4.774193548387097,1019.2,0.0,60.16129032258065,0.6
2023-08-29,16.0,6.176470588235294,1020.0,0.0,60.95294117647059,0.6060416666666667
2023-08-30,16.0,4.423076923076923,1017.2,0.0,60.08076923076923,1.2839130434782609
2023-08-31,12.0,3.9583333333333335,1010.6,1.5,61.895833333333336,1.7325
2023-09-01,10.0,4.043478260869565,1007.3,0.3,60.01159420289855,1.8316666666666668
2023-09-02,10.0,3.784313725490196,1008.5,0.0,59.643137254901966,2.095833333333333
2023-09-03,7.0,2.9814814814814814,1015.3,0.0,60.75925925925926,1.833125
2023-09-04,15.0,4.588235294117647,1016.5,0.0,59.970588235294116,1.7116666666666667
2023-09-05,12.0,4.357142857142857,1014.1,0.0,56.55714285714286,1.87
2023-09-06,13.0,4.037037037037037,1014.2,0.0,56.03703703703704,1.5641666666666667
2023-09-07,12.0,4.827586206896552,1016.1,0.0,56.93103448275862,1.1302083333333333
2023-09-08,11.0,4.041666666666667,1017.1,0.0,56.541666666666664,1.1479166666666667
2023-09-09,10.0,3.914285714285714,1019.1,0.0,56.4,1.0641666666666667
2023-09-10,7.0,3.6,1019.6,0.0,57.166666666666664,0.6431250000000001
2023-09-11,16.0,6.466666666666667,1018.5,0.0,58.63333333333333,0.9041666666666667
2023-09-12,14.0,3.9722222222222223,1017.5,0.0,59.400000000000006,1.4177083333333333
2023-09-13,10.0,3.240740740740741,1014.4,0.0,58.96296296296296,1.9887499999999998
2023-09-14,6.0,3.3333333333333335,1012.8,0.0,58.55555555555556,2.1233333333333335
2023-09-15,7.0,2.873015873015873,1013.2,0.0,56.19365079365079,1.4141666666666666
2023-09-16,9.0,2.5641025641025643,1014.3,0.0,57.93333333333334,1.168125
2023-09-17,7.0,3.189189189189189,1014.5,0.0,57.42162162162162,1.4697916666666666
2023-09-18,7.0,1.1219512195121952,1015.9,0.5,59.107317073170734,1.65125
2023-09-19,10.0,5.190476190476191,1015.6,0.0,59.317460317460316,3.3125
2023-09-20,20.0,6.15,1013.4,0.0,56.5,3.2408333333333332
2023-09-21,13.0,4.78125,1011.8,0.0,54.39375,3.2204166666666665
2023-09-22,13.0,6.470588235294118,1012.2,0.0,52.86470588235294,4.009795918367347
2023-09-23,7.0,3.0,1016.1,0.0,55.225806451612904,0.8666666666666667
2023-09-24,14.0,3.875,1012.9,0.0,58.833333333333336,0.9204166666666667
2023-09-25,20.0,11.571428571428571,1009.4,42.4,62.333333333333336,6.6106
2023-09-26,10.0,4.084745762711864,1014.0,0.3,60.152542372881356,4.259565217391304
2023-09-27,14.0,5.217391304347826,1019.4,2.0,59.16956521739131,5.185714285714286
2023-09-28,16.0,5.4,1017.6,0.0,53.8,2.440208333333333
2023-09-29,11.0,3.4651162790697674,1009.7,1.0,57.055813953488375,3.801224489795918
2023-09-30,16.0,5.901960784313726,1009.3,0.0,56.745098039215684,2.689375
2023-10-01,14.0,6.208333333333333,1011.9,0.0,55.083333333333336,3.219791666666667
2023-10-02,9.0,3.9375,1015.9,0.3,51.25,2.414375
2023-10-03,14.0,4.433333333333334,1017.7,0.5,56.836666666666666,3.8853061224489793
2023-10-04,13.0,2.877551020408163,1014.7,0.0,54.195918367346934,6.6674
2023-10-05,7.0,2.36,1014.4,0.0,63.96,2.2241666666666666
2023-10-06,6.0,2.625,1014.8,0.0,63.791666666666664,1.514375
2023-10-07,7.0,2.442622950819672,1013.9,0.0,53.28524590163934,3.053673469387755
2023-10-08,7.0,2.7794117647058822,1011.4,0.0,51.46470588235294,0.7866666666666666
2023-10-09,11.0,3.58974358974359,1007.5,14.0,57.235,1.1302083333333333
2023-10-10,13.0,5.06,1007.2,5.8,57.216,2.3535416666666666
2023-10-11,9.0,3.8076923076923075,1008.4,0.0,55.91153846153846,3.8045833333333334
2023-10-12,7.0,3.4,1010.4,0.0,51.54666666666667,5.4589795918367345
2023-10-13,7.0,3.0,1009.7,5.8,51.233333333333334,1.54375
2023-10-14,9.0,2.891891891891892,1011.3,0.0,56.362162162162164,3.977959183673469
2023-10-15,7.0,3.0,1017.5,0.0,55.97674418604651,2.0568750000000002
2023-10-16,10.0,3.1129032258064515,1016.6,15.7,59.432258064516134,2.2245833333333334
2023-10-17,10.0,2.066666666666667,1018.5,0.0,57.858666666666664,2.183333333333333
2023-10-18,6.0,2.140625,1016.1,0.0,54.625,2.1514583333333333
2023-10-19,6.0,2.1904761904761907,1014.7,0.0,53.20238095238095,3.2720833333333332
2023-10-20,13.0,3.414141414141414,1012.3,0.0,52.95353535353535,2.763541666666667
2023-10-21,9.0,4.71875,1011.4,0.0,59.13125,1.7825
2023-10-22,8.0,2.7142857142857144,1009.1,6.9,58.2952380952381,1.4383333333333335
2023-10-23,15.0,3.519230769230769,1009.9,0.0,56.74230769230769,2.5672916666666667
2023-10-24,11.0,3.2413793103448274,1014.6,0.0,53.172413793103445,2.5104166666666665
2023-10-25,12.0,5.6923076923076925,1013.6,4.1,52.297435897435896,1.3627083333333332
2023-10-26,15.0,5.375,1018.6,0.0,47.75,2.033125
2023-10-27,12.0,4.730769230769231,1021.0,0.0,45.65384615384615,1.26375
2023-10-28,8.0,3.0416666666666665,1020.6,0.0,45.125,1.500625
2023-10-29,7.0,3.875,1021.0,0.0,50.875,1.4389583333333331
2023-10-30,7.0,3.3333333333333335,1021.1,0.0,50.333333333333336,0.856388888888889
2023-10-31,5.0,2.25,1020.4,0.0,48.5,0.7043478260869565
2023-11-01,5.0,2.0,1018.8,0.0,51.375,0.7847916666666667
2023-11-02,8.0,2.9,1018.2,13.5,56.585,1.0747916666666668
2023-11-03,6.0,1.654320987654321,1018.4,0.5,58.85679012345678,1.940625
2023-11-04,19.0,5.833333333333333,1015.0,6.9,60.86296296296296,1.5766666666666664
2023-11-05,12.0,3.706896551724138,1011.9,28.2,59.30344827586207,3.0402083333333336
2023-11-06,12.0,6.326923076923077,1007.4,9.1,56.88076923076923,2.5397916666666664
2023-11-07,12.0,3.903225806451613,1013.9,0.5,52.05806451612903,3.080416666666667
2023-11-08,13.0,5.083333333333333,1025.4,0.0,48.541666666666664,2.558333333333333
2023-11-09,7.0,3.7037037037037037,1022.8,0.3,45.629629629629626,1.68
2023-11-10,11.0,4.228571428571429,1020.8,0.3,52.65714285714286,2.233125
2023-11-11,6.0,2.2666666666666666,1022.2,0.0,49.56666666666667,5.435624999999999
2023-11-12,6.0,2.9642857142857144,1013.4,0.0,50.92857142857143,5.683958333333333
2023-11-13,9.0,2.588235294117647,1011.1,6.1,54.35294117647059,3.151666666666667
2023-11-14,7.0,2.3333333333333335,1011.4,11.2,52.666666666666664,2.5825
2023-11-15,8.0,3.3333333333333335,1006.9,0.3,57.75,2.2243749999999998
2023-11-16,9.0,3.5416666666666665,1007.2,0.5,57.5,1.7931249999999999
2023-11-17,6.0,2.4583333333333335,1010.3,4.3,54.5,1.7850000000000001
2023-11-18,24.0,6.205882352941177,1006.2,6.4,55.98888888888889,1.2352083333333332
2023-11-19,21.0,8.833333333333334,1013.1,0.0,52.5,3.4802083333333336
2023-11-20,7.0,2.1666666666666665,1023.1,0.0,47.125,3.0058333333333334
2023-11-21,7.0,3.125,1023.0,0.0,50.166666666666664,1.3435416666666666
2023-11-22,6.0,3.3846153846153846,1021.5,0.0,48.88461538461539,1.9004166666666666
2023-11-23,16.0,4.580645161290323,1017.1,0.0,49.38709677419355,3.7202083333333333
2023-11-24,11.0,4.684210526315789,1017.4,0.0,43.05,3.5625
2023-11-25,6.0,3.3076923076923075,1017.8,0.0,42.61538461538461,3.4189583333333338
2023-11-26,7.0,3.769230769230769,1020.1,0.0,43.0,2.9610416666666666
2023-11-27,9.0,3.0416666666666665,1019.4,0.0,45.0,2.0697916666666667
2023-11-28,7.0,3.9583333333333335,1017.0,0.0,47.041666666666664,1.6204166666666666
2023-11-29,7.0,3.5675675675675675,1016.5,0.0,51.75675675675676,1.7752083333333333
2023-11-30,11.0,4.404761904761905,1016.4,9.9,46.23809523809524,1.3102083333333334
2023-12-01,11.0,5.803921568627451,1016.8,3.3,47.90980392156863,4.554583333333333
2023-12-02,11.0,6.7272727272727275,1019.3,45.0,51.59285714285714,3.1797916666666666
2023-12-03,13.0,8.547619047619047,1019.7,0.0,55.87619047619048,3.967708333333333
2023-12-04,11.0,6.333333333333333,1022.9,0.0,57.81818181818182,7.673958333333334
2023-12-05,8.0,3.1714285714285713,1019.6,0.0,57.8,3.5712499999999996
2023-12-06,18.0,5.625,1010.4,22.1,53.7,6.774791666666666
2023-12-07,18.0,7.361702127659575,1014.7,12.4,49.15744680851064,6.097083333333333
2023-12-08,11.0,4.0,1023.9,1.0,43.84615384615385,5.178333333333334
2023-12-09,7.0,2.875,1026.9,0.0,42.541666666666664,4.207708333333334
2023-12-10,6.0,3.125,1025.0,0.0,44.75,1.864375
2023-12-11,10.0,3.9655172413793105,1018.0,0.0,51.96551724137931,2.076875
2023-12-12,12.0,2.3285714285714287,1016.0,0.3,48.208571428571425,1.655
2023-12-13,6.0,2.4352941176470586,1017.2,0.0,42.830588235294115,3.0941666666666663
2023-12-14,8.0,3.8484848484848486,1019.0,0.0,48.60606060606061,1.414375
2023-12-15,6.0,2.9166666666666665,1018.6,0.0,46.583333333333336,2.033404255319149
2023-12-16,6.0,2.8518518518518516,1016.7,0.0,49.05925925925926,2.511875
2023-12-17,8.0,3.5384615384615383,1013.3,21.1,48.46153846153846,2.636041666666667
2023-12-18,14.0,7.875,1000.4,14.5,56.916666666666664,3.9720833333333334
2023-12-19,17.0,7.379310344827586,998.2,32.0,56.699999999999996,2.6789583333333336
2023-12-20,7.0,3.2,1002.3,5.6,54.86666666666667,2.51625
2023-12-21,6.0,2.2222222222222223,1010.4,0.0,50.23555555555556,2.6627083333333332
2023-12-22,13.0,3.3815789473684212,1017.6,1.0,49.02368421052632,1.8425
2023-12-23,12.0,3.92,1019.2,0.0,43.0,3.35375
2023-12-24,7.0,3.5416666666666665,1019.4,0.5,42.875,2.768333333333333
2023-12-25,10.0,3.206896551724138,1021.0,0.5,51.86206896551724,5.873958333333333
2023-12-26,8.0,3.566666666666667,1014.2,0.0,53.086666666666666,3.965
2023-12-27,20.0,9.76,1007.0,8.1,56.04,5.633958333333333
2023-12-28,10.0,3.7419354838709675,1014.6,0.0,56.67741935483871,5.909166666666667
2023-12-29,19.0,8.210526315789474,1007.0,15.0,59.24210526315789,4.09
2023-12-30,10.0,3.629032258064516,1009.5,15.0,52.63548387096775,4.6606250000000005
2023-12-31,5.0,2.0,1018.9,0.3,46.82702702702702,5.76608695652174
2024-01-01,7.0,3.076923076923077,1019.8,0.0,48.79230769230769,4.422916666666667
2024-01-02,17.0,9.612903225806452,1013.3,12.4,50.96774193548387,4.696666666666666
2024-01-03,11.0,5.325,1013.5,15.5,47.15,3.9125
2024-01-04,9.0,3.641025641025641,1024.5,1.3,48.82051282051282,5.9575
2024-01-05,5.0,1.6931818181818181,1025.4,1.0,48.695454545454545,5.692916666666666
2024-01-06,26.0,6.4423076923076925,1016.8,14.0,46.19230769230769,5.033125
2024-01-07,10.0,3.32,1019.6,0.3,38.96,4.280833333333333
2024-01-08,6.0,4.2727272727272725,1023.8,0.0,45.78787878787879,2.9495833333333334
2024-01-09,15.0,6.586956521739131,1022.9,16.5,49.18695652173913,2.720833333333333
2024-01-10,17.0,10.784615384615385,1013.2,16.5,47.78787878787879,7.1035416666666675
2024-01-11,7.0,3.7916666666666665,1014.5,0.5,39.208333333333336,4.036458333333333
2024-01-12,7.0,4.630434782608695,1022.4,5.3,44.27391304347826,2.44375
2024-01-13,27.0,13.264150943396226,1007.9,62.2,52.37735849056604,2.2822916666666666
2024-01-14,12.0,4.619565217391305,1011.6,2.8,50.74565217391305,3.626666666666667
2024-01-15,6.0,1.5842696629213484,1020.4,0.0,44.3860465116279,2.3264583333333335
2024-01-16,11.0,2.339622641509434,1012.2,6.4,47.45,1.6597916666666668
2024-01-17,14.0,8.069767441860465,1012.7,0.8,52.53488372093023,2.6914583333333333
2024-01-18,7.0,3.16,1013.0,0.0,52.44,2.2533333333333334
2024-01-19,12.0,4.416666666666667,1004.6,0.0,54.666666666666664,2.449375
2024-01-20,18.0,11.275,999.3,48.0,53.674418604651166,3.404166666666667
2024-01-21,12.0,7.689655172413793,1000.8,4.8,53.96551724137931,3.4204166666666667
2024-01-22,11.0,4.086956521739131,1000.2,7.9,53.63478260869565,2.47625
2024-01-23,8.0,3.9871794871794872,1009.1,4.1,52.54358974358974,2.0212499999999998
2024-01-24,13.0,6.875,1012.3,17.3,52.98125,2.355208333333333
2024-01-25,14.0,5.488888888888889,1017.0,0.3,52.16444444444445,3.3725
2024-01-26,14.0,6.875,1020.9,2.0,54.0,3.0214583333333334
2024-01-27,17.0,8.166666666666666,1020.8,6.1,61.041666666666664,2.6402083333333333
2024-01-28,13.0,5.428571428571429,1018.9,0.0,62.25,2.872708333333333
2024-01-29,5.0,2.5384615384615383,1014.0,0.0,57.11538461538461,2.620625
2024-01-30,12.0,4.923076923076923,1007.1,0.0,59.19230769230769,3.2468749999999997
2024-01-31,22.0,12.851851851851851,997.9,55.1,58.55555555555556,3.3841666666666668
2024-02-01,17.0,10.038461538461538,998.6,13.5,49.92307692307692,4.60875
2024-02-02,10.0,6.088235294117647,1003.5,11.7,47.80588235294118,3.843958333333333
2024-02-03,10.0,6.36,1012.3,0.3,45.92,4.020833333333333
2024-02-04,12.0,4.875,990.2,13.5,46.5,2.7570833333333336
2024-02-05,24.0,8.86111111111111,987.5,47.0,50.24324324324324,2.880625
2024-02-06,13.0,4.745098039215686,1007.9,2.0,47.85490196078431,3.514583333333333
2024-02-07,15.0,5.0,1005.9,9.4,45.71111111111111,3.3989583333333333
2024-02-08,14.0,4.0588235294117645,1009.8,0.5,40.66470588235294,3.906041666666667
2024-02-09,12.0,4.6923076923076925,1019.3,0.0,44.57692307692308,2.55375
2024-02-10,8.0,2.857142857142857,1021.9,0.0,45.97142857142857,2.0085416666666664
2024-02-11,6.0,2.675675675675676,1021.8,0.0,48.2,2.6191666666666666
2024-02-12,8.0,2.4081632653061225,1019.6,0.0,49.83673469387755,5.107916666666667
2024-02-13,7.0,2.9655172413793105,1016.3,0.5,48.89655172413793,1.9960416666666667
2024-02-14,17.0,7.880952380952381,1011.1,28.4,50.32093023255814,1.7625
2024-02-15,14.0,7.803571428571429,1012.8,4.1,50.300000000000004,3.070625
2024-02-16,8.0,3.28125,1014.9,0.0,52.78125,2.219375
2024-02-17,13.0,5.56,1006.2,27.2,54.64,3.607291666666667
2024-02-18,11.0,5.666666666666667,1002.4,12.7,50.56666666666667,3.9572916666666664
2024-02-19,18.0,9.5,1000.1,14.7,51.18666666666666,4.893125
2024-02-20,19.0,9.25,1004.5,5.8,52.6,3.5902083333333334
2024-02-21,11.0,5.71875,1014.0,4.3,50.31875,4.954791666666667
2024-02-22,9.0,3.75,1021.6,0.0,50.207142857142856,1.936875
2024-02-23,6.0,2.6666666666666665,1019.9,0.0,49.833333333333336,2.2904166666666668
2024-02-24,6.0,2.7083333333333335,1018.1,0.0,50.416666666666664,2.0472916666666667
2024-02-25,5.0,2.3870967741935485,1016.7,0.0,47.39354838709678,4.299148936170213
2024-02-26,15.0,5.51063829787234,1016.7,2.8,50.38723404255319,2.4791666666666665
2024-02-27,16.0,5.25,1019.1,0.0,41.333333333333336,5.204791666666667
2024-02-28,12.0,4.375,1015.4,0.0,44.083333333333336,2.3195833333333336
2024-02-29,20.0,11.255813953488373,1006.3,26.4,49.83720930232558,3.113125
2024-03-01,27.0,11.81578947368421,1000.4,17.3,45.48205128205128,6.397708333333334
2024-03-02,21.0,12.176470588235293,999.8,10.2,41.1921568627451,4.680833333333333
2024-03-03,10.0,5.681818181818182,1004.4,11.7,39.6,3.7256250000000004
2024-03-04,10.0,6.88,1014.5,2.8,41.64,2.810625
2024-03-05,10.0,7.0,1012.4,24.4,48.90212765957447,2.0054166666666666
2024-03-06,14.0,3.5714285714285716,1011.9,0.3,49.304761904761904,2.1372916666666666
2024-03-07,17.0,6.357142857142857,1015.3,0.0,44.26428571428572,2.785833333333333
2024-03-08,12.0,4.583333333333333,1020.6,0.0,42.666666666666664,1.5208333333333333
2024-03-09,20.0,8.777777777777779,1016.8,7.9,48.76111111111111,2.1125000000000003
2024-03-10,25.0,9.95,1012.2,18.8,48.589999999999996,3.8172916666666663
2024-03-11,11.0,6.625,1015.3,5.3,46.166666666666664,4.5225
2024-03-12,16.0,6.956521739130435,1013.5,3.8,49.78260869565217,3.403958333333333
2024-03-13,17.0,6.482758620689655,1023.7,0.0,46.234482758620686,4.1433333333333335
2024-03-14,18.0,7.166666666666667,1017.9,0.0,49.666666666666664,3.544583333333333
2024-03-15,9.0,4.391304347826087,1010.6,0.0,56.69565217391305,6.445
2024-03-16,8.0,4.583333333333333,1009.5,0.0,53.708333333333336,1.915
2024-03-17,14.0,4.620689655172414,1018.6,0.0,47.310344827586206,1.4252083333333332
2024-03-18,14.0,3.3870967741935485,1020.2,0.0,48.67741935483871,1.5360416666666667
2024-03-19,5.0,2.0,1019.5,0.0,50.35294117647059,1.7114583333333335
2024-03-20,10.0,3.757575757575758,1018.2,0.0,51.199999999999996,1.66625
2024-03-21,11.0,4.136363636363637,1018.3,0.0,52.45454545454545,1.50875
2024-03-22,17.0,9.09375,1008.8,19.6,54.09375,1.9181249999999999
2024-03-23,15.0,9.745098039215685,1006.1,27.2,48.33725490196078,3.0437499999999997
2024-03-24,16.0,8.524590163934427,1006.0,12.7,49.38688524590164,5.361666666666667
2024-03-25,11.0,4.0,1015.9,0.0,49.4,2.174166666666667
2024-03-26,9.0,2.519230769230769,1017.2,0.0,47.98076923076923,3.9406250000000003
2024-03-27,15.0,8.448979591836734,1014.2,20.3,51.28163265306123,2.419166666666667
2024-03-28,18.0,8.325,1013.7,6.4,47.755,3.8356250000000003
2024-03-29,10.0,5.0,1003.2,0.0,48.791666666666664,3.7560416666666665
2024-03-30,14.0,5.041666666666667,1003.1,0.0,48.125,2.481666666666667
2024-03-31,19.0,6.366666666666666,1005.9,0.0,49.3,3.9110416666666663
2024-04-01,19.0,6.555555555555555,1011.4,0.0,48.903703703703705,2.795208333333333
2024-04-02,9.0,4.571428571428571,1020.8,0.3,50.5,1.9654166666666668
2024-04-03,13.0,7.111111111111111,1019.5,0.5,48.888888888888886,1.9445833333333333
2024-04-04,20.0,7.5,1007.7,0.0,45.083333333333336,2.69
2024-04-05,20.0,11.192307692307692,1007.8,0.0,45.73076923076923,4.291666666666667
2024-04-06,9.0,5.24,1018.0,2.0,45.11538461538461,2.5477083333333335
2024-04-07,16.0,4.805555555555555,1024.9,1.0,47.111111111111114,1.8793749999999998
2024-04-08,18.0,5.757575757575758,1024.7,0.0,47.84848484848485,2.0214583333333334
2024-04-09,19.0,8.733333333333333,1024.6,0.0,51.96,2.0885416666666665
2024-04-10,14.0,5.068965517241379,1022.5,0.0,48.93793103448276,8.900208333333333
2024-04-11,15.0,5.375,1015.9,0.0,49.6875,2.384375
2024-04-12,14.0,4.909090909090909,1006.3,0.0,46.92121212121212,1.430625
2024-04-13,11.0,4.102564102564102,1007.4,9.1,48.353846153846156,2.1735416666666665
2024-04-14,9.0,4.189655172413793,1013.4,7.6,49.4,4.510833333333333
2024-04-15,16.0,5.842105263157895,1022.3,0.0,50.49473684210526,2.125681818181818
2024-04-16,17.0,6.2,1025.0,0.0,47.47428571428571,4.7375
2024-04-17,14.0,5.423076923076923,1019.7,0.0,46.34615384615385,2.315
2024-04-18,10.0,3.7083333333333335,1015.3,0.0,48.666666666666664,1.936190476190476
2024-04-19,6.0,2.875,1014.2,0.0,49.958333333333336,1.1442857142857144
2024-04-20,9.0,1.558139534883721,1015.8,0.0,48.74418604651163,0.6964444444444444
2024-04-21,16.0,5.838709677419355,1019.9,0.0,50.12903225806452,1.8258536585365854
2024-04-22,13.0,3.4166666666666665,1009.5,0.0,49.458333333333336,2.65
2024-04-23,9.0,5.9,1009.2,0.8,50.975,2.2671739130434783
2024-04-24,14.0,6.074074074074074,1017.2,0.3,51.577777777777776,1.2385416666666667
2024-04-25,14.0,3.9743589743589745,1018.8,5.1,50.84615384615385,1.2654166666666666
2024-04-26,13.0,6.746478873239437,1017.1,2.3,50.61690140845071,1.8047916666666666
2024-04-27,12.0,4.413793103448276,1019.6,0.0,50.206896551724135,1.953125
2024-04-28,15.0,3.5319148936170213,1022.6,1.0,51.00425531914893,1.5322916666666666
2024-04-29,15.0,5.142857142857143,1023.4,0.0,50.32142857142857,2.1437500000000003
2024-04-30,18.0,8.541666666666666,1023.2,0.0,48.166666666666664,2.4114583333333335
2024-05-01,18.0,7.814814814814815,1022.7,0.0,47.888888888888886,2.558333333333333
2024-05-02,12.0,4.3076923076923075,1019.7,5.3,50.72615384615384,1.4379166666666665
2024-05-03,12.0,3.8214285714285716,1013.9,16.0,47.614285714285714,1.1260416666666666
2024-05-04,13.0,5.184615384615385,1005.1,50.5,49.80307692307692,1.190625
2024-05-05,12.0,5.4,1010.4,2.0,45.96,1.9960416666666667
2024-05-06,11.0,5.636363636363637,1020.3,0.3,49.35757575757576,1.7229166666666667
2024-05-07,21.0,5.7272727272727275,1022.2,0.0,48.92727272727272,1.930625
2024-05-08,17.0,9.86111111111111,1018.2,0.0,52.894444444444446,3.6879166666666667
2024-05-09,16.0,6.791666666666667,1013.5,0.0,57.291666666666664,3.0410416666666666
2024-05-10,8.0,3.4583333333333335,1013.9,0.0,58.958333333333336,1.9962499999999999
2024-05-11,10.0,4.111111111111111,1013.7,0.0,56.681481481481484,1.4266666666666667
2024-05-12,11.0,4.0,1014.3,0.3,51.24745762711864,1.3620833333333333
2024-05-13,9.0,3.3783783783783785,1015.9,0.0,51.054054054054056,1.6327083333333334
2024-05-14,10.0,4.183673469387755,1013.2,0.0,51.16734693877551,2.7591666666666668
2024-05-15,8.0,3.5185185185185186,1011.6,0.0,54.333333333333336,3.0997916666666665
2024-05-16,11.0,4.085714285714285,1012.7,0.0,51.25714285714286,3.0064583333333332
2024-05-17,18.0,5.592592592592593,1015.7,0.0,51.77777777777778,2.6824999999999997
2024-05-18,20.0,5.447368421052632,1015.2,0.0,49.41578947368421,3.286875
2024-05-19,18.0,6.857142857142857,1019.3,0.0,49.9,2.6810416666666668
2024-05-20,18.0,7.708333333333333,1019.4,0.0,50.291666666666664,3.35875
2024-05-21,19.0,6.074074074074074,1019.8,0.0,49.06666666666666,2.884375
2024-05-22,17.0,4.821428571428571,1019.5,0.3,50.45357142857143,1.3066666666666666
2024-05-23,15.0,6.862068965517241,1018.4,0.0,49.37931034482759,2.0158333333333336
2024-05-24,13.0,4.864864864864865,1014.7,0.8,51.2972972972973,1.5185416666666667
2024-05-25,17.0,5.9655172413793105,1014.7,0.8,52.04827586206897,1.2010416666666666
2024-05-26,17.0,6.769230769230769,1019.1,0.0,50.30769230769231,1.7785416666666667
2024-05-27,15.0,6.1875,1020.0,0.0,52.46875,3.283958333333333
2024-05-28,16.0,7.032258064516129,1020.1,0.0,54.45161290322581,1.4170833333333333
2024-05-29,19.0,8.25,1024.4,0.0,55.32142857142857,1.7306249999999999
2024-05-30,19.0,7.518518518518518,1018.0,0.0,55.370370370370374,2.15
2024-05-31,13.0,4.958333333333333,1015.0,0.0,52.75,2.908125
2024-06-01,12.0,4.931034482758621,1016.1,0.0,52.51724137931034,1.6664583333333332
2024-06-02,8.0,3.064516129032258,1016.5,4.3,56.29032258064516,0.7933333333333333
2024-06-03,11.0,6.78125,1014.2,14.5,57.43125,1.4414583333333333
2024-06-04,12.0,4.166666666666667,1018.9,0.0,55.458333333333336,2.478125
2024-06-05,14.0,4.020833333333333,1017.5,0.0,54.69166666666666,3.2095833333333332
2024-06-06,13.0,4.533333333333333,1014.2,0.0,53.48888888888889,4.000416666666667
2024-06-07,10.0,4.291666666666667,1010.3,0.0,54.291666666666664,2.9475
2024-06-08,15.0,4.520833333333333,1013.2,0.0,55.15,1.7002083333333333
2024-06-09,15.0,4.204545454545454,1014.8,0.0,56.60909090909092,2.1766666666666667
2024-06-10,16.0,5.5396825396825395,1017.3,0.3,53.66031746031746,4.814375
2024-06-11,19.0,4.612903225806452,1017.2,0.0,54.8,1.6287500000000001
2024-06-12,16.0,5.483870967741935,1017.3,0.0,55.516129032258064,2.81
2024-06-13,15.0,6.766666666666667,1015.3,0.0,53.46666666666667,3.419166666666667
2024-06-14,17.0,6.181818181818182,1020.0,0.0,54.54545454545455,2.2341666666666664
2024-06-15,15.0,7.4,1022.4,0.0,55.806666666666665,1.5304166666666665
2024-06-16,16.0,6.84,1017.3,0.0,53.56,1.5797916666666667
2024-06-17,18.0,6.962962962962963,1016.5,0.0,55.148148148148145,1.4037499999999998
2024-06-18,15.0,4.75,1014.0,0.0,51.9625,1.6033333333333333
2024-06-19,10.0,4.7894736842105265,1012.7,0.0,51.71052631578947,1.300625
2024-06-20,12.0,4.864864864864865,1014.2,0.3,55.15135135135135,1.3816666666666666
2024-06-21,9.0,4.595744680851064,1013.2,0.3,54.46808510638298,1.7727083333333333
2024-06-22,7.0,3.7777777777777777,1012.7,0.0,54.53333333333333,1.8402083333333332
2024-06-23,16.0,4.125,1014.9,0.3,55.734375,1.1968750000000001
2024-06-24,16.0,5.451612903225806,1015.2,0.0,58.516129032258064,2.442083333333333
2024-06-25,8.0,4.653846153846154,1014.0,0.0,53.065384615384616,2.0158333333333336
2024-06-26,12.0,2.634920634920635,1015.3,0.3,53.53650793650794,1.0535416666666666
2024-06-27,15.0,6.266666666666667,1017.6,0.0,56.35333333333333,0.7617021276595745
2024-06-28,15.0,5.083333333333333,1014.2,0.0,54.809999999999995,1.3260416666666666
2024-06-29,13.0,3.2903225806451615,1013.9,0.0,55.54838709677419,1.5997916666666667
2024-06-30,15.0,4.280701754385965,1017.6,0.0,56.06666666666667,1.2329166666666667
2024-07-01,18.0,4.119047619047619,1018.1,0.0,55.64523809523809,3.61375
2024-07-02,15.0,4.071428571428571,1015.1,0.0,57.023809523809526,3.0552083333333333
2024-07-03,12.0,3.46875,1013.7,0.0,58.03125,3.6637500000000003
2024-07-04,11.0,3.32,1013.3,0.0,60.2,5.008125
2024-07-05,7.0,2.769230769230769,1014.6,0.0,63.46923076923077,1.6839583333333332
2024-07-06,7.0,2.25,1011.5,0.0,64.95833333333333,1.1183333333333334
2024-07-07,7.0,2.625,1010.6,0.0,62.166666666666664,1.0204166666666667
2024-07-08,7.0,1.421875,1010.3,0.0,53.984375,1.0527083333333334
2024-07-09,10.0,5.911111111111111,1009.5,0.0,58.09333333333333,1.0902083333333332
2024-07-10,11.0,2.310810810810811,1012.7,0.0,55.81351351351351,1.2527083333333333
2024-07-11,11.0,4.297297297297297,1014.6,0.0,55.86486486486486,2.196875
2024-07-12,9.0,4.230769230769231,1013.8,0.0,54.8974358974359,3.0375
2024-07-13,8.0,4.023809523809524,1012.8,0.0,54.46190476190476,2.685416666666667
2024-07-14,10.0,4.6875,1014.7,0.0,55.36666666666667,1.9672916666666664
2024-07-15,9.0,2.789473684210526,1017.3,0.0,51.87719298245614,1.376875
2024-07-16,7.0,3.6818181818181817,1016.2,0.0,54.695454545454545,1.06125
2024-07-17,8.0,3.730769230769231,1017.2,0.0,58.57692307692308,0.9310416666666667
2024-07-18,12.0,3.36,1019.0,0.0,56.064864864864866,0.90375
2024-07-19,15.0,2.9682539682539684,1020.0,0.0,55.44761904761904,0.89875
2024-07-20,15.0,5.086956521739131,1019.7,0.3,58.9,1.3254166666666667
2024-07-21,16.0,4.842105263157895,1018.4,0.8,58.3421052631579,1.2706250000000001
2024-07-22,12.0,4.607843137254902,1015.7,0.0,57.92549019607843,2.3154166666666667
2024-07-23,12.0,3.8214285714285716,1013.6,0.0,58.214285714285715,3.1033333333333335
2024-07-24,8.0,4.357142857142857,1015.4,0.0,56.107142857142854,2.345625
2024-07-25,10.0,4.428571428571429,1019.9,0.0,56.714285714285715,1.8150000000000002
2024-07-26,9.0,3.6097560975609757,1014.2,0.0,54.356097560975606,2.1577083333333333
2024-07-27,10.0,6.470588235294118,1011.0,0.0,56.32941176470588,1.98625
2024-07-28,9.0,3.59375,1014.4,0.0,57.16875,1.2593750000000001
2024-07-29,10.0,3.40625,1015.6,0.0,57.64375,0.9577083333333333
2024-07-30,13.0,3.1551724137931036,1016.9,0.3,60.13793103448276,0.9133333333333334
2024-07-31,13.0,2.7916666666666665,1015.2,0.0,59.237500000000004,1.0691666666666666
2024-08-01,9.0,3.423076923076923,1015.0,0.0,57.76153846153846,1.1702083333333333
2024-08-02,14.0,4.111111111111111,1018.7,0.0,60.60555555555556,0.9327083333333334
2024-08-03,13.0,4.372881355932203,1016.6,0.0,59.50847457627118,0.9570833333333333
2024-08-04,10.0,5.229166666666667,1015.3,0.0,57.7875,1.2660416666666667
2024-08-05,8.0,3.0555555555555554,1015.8,0.3,57.53888888888889,1.129375
2024-08-06,10.0,3.7419354838709675,1017.6,0.0,57.74193548387097,1.4991666666666665
2024-08-07,8.0,4.296296296296297,1014.6,0.0,55.7037037037037,2.095
2024-08-08,8.0,4.1454545454545455,1013.9,0.0,54.6,1.8047916666666666
2024-08-09,8.0,4.188679245283019,1015.1,0.3,55.320754716981135,1.286875
2024-08-10,10.0,3.4339622641509435,1016.2,0.0,56.70943396226415,0.9860416666666666
2024-08-11,9.0,4.326086956521739,1015.4,0.0,56.321739130434786,1.2152083333333332
2024-08-12,12.0,2.537037037037037,1016.1,0.0,55.94444444444444,1.5141666666666669
2024-08-13,12.0,4.208333333333333,1016.9,0.0,56.5,0.879375
2024-08-14,12.0,2.977777777777778,1018.1,0.0,58.44888888888889,0.75875
2024-08-15,13.0,2.9245283018867925,1020.1,0.0,56.67169811320755,0.8570833333333333
2024-08-16,14.0,5.225806451612903,1015.9,0.0,58.49677419354839,0.785625
2024-08-17,9.0,4.2631578947368425,1010.9,1.5,60.10526315789474,0.700625
2024-08-18,17.0,5.027027027027027,1012.6,0.0,61.0,1.1827083333333335
2024-08-19,12.0,3.5416666666666665,1017.9,0.0,57.208333333333336,0.8893749999999999
2024-08-20,15.0,4.291666666666667,1019.1,0.0,58.833333333333336,0.8564444444444445
2024-08-21,15.0,4.933333333333334,1017.9,0.0,59.86666666666667,0.9364705882352942
2024-08-22,12.0,4.177777777777778,1014.4,1.8,59.15555555555556,0.9309677419354838
2024-08-23,12.0,4.780487804878049,1012.8,30.2,57.46829268292682,1.4028571428571428
2024-08-24,12.0,5.214285714285714,1012.8,3.3,58.989285714285714,1.9112121212121211
2024-08-25,12.0,3.8076923076923075,1020.8,0.0,57.03846153846154,1.1894117647058824
2024-08-26,8.0,3.7142857142857144,1020.4,0.0,56.40408163265307,1.3075
2024-08-27,10.0,4.60377358490566,1018.2,0.0,57.32830188679245,1.1177142857142857
2024-08-28,6.0,3.625,1013.1,0.0,57.458333333333336,5.975937500000001
2024-08-29,8.0,4.677966101694915,1012.8,0.0,55.440677966101696,2.6952380952380954
2024-08-30,8.0,3.013888888888889,1016.6,0.0,53.955555555555556,1.5087878787878788
2024-08-31,7.0,2.306122448979592,1017.4,0.0,52.89795918367347,1.384814814814815
2024-09-01,9.0,2.3666666666666667,1015.3,0.0,58.53333333333333,1.2055555555555555
2024-09-02,16.0,4.5,1014.8,0.0,56.208333333333336,1.165
2024-09-03,11.0,3.8048780487804876,1015.1,0.0,53.99512195121952,1.56
2024-09-04,6.0,2.6666666666666665,1013.4,0.0,60.166666666666664,1.96925
2024-09-05,6.0,1.5783132530120483,1016.2,0.0,54.665060240963854,1.5658139534883722
2024-09-06,8.0,2.4383561643835616,1016.7,0.0,55.96712328767123,4.029268292682927
2024-09-07,6.0,1.6944444444444444,1013.1,0.0,56.355555555555554,1.4854166666666666
2024-09-08,6.0,2.242857142857143,1012.0,0.0,57.08857142857143,3.3422916666666667
2024-09-09,8.0,2.0987654320987654,1012.3,0.0,53.36543209876544,1.3110416666666667
2024-09-10,8.0,2.909090909090909,1012.6,0.0,55.581818181818186,1.5527659574468087
2024-09-11,11.0,4.76595744680851,1012.3,0.8,56.680851063829785,1.1327083333333332
2024-09-12,15.0,2.1931818181818183,1013.0,0.0,54.35454545454545,1.6621428571428571
2024-09-13,13.0,3.4,1011.5,0.0,55.52363636363636,2.3204444444444445
2024-09-14,10.0,4.425,1012.4,0.3,57.035000000000004,1.671521739130435
2024-09-15,17.0,6.549019607843137,1011.8,0.3,57.733333333333334,1.4243750000000002
2024-09-16,13.0,4.571428571428571,1009.9,0.0,55.94285714285714,7.066521739130435
2024-09-17,10.0,4.589743589743589,1012.9,0.5,56.12820512820513,2.305625
2024-09-18,15.0,4.405405405405405,1011.8,0.0,57.81621621621621,1.294375
2024-09-19,10.0,3.389830508474576,1012.6,0.0,54.54137931034483,2.124418604651163
2024-09-20,12.0,2.9846153846153847,1013.4,0.0,53.64545454545454,2.6365116279069767
2024-09-21,12.0,3.3846153846153846,1013.9,0.0,54.34615384615385,5.238139534883721
2024-09-22,9.0,3.3333333333333335,1014.2,0.0,53.541666666666664,4.932558139534883
2024-09-23,6.0,3.2083333333333335,1010.8,0.0,55.041666666666664,4.579791666666667
2024-09-24,6.0,2.0,1008.4,0.0,60.458333333333336,4.293617021276595
2024-09-25,10.0,2.9135802469135803,1008.5,0.0,52.87407407407407,2.2929268292682927
2024-09-26,6.0,2.247191011235955,1013.4,0.0,53.06292134831461,2.7582978723404254
2024-09-27,8.0,3.2758620689655173,1012.8,0.0,52.62068965517241,4.310208333333334
2024-09-28,10.0,4.851351351351352,1010.2,0.0,52.81891891891892,5.324791666666667
2024-09-29,15.0,2.7027027027027026,1015.0,0.0,53.810810810810814,2.5341666666666667
2024-09-30,12.0,3.6666666666666665,1015.0,0.0,52.75,
2024-10-01,10.0,2.84,1014.8,0.0,55.24,
2024-10-02,7.0,2.7916666666666665,1014.3,0.0,52.958333333333336,
2024-10-03,6.0,2.96875,1009.9,0.0,53.65,
2024-10-04,6.0,2.604651162790698,1010.0,0.0,49.33023255813953,
2024-10-05,6.0,2.7916666666666665,1017.3,0.0,53.666666666666664,
2024-10-06,5.0,1.9583333333333333,1015.9,0.0,57.083333333333336,
2024-10-07,8.0,3.5833333333333335,1014.4,0.0,57.333333333333336,
2024-10-08,12.0,1.639344262295082,1015.0,0.3,48.266666666666666,
2024-10-09,9.0,2.872093023255814,1015.0,0.5,54.825581395348834,
2024-10-10,9.0,3.2295081967213113,1016.7,0.0,53.17704918032787,
2024-10-11,7.0,2.9583333333333335,1015.2,4.3,53.791666666666664,
2024-10-12,9.0,3.6363636363636362,1014.3,4.6,59.842424242424244,
2024-10-13,5.0,1.9333333333333333,1019.1,0.0,57.32266666666666,
2024-10-14,7.0,2.388059701492537,1019.5,0.0,54.46865671641791,
2024-10-15,7.0,3.2222222222222223,1018.6,0.0,56.592592592592595,
2024-10-16,13.0,2.0,1016.8,1.8,56.15223880597015,
2024-10-17,17.0,6.125,1016.7,0.0,52.916666666666664,
2024-10-18,16.0,5.083333333333333,1020.4,0.0,48.541666666666664,
2024-10-19,15.0,3.5,1019.9,0.0,52.25,
2024-10-20,10.0,4.813953488372093,1017.4,0.0,56.06976744186046,1.8133333333333335
2024-10-21,9.0,3.090909090909091,1017.3,12.7,53.70454545454545,1.6013043478260869
2024-10-22,9.0,1.7567567567567568,1022.2,0.0,49.054054054054056,1.850625
2024-10-23,16.0,2.980392156862745,1023.2,0.0,47.54117647058823,1.5285416666666667
2024-10-24,11.0,3.7083333333333335,1015.2,0.0,48.125,1.4922916666666666
2024-10-25,8.0,3.2083333333333335,1012.8,0.0,50.916666666666664,1.37625
2024-10-26,11.0,3.4444444444444446,1013.9,1.0,59.7037037037037,2.375
2024-10-27,13.0,4.956521739130435,1017.3,14.5,58.46666666666666,2.479375
2024-10-28,9.0,3.28,1017.1,3.0,52.748000000000005,4.094166666666667
2024-10-29,9.0,3.6538461538461537,1019.1,0.0,46.9076923076923,2.8316666666666666
2024-10-30,19.0,6.34375,1015.8,19.6,49.6875,1.7583333333333335
2024-10-31,12.0,4.9772727272727275,1017.4,0.0,48.790909090909096,3.3093749999999997
2024-11-01,16.0,8.051282051282051,1009.6,19.0,54.95897435897436,3.7237500000000003
2024-11-02,14.0,3.0441176470588234,1008.9,3.3,51.61764705882353,6.923958333333334
2024-11-03,15.0,5.795454545454546,1018.1,0.3,52.74545454545455,5.012083333333334
2024-11-04,8.0,2.611111111111111,1024.8,0.0,50.19444444444444,4.114583333333333
2024-11-05,15.0,2.411764705882353,1024.2,0.0,49.7764705882353,3.2552083333333335
2024-11-06,12.0,4.739130434782608,1017.8,0.0,51.833333333333336,2.920208333333333
2024-11-07,7.0,2.6666666666666665,1017.7,0.0,50.625,1.6287500000000001
2024-11-08,6.0,2.375,1018.9,0.0,48.541666666666664,3.8041666666666667
2024-11-09,6.0,2.5,1015.4,0.0,46.791666666666664,6.67625
2024-11-10,8.0,4.375,1012.4,0.0,55.166666666666664,4.763541666666667
2024-11-11,19.0,9.162162162162161,1008.5,23.6,54.47027027027027,2.358125
2024-11-12,11.0,5.566666666666666,1018.2,0.0,51.093333333333334,4.817916666666666
2024-11-13,17.0,10.194444444444445,1010.2,33.5,54.62222222222223,5.876041666666667
2024-11-14,11.0,4.423076923076923,1014.6,17.8,51.65384615384615,4.474166666666666
2024-11-15,13.0,3.675,1016.9,0.0,44.45,8.601041666666667
2024-11-16,13.0,4.24,1019.2,0.0,42.48,3.0418749999999997
2024-11-17,16.0,6.698412698412699,1015.3,6.4,52.304761904761904,1.9679166666666665
2024-11-18,13.0,4.75,1016.9,3.3,45.28125,10.236666666666666
2024-11-19,17.0,10.958333333333334,1008.3,5.1,47.125,4.041875
2024-11-20,22.0,8.212765957446809,1004.1,52.8,51.05957446808511,5.043958333333333
2024-11-21,10.0,4.108433734939759,1009.2,53.8,51.893975903614454,4.7525
2024-11-22,22.0,11.5,1003.5,7.6,58.15263157894737,2.887916666666667
2024-11-23,13.0,5.916666666666667,1008.0,8.9,49.18333333333334,2.6
2024-11-24,18.0,8.0,1009.8,12.2,49.3448275862069,1.8552083333333333
2024-11-25,18.0,9.090909090909092,1011.4,24.6,51.18181818181818,2.0500000000000003
2024-11-26,10.0,5.285714285714286,1014.7,3.3,49.18857142857143,1.4520833333333334
2024-11-27,8.0,3.5416666666666665,1021.6,0.0,42.333333333333336,1.1604255319148935
2024-11-28,6.0,3.1538461538461537,1021.6,0.0,41.24615384615385,1.3178260869565217
2024-11-29,7.0,3.7916666666666665,1021.5,0.0,40.375,0.96625
2024-11-30,5.0,2.875,1020.6,0.0,40.0,1.2768085106382978
2024-12-01,4.0,2.3214285714285716,1020.5,0.0,42.82142857142857,1.883125
2024-12-02,5.0,2.0833333333333335,1021.5,0.0,46.333333333333336,1.9202083333333333
2024-12-03,4.0,2.2916666666666665,1021.7,0.0,44.75,1.7131111111111113
2024-12-04,6.0,2.16,1022.7,0.3,43.324,1.4695833333333335
2024-12-05,7.0,2.5,1023.9,2.5,48.31111111111112,1.7437500000000001
2024-12-06,10.0,3.1923076923076925,1023.7,0.0,46.15384615384615,1.8070833333333332
2024-12-07,12.0,3.325,1022.1,0.8,48.339999999999996,1.8114583333333334
2024-12-08,12.0,4.258064516129032,1024.4,0.0,49.145161290322584,2.3502127659574468
2024-12-09,5.0,1.8333333333333333,1023.5,0.0,42.75,3.185
2024-12-10,10.0,4.36,1024.0,0.0,44.04,2.038125
2024-12-11,9.0,3.25,1011.9,13.5,46.583333333333336,2.573541666666667
2024-12-12,16.0,9.216216216216216,1006.2,15.0,48.76216216216216,5.183541666666667
2024-12-13,21.0,8.727272727272727,1004.6,34.8,48.72727272727273,4.047083333333333
2024-12-14,24.0,6.9818181818181815,1003.8,12.2,50.49454545454545,4.019166666666666
2024-12-15,9.0,4.931034482758621,1019.7,1.5,44.46896551724138,3.765625
2024-12-16,16.0,7.730769230769231,1014.7,10.9,50.69230769230769,2.4658333333333333
2024-12-17,10.0,6.297297297297297,1018.0,0.0,52.913513513513514,3.5591666666666666
2024-12-18,10.0,3.8048780487804876,1024.4,1.8,52.66829268292683,2.8735416666666667
2024-12-19,9.0,1.6721311475409837,1017.2,0.0,50.7672131147541,2.817083333333333
2024-12-20,9.0,3.2333333333333334,1015.3,0.0,52.11612903225806,2.325833333333333
2024-12-21,19.0,8.461538461538462,1008.1,13.5,55.53076923076923,3.0414583333333334
2024-12-22,15.0,6.653846153846154,1012.9,7.4,55.92307692307692,4.715208333333334
2024-12-23,15.0,3.74,1012.9,40.9,52.852,7.605
2024-12-24,18.0,8.205882352941176,1010.9,10.9,54.55294117647059,4.8175
2024-12-25,12.0,5.423076923076923,1018.2,3.3,45.92307692307692,4.1154166666666665
2024-12-26,21.0,12.323529411764707,1012.1,15.5,53.205882352941174,5.037708333333334
2024-12-27,20.0,8.412698412698413,1005.8,8.6,53.69206349206349,5.10375
2024-12-28,12.0,5.018518518518518,1014.1,11.9,54.81111111111112,5.29125
2024-12-29,18.0,9.658227848101266,1011.6,41.9,53.832911392405066,4.725833333333333
2024-12-30,13.0,4.678571428571429,1022.7,0.5,44.214285714285715,2.851875
2024-12-31,7.0,3.3,1023.4,3.3,40.693333333333335,4.352083333333334
2025-01-01,16.0,10.0,1018.5,16.3,49.040909090909096,
2025-01-02,9.0,5.097560975609756,1016.8,7.6,55.58536585365854,
2025-01-03,23.0,7.620689655172414,1010.9,43.4,53.42068965517242,
2025-01-04,14.0,7.285714285714286,1016.2,4.1,47.96734693877551,
2025-01-05,13.0,6.875,1024.8,4.8,53.8125,
2025-01-06,10.0,4.047058823529412,1024.4,2.3,53.44941176470588,
2025-01-07,9.0,1.9873417721518987,1025.1,0.0,45.005063291139244,
2025-01-08,6.0,2.4444444444444446,1024.9,0.0,48.08461538461539,
2025-01-09,6.0,2.033333333333333,1023.5,0.0,50.266666666666666,
2025-01-10,12.0,3.8372093023255816,1024.7,0.0,48.13953488372093,
2025-01-11,18.0,9.277777777777779,1030.4,0.0,49.09444444444445,
2025-01-12,11.0,5.333333333333333,1025.8,0.0,44.5,
2025-01-13,14.0,4.0,1025.0,0.0,43.903999999999996,
2025-01-14,6.0,2.7083333333333335,1026.3,0.0,43.625,
2025-01-15,7.0,3.4411764705882355,1024.1,0.0,45.5,
2025-01-16,9.0,2.972972972972973,1022.0,0.0,42.75675675675676,
2025-01-17,9.0,3.2162162162162162,1022.3,0.0,45.394594594594594,
2025-01-18,6.0,3.064516129032258,1024.4,0.0,39.774193548387096,
2025-01-19,7.0,2.2777777777777777,1024.6,0.0,41.451851851851856,
2025-01-20,7.0,2.375,1024.0,0.0,42.791666666666664,
2025-01-21,7.0,3.875,1026.8,0.0,42.666666666666664,
2025-01-22,4.0,2.1666666666666665,1029.2,0.0,40.833333333333336,
2025-01-23,7.0,2.3333333333333335,1026.1,0.0,43.666666666666664,
2025-01-24,14.0,4.193548387096774,1018.7,0.0,44.61290322580645,
2025-01-25,18.0,7.576923076923077,1010.7,0.0,45.11538461538461,
2025-01-26,8.0,4.333333333333333,1011.2,0.0,47.416666666666664,
2025-01-27,8.0,3.625,1020.3,0.0,42.833333333333336,
2025-01-28,5.0,2.76,1019.4,0.0,40.72,
2025-01-29,7.0,2.71875,1019.3,0.0,42.91875,
2025-01-30,6.0,3.78125,1021.7,0.0,43.65625,
2025-01-31,13.0,8.136363636363637,1015.9,18.5,50.71363636363637,
2025-02-01,12.0,6.149253731343284,1014.8,24.1,51.800000000000004,
2025-02-02,7.0,3.3529411764705883,1012.2,15.5,47.29019607843138,
2025-02-03,12.0,4.051282051282051,1007.3,38.1,41.02564102564103,
2025-02-04,9.0,3.857142857142857,1006.5,5.1,38.32,
2025-02-05,15.0,6.5625,1007.3,3.0,39.96875,
2025-02-06,7.0,3.8461538461538463,1004.2,6.9,42.61538461538461,
2025-02-07,13.0,4.027027027027027,1003.7,1.8,42.22162162162162,
2025-02-08,11.0,5.541666666666667,1027.3,0.3,40.333333333333336,
2025-02-09,15.0,5.375,1025.5,0.0,40.291666666666664,
2025-02-10,14.0,5.75,1022.2,0.0,39.833333333333336,
2025-02-11,9.0,3.5833333333333335,1016.4,0.0,36.541666666666664,
2025-02-12,8.0,2.9583333333333335,1006.7,1.5,37.0,
2025-02-13,19.0,10.170212765957446,989.2,38.6,49.93191489361703,
2025-02-14,20.0,10.537037037037036,995.4,4.8,49.148148148148145,
2025-02-15,8.0,3.3333333333333335,1025.2,6.6,43.166666666666664,
2025-02-16,15.0,8.783783783783784,1017.7,5.8,50.94736842105263,
2025-02-17,16.0,6.053333333333334,1018.0,3.3,49.736,
2025-02-18,6.0,2.413793103448276,1020.9,0.0,49.0,
2025-02-19,14.0,6.74468085106383,1016.4,15.5,50.94893617021276,
2025-02-20,15.0,4.411764705882353,1024.6,0.0,45.970588235294116,
2025-02-21,8.0,2.5,1021.0,0.0,45.958333333333336,
2025-02-22,9.0,2.977272727272727,1022.4,4.1,49.76363636363636,
2025-02-23,15.0,9.0,1021.7,14.0,56.53846153846154,
2025-02-24,24.0,8.74,1015.7,1.5,56.388000000000005,
2025-02-25,19.0,7.645161290322581,1019.5,0.0,51.66451612903226,
2025-02-26,12.0,3.5416666666666665,1018.3,0.0,48.333333333333336,
2025-02-27,7.0,3.4583333333333335,1018.4,0.0,48.125,
2025-02-28,7.0,2.681318681318681,1014.9,0.0,46.61978021978022,
2025-03-01,11.0,3.6857142857142855,1013.9,10.9,48.32857142857143,
2025-03-02,13.0,6.050632911392405,1014.4,15.2,48.58987341772152,
2025-03-03,15.0,4.014084507042254,1019.9,1.5,47.58028169014084,
2025-03-04,7.0,3.119047619047619,1021.7,2.8,48.68571428571428,
2025-03-05,8.0,2.95,1013.8,0.3,47.239999999999995,
2025-03-06,18.0,5.155555555555556,1011.4,2.5,45.68888888888889,
2025-03-07,15.0,4.933333333333334,1017.0,0.0,46.973333333333336,
2025-03-08,11.0,3.032258064516129,1024.0,0.0,42.645161290322584,
2025-03-09,7.0,3.0,1019.1,0.0,46.53548387096774,
2025-03-10,14.0,4.2,1012.9,0.0,47.72,
2025-03-11,10.0,3.6296296296296298,1007.7,0.0,45.592592592592595,
2025-03-12,12.0,6.666666666666667,996.6,43.4,48.729032258064514,
2025-03-13,19.0,6.326530612244898,999.1,8.4,42.57551020408163,
2025-03-14,22.0,10.088235294117647,1000.0,25.4,46.45294117647059,
2025-03-15,15.0,7.0476190476190474,1009.6,2.8,47.10952380952381,
2025-03-16,25.0,12.338983050847459,1007.4,28.2,52.250847457627124,
2025-03-17,20.0,8.44186046511628,1011.1,20.1,47.972727272727276,
2025-03-18,17.0,6.161290322580645,1021.6,0.0,45.08387096774193,
2025-03-19,20.0,7.875,1018.7,12.7,45.708333333333336,
2025-03-20,13.0,6.738095238095238,1022.9,2.5,46.50952380952381,
2025-03-21,10.0,6.425531914893617,1021.7,17.5,48.795744680851065,
2025-03-22,12.0,6.037037037037037,1021.2,5.1,50.888888888888886,
2025-03-23,11.0,3.6527777777777777,1022.4,0.0,49.37777777777777,
2025-03-24,9.0,2.4246575342465753,1020.3,0.0,48.01643835616438,
2025-03-25,8.0,2.75,1013.0,0.0,52.9625,
2025-03-26,18.0,4.65,1008.0,6.6,53.75,
2025-03-27,23.0,12.885714285714286,1008.5,20.1,52.371428571428574,
2025-03-28,18.0,10.090909090909092,1010.0,8.6,50.41818181818182,
2025-03-29,10.0,4.535714285714286,1015.7,0.5,46.714285714285715,
2025-03-30,24.0,8.074074074074074,1000.5,15.5,50.51851851851852,
2025-03-31,22.0,9.297872340425531,1007.6,21.1,47.672340425531914,
2025-04-01,17.0,8.672413793103448,1010.2,12.2,47.69655172413793,
2025-04-02,18.0,8.741935483870968,1014.8,7.1,47.354838709677416,
2025-04-03,17.0,7.444444444444445,1015.8,0.0,47.983333333333334,
2025-04-04,13.0,5.038461538461538,1019.4,0.0,48.19230769230769,
2025-04-05,8.0,3.5454545454545454,1024.3,0.0,50.375757575757575,
2025-04-06,10.0,3.4814814814814814,1020.1,12.4,51.370370370370374,
2025-04-07,13.0,7.5777777777777775,1018.2,5.3,52.23181818181818,
2025-04-08,8.0,4.428571428571429,1021.0,0.0,50.535714285714285,
2025-04-09,11.0,3.576923076923077,1022.7,0.0,50.19230769230769,
2025-04-10,11.0,4.484848484848484,1021.6,0.5,51.88484848484848,
2025-04-11,17.0,5.37037037037037,1023.6,0.3,53.56666666666666,
2025-04-12,16.0,9.470588235294118,1020.8,0.0,51.0,
2025-04-13,15.0,5.291666666666667,1016.1,0.0,48.916666666666664,
2025-04-14,7.0,3.25,1014.2,0.0,51.166666666666664,
2025-04-15,10.0,3.26,1014.6,0.0,49.028,
2025-04-16,15.0,5.0,1014.2,0.0,50.88235294117647,
2025-04-17,14.0,5.321428571428571,1013.5,0.0,50.25,
2025-04-18,7.0,3.9722222222222223,1015.4,0.0,49.083333333333336,
2025-04-19,18.0,6.916666666666667,1017.9,0.0,51.416666666666664,
2025-04-20,20.0,5.967741935483871,1021.4,0.0,50.63225806451613,
2025-04-21,17.0,6.121212121212121,1018.6,0.0,51.03030303030303,
2025-04-22,17.0,6.071428571428571,1016.4,0.0,48.25,
2025-04-23,13.0,5.242424242424242,1014.6,0.0,47.696969696969695,
2025-04-24,13.0,4.901960784313726,1015.5,0.3,50.17254901960785,
2025-04-25,10.0,6.035714285714286,1013.0,6.1,49.32142857142857,
2025-04-26,12.0,4.954545454545454,1013.2,5.3,49.33939393939394,
2025-04-27,15.0,6.951219512195122,1013.5,0.0,49.33170731707317,
2025-04-28,17.0,6.111111111111111,1022.0,0.0,49.77777777777778,
2025-04-29,15.0,5.363636363636363,1021.0,0.0,49.81212121212121,
2025-04-30,12.0,4.305555555555555,1017.0,0.0,51.0,
2025-05-01,12.0,4.416666666666667,1014.9,0.0,48.208333333333336,
2025-05-02,8.0,3.15,1015.5,0.0,49.125,
2025-05-03,18.0,10.953488372093023,1018.2,2.0,51.41860465116279,
2025-05-04,18.0,8.6,1015.9,0.0,48.92,
2025-05-05,17.0,6.416666666666667,1013.1,0.0,51.375,
2025-05-06,11.0,4.666666666666667,1012.9,0.0,52.51851851851852,
2025-05-07,13.0,4.931818181818182,1015.1,0.0,51.54545454545455,
2025-05-08,11.0,4.359375,1021.0,0.0,50.0125,
2025-05-09,11.0,4.0,1020.3,0.0,49.17857142857143,
2025-05-10,13.0,3.225,1018.1,0.0,49.235,
2025-05-11,16.0,5.410256410256411,1012.2,11.7,50.96410256410256,
2025-05-12,16.0,7.7272727272727275,1008.9,1.5,51.86818181818182,
2025-05-13,16.0,5.410256410256411,1014.1,0.0,50.82051282051282,
2025-05-14,15.0,6.17948717948718,1021.7,0.0,52.45128205128205,
2025-05-15,17.0,5.886363636363637,1020.3,0.0,52.66818181818182,
2025-05-16,16.0,5.4,1017.5,0.0,49.03333333333333,
2025-05-17,17.0,6.333333333333333,1015.9,0.5,52.25098039215687,
2025-05-18,18.0,8.205882352941176,1019.9,0.0,53.21764705882353,
2025-05-19,10.0,4.105263157894737,1023.7,0.0,54.473684210526315,
2025-05-20,17.0,8.9375,1024.2,0.0,54.21875,
2025-05-21,15.0,6.055555555555555,1019.8,0.0,51.44444444444444,
2025-05-22,16.0,5.947368421052632,1018.8,0.0,50.94210526315789,
2025-05-23,19.0,6.53125,1018.3,0.0,51.15625,
2025-05-24,16.0,5.148148148148148,1018.2,0.0,51.333333333333336,
2025-05-25,9.0,3.3225806451612905,1018.4,0.0,53.935483870967744,
2025-05-26,17.0,6.64,1018.5,0.0,54.12,
2025-05-27,13.0,4.7,1014.9,0.0,52.86666666666667,
2025-05-28,11.0,3.638888888888889,1015.2,0.0,54.95,
2025-05-29,18.0,7.851851851851852,1018.8,0.0,54.333333333333336,
2025-05-30,18.0,5.711538461538462,1019.1,0.0,53.573076923076925,
2025-05-31,14.0,4.241379310344827,1017.9,0.0,55.37931034482759,
2025-06-01,18.0,5.121951219512195,1012.9,0.0,55.609756097560975,
2025-06-02,19.0,6.419354838709677,1012.4,0.0,55.483870967741936,
2025-06-03,18.0,5.814814814814815,1015.6,0.0,54.81481481481482,
2025-06-04,18.0,8.5,1014.5,0.0,57.791666666666664,
2025-06-05,15.0,4.538461538461538,1012.5,0.0,51.65128205128205,
2025-06-06,10.0,5.020833333333333,1012.6,0.0,51.04583333333333,
2025-06-07,8.0,3.126984126984127,1014.6,0.0,49.628571428571426,
2025-06-08,6.0,1.9696969696969697,1016.1,0.0,50.0,
2025-06-09,7.0,2.4864864864864864,1014.8,0.0,50.983783783783785,
2025-06-10,8.0,4.226415094339623,1015.0,0.0,52.78867924528302,
2025-06-11,11.0,3.0232558139534884,1017.2,0.0,52.269767441860466,
2025-06-12,10.0,3.85,1016.2,0.0,53.04,
2025-06-13,17.0,6.275862068965517,1015.6,0.0,53.86206896551724,
2025-06-14,17.0,6.78125,1017.1,0.0,50.86875,
2025-06-15,15.0,4.636363636363637,1018.6,0.0,48.42424242424242,
2025-06-16,16.0,5.517241379310345,1019.0,0.0,52.37931034482759,
2025-06-17,17.0,5.827586206896552,1019.1,0.0,51.833333333333336,
2025-06-18,18.0,7.606060606060606,1018.3,0.0,56.121212121212125,
2025-06-19,15.0,6.6571428571428575,1015.2,0.0,54.6,
2025-06-20,10.0,5.161290322580645,1016.5,1.8,53.774193548387096,
2025-06-21,17.0,3.8461538461538463,1018.8,0.0,53.28717948717948,
2025-06-22,17.0,5.9523809523809526,1019.9,0.0,53.55714285714286,
2025-06-23,13.0,4.37037037037037,1016.2,0.0,52.644444444444446,
2025-06-24,11.0,3.4324324324324325,1015.2,0.0,54.5027027027027,
2025-06-25,16.0,6.2,1018.0,0.0,55.7235294117647,
2025-06-26,18.0,7.448275862068965,1018.5,0.0,55.89655172413793,
2025-06-27,19.0,7.4,1017.7,0.0,55.88666666666666,
2025-06-28,14.0,4.880952380952381,1017.4,0.0,55.44285714285714,
2025-06-29,6.0,3.2972972972972974,1014.4,0.0,55.65405405405405,
2025-06-30,10.0,3.8043478260869565,1011.7,0.0,54.28695652173913,
2025-07-01,10.0,3.9516129032258065,1011.7,0.3,53.99677419354839,
2025-07-02,10.0,5.177777777777778,1014.0,0.0,54.342222222222226,
2025-07-03,9.0,4.571428571428571,1015.3,0.0,52.885714285714286,
2025-07-04,9.0,3.673076923076923,1017.2,0.3,53.65384615384615,
2025-07-05,10.0,5.257142857142857,1021.8,0.0,55.31428571428572,
2025-07-06,9.0,4.0588235294117645,1014.9,0.0,54.59411764705882,
2025-07-07,9.0,4.2105263157894735,1011.8,0.0,53.642105263157895,
2025-07-08,13.0,4.975609756097561,1015.6,0.3,54.26829268292683,
2025-07-09,11.0,4.512820512820513,1021.4,0.0,54.50769230769231,
2025-07-10,12.0,3.6136363636363638,1018.9,0.0,55.49090909090909,
2025-07-11,9.0,3.0217391304347827,1015.7,0.0,55.608695652173914,
2025-07-12,13.0,3.90625,1013.1,0.0,56.53125,
2025-07-13,10.0,5.066666666666666,1014.8,0.0,55.73777777777777,
2025-07-14,9.0,2.9183673469387754,1013.6,0.0,54.25714285714285,
2025-07-15,12.0,7.666666666666667,1012.8,0.0,57.27272727272727,
2025-07-16,11.0,5.161290322580645,1012.0,0.0,54.354838709677416,
2025-07-17,8.0,3.5384615384615383,1013.4,0.0,55.0974358974359,
2025-07-18,8.0,3.021276595744681,1014.6,0.0,53.82127659574468,
2025-07-19,10.0,2.358974358974359,1017.1,0.0,53.13589743589744,
2025-07-20,12.0,5.176470588235294,1016.3,0.0,56.08235294117647,
2025-07-21,12.0,3.642857142857143,1015.0,0.0,57.62380952380952,
2025-07-22,9.0,4.8,1014.2,0.0,57.544,
2025-07-23,10.0,4.117647058823529,1015.3,0.0,56.588235294117645,
2025-07-24,8.0,3.1739130434782608,1018.2,0.0,55.69130434782609,
2025-07-25,11.0,4.717948717948718,1016.6,0.0,57.31282051282051,
2025-07-26,9.0,3.825,1015.8,0.0,57.17,
2025-07-27,13.0,4.592592592592593,1016.5,0.0,57.592592592592595,
2025-07-28,13.0,4.6,1017.8,0.0,56.6,
2025-07-29,15.0,6.037037037037037,1020.2,0.0,58.733333333333334,
2025-07-30,11.0,5.114285714285714,1018.0,0.0,59.371428571428574,
2025-07-31,13.0,5.2,1017.6,0.5,58.261818181818185,
2025-08-01,13.0,4.322033898305085,1020.4,0.0,57.58305084745763,
2025-08-02,12.0,4.428571428571429,1022.7,0.3,57.22857142857143,
2025-08-03,14.0,4.222222222222222,1022.0,0.0,57.25,
2025-08-04,15.0,5.178571428571429,1019.3,0.0,57.142857142857146,
2025-08-05,14.0,5.333333333333333,1019.0,0.0,56.583333333333336,
2025-08-06,15.0,4.806451612903226,1020.4,0.0,59.148387096774194,
2025-08-07,15.0,5.790123456790123,1019.3,0.0,61.63456790123456,
2025-08-08,8.0,4.178571428571429,1014.5,0.0,58.107142857142854,
2025-08-09,10.0,4.7272727272727275,1012.8,0.0,62.121212121212125,
2025-08-10,9.0,3.725,1012.1,0.0,56.54,
2025-08-11,6.0,1.7777777777777777,1016.6,0.0,53.67301587301588,
2025-08-12,7.0,2.0985915492957745,1014.7,0.0,54.89577464788732,
2025-08-13,9.0,2.6470588235294117,1014.7,0.3,55.32156862745098,
2025-08-14,15.0,3.6551724137931036,1015.7,0.0,58.327586206896555,
2025-08-15,13.0,4.311111111111111,1017.0,0.0,57.879999999999995,
2025-08-16,15.0,3.640449438202247,1016.1,0.8,62.60674157303371,
2025-08-17,10.0,4.305084745762712,1017.2,0.0,59.52881355932203,
2025-08-18,10.0,2.6545454545454548,1017.0,0.0,56.11636363636364,
2025-08-19,14.0,4.733333333333333,1019.0,0.0,58.333333333333336,
2025-08-20,14.0,6.088235294117647,1020.7,0.0,59.5,
2025-08-21,8.0,4.685714285714286,1015.6,0.0,58.70285714285714,
2025-08-22,6.0,2.1702127659574466,1012.8,0.0,56.53617021276595,
2025-08-23,10.0,3.8333333333333335,1012.7,0.0,56.515151515151516,
2025-08-24,7.0,3.7846153846153845,1013.4,0.3,56.696875,
2025-08-25,8.0,2.5254237288135593,1012.3,0.0,56.693103448275856,
2025-08-26,14.0,6.195652173913044,1012.4,0.0,58.80869565217391,
2025-08-27,9.0,5.3,1015.2,0.0,59.355,
2025-08-28,8.0,2.5757575757575757,1017.6,0.0,60.24848484848485,
2025-08-29,11.0,3.740740740740741,1018.0,0.0,57.22222222222222,
2025-08-30,9.0,2.7333333333333334,1017.8,0.0,54.986666666666665,
2025-08-31,8.0,2.75,1017.1,0.0,55.635000000000005,
2025-09-01,9.0,3.8536585365853657,1016.6,0.0,56.985365853658536,
2025-09-02,10.0,3.980769230769231,1014.8,0.0,56.184615384615384,
2025-09-03,8.0,3.5254237288135593,1015.2,0.0,56.3728813559322,
2025-09-04,10.0,5.466666666666667,1012.4,0.5,58.64,
2025-09-05,9.0,5.212765957446808,1012.0,0.3,57.680851063829785,
2025-09-06,8.0,2.3823529411764706,1012.8,0.0,60.35294117647059,
2025-09-07,7.0,2.566666666666667,1016.9,0.0,59.833333333333336,
2025-09-08,8.0,2.347826086956522,1014.3,12.4,59.08695652173913,
2025-09-09,7.0,2.30188679245283,1013.1,7.9,62.890566037735844,
2025-09-10,6.0,2.4761904761904763,1012.0,0.0,59.44761904761905,
2025-09-11,11.0,3.9245283018867925,1013.7,0.0,59.83018867924528,
2025-09-12,9.0,4.761904761904762,1016.7,0.0,58.65714285714286,
2025-09-13,7.0,2.763157894736842,1015.2,0.3,58.15263157894737,
2025-09-14,13.0,5.23404255319149,1013.4,0.5,61.75217391304348,
2025-09-15,14.0,2.6842105263157894,1013.3,0.0,57.203508771929826,
2025-09-16,6.0,2.2916666666666665,1012.4,0.0,59.416666666666664,
2025-09-17,9.0,3.3793103448275863,1015.5,0.5,58.648275862068964,
2025-09-18,6.0,3.3181818181818183,1010.6,0.3,57.93636363636363,
2025-09-19,10.0,3.327272727272727,1009.6,5.3,57.665454545454544,
2025-09-20,7.0,3.2448979591836733,1014.5,1.8,59.0734693877551,
2025-09-21,12.0,4.0,1015.8,0.0,58.032,
2025-09-22,14.0,3.309090909090909,1012.9,0.0,56.49090909090909,
2025-09-23,6.0,3.125,1011.4,0.0,59.375,
2025-09-24,8.0,4.758620689655173,1011.8,0.0,59.3448275862069,
2025-09-25,9.0,3.435483870967742,1016.5,0.0,57.729032258064514,
2025-09-26,11.0,3.5416666666666665,1013.1,0.0,53.958333333333336,
2025-09-27,12.0,5.945945945945946,1009.0,0.0,55.67567567567568,
2025-09-28,8.0,4.512820512820513,1010.5,0.0,57.1025641025641,
2025-09-29,11.0,5.4186046511627906,1009.5,21.1,59.37674418604651,
2025-09-30,15.0,5.228571428571429,1010.5,1.8,58.42285714285714,
2025-10-01,13.0,4.393939393939394,1012.0,1.0,60.7030303030303,
2025-10-02,9.0,3.135135135135135,1016.2,0.0,58.91891891891892,
2025-10-03,14.0,3.375,1017.6,0.0,54.425,
2025-10-04,17.0,5.393939393939394,1016.6,0.0,55.66060606060606,
2025-10-05,16.0,3.0784313725490198,1010.2,0.0,53.92941176470588,
2025-10-06,8.0,2.8333333333333335,1010.1,0.0,59.041666666666664,
2025-10-07,7.0,2.5833333333333335,1011.2,0.0,59.083333333333336,
2025-10-08,7.0,3.15625,1010.1,0.0,52.475,
2025-10-09,6.0,1.875,1011.7,0.0,50.458333333333336,
2025-10-10,11.0,5.25,1012.0,16.3,53.607142857142854,
2025-10-11,9.0,5.0,1013.8,0.0,54.03333333333333,
2025-10-12,10.0,3.0833333333333335,1014.0,1.5,50.47222222222222,
2025-10-13,13.0,4.326923076923077,1001.4,19.6,50.41153846153846,
2025-10-14,9.0,4.416666666666667,1001.4,0.0,50.458333333333336,
2025-10-15,9.0,5.586206896551724,1010.4,0.0,54.689655172413794,
2025-10-16,15.0,3.5416666666666665,1019.0,0.0,51.041666666666664,
2025-10-17,7.0,2.411764705882353,1017.8,0.0,50.01714285714286,
2025-10-18,9.0,3.694915254237288,1017.3,0.0,53.02033898305084,
2025-10-19,13.0,2.8028169014084505,1017.9,1.0,51.904225352112675,
2025-10-20,11.0,3.4210526315789473,1019.3,0.3,52.06315789473685,
2025-10-21,6.0,2.34375,1014.9,0.0,55.85,
2025-10-22,10.0,2.782608695652174,1014.6,0.0,54.42173913043479,
2025-10-23,7.0,1.2941176470588236,1020.3,0.0,53.6078431372549,
2025-10-24,12.0,5.071428571428571,1015.0,9.9,55.438095238095244,
2025-10-25,18.0,6.634920634920635,1010.5,17.5,56.87619047619047,
2025-10-26,10.0,5.407407407407407,1013.7,17.8,52.74074074074074,
2025-10-27,11.0,4.12,1019.1,0.0,47.72,
2025-10-28,7.0,3.4166666666666665,1022.0,0.0,48.958333333333336,
2025-10-29,7.0,2.864864864864865,1021.8,0.0,53.24324324324324,
2025-10-30,6.0,3.347826086956522,1018.4,0.0,51.49565217391305,
2025-10-31,9.0,3.1463414634146343,1019.8,0.0,53.21951219512195,
2025-11-01,9.0,4.228571428571429,1019.5,6.9,54.68571428571428,
2025-11-02,8.0,3.3181818181818183,1018.4,0.0,52.9030303030303,
2025-11-03,9.0,3.314814814814815,1013.7,9.7,51.422222222222224,
2025-11-04,11.0,3.6122448979591835,1008.4,7.9,57.08571428571428,
2025-11-05,22.0,12.866666666666667,1002.9,30.2,60.0,
2025-11-06,11.0,6.535714285714286,1016.7,12.2,59.00714285714286,
2025-11-07,14.0,3.88,1019.8,0.0,56.81066666666667,
2025-11-08,6.0,2.4615384615384617,1016.8,0.0,51.69230769230769,
2025-11-09,6.0,1.7692307692307692,1016.3,0.0,53.61538461538461,
2025-11-10,6.0,1.5510204081632653,1021.2,0.0,52.224489795918366,
2025-11-11,6.0,1.2526315789473683,1015.2,0.0,51.59157894736842,
2025-11-12,20.0,3.656716417910448,1007.5,0.5,53.474626865671645,
2025-11-13,24.0,10.25,999.9,16.8,61.892857142857146,
2025-11-14,13.0,6.5,1006.2,0.0,56.458333333333336,
2025-11-15,12.0,3.5,1008.6,0.0,52.166666666666664,
2025-11-16,10.0,4.760869565217392,1003.6,28.4,53.19565217391305,
2025-11-17,21.0,11.39655172413793,1002.2,6.6,52.45862068965517,
2025-11-18,10.0,2.5,1011.1,0.0,48.35454545454545,
2025-11-19,14.0,5.178571428571429,1012.6,14.2,49.199999999999996,
2025-11-20,13.0,5.214285714285714,1010.7,4.3,49.27619047619047,
2025-11-21,14.0,5.035714285714286,1017.7,0.0,48.0,
2025-11-22,10.0,3.5714285714285716,1019.2,0.0,46.628571428571426,
2025-11-23,6.0,3.066666666666667,1019.5,0.0,48.266666666666666,
2025-11-24,13.0,3.0930232558139537,1022.9,0.3,50.348837209302324,
2025-11-25,6.0,3.0,1024.3,0.0,44.916666666666664,
2025-11-26,5.0,1.84375,1023.8,0.0,46.225806451612904,
2025-11-27,6.0,2.6923076923076925,1021.4,1.3,47.06923076923077,
